nohup: ignoring input
============================================================
Step 1: Loading data
============================================================
Loaded 5018 completions with 5000 points from Point_Diffusion_Refinement/pointnet2/realpc_dataloader/data/realpc_dataset/generated_samples/T1000_betaT0.02_realpc_completion_5000/refine_exp_ckpt_94149_standard_attention_10_trials/pointnet_ckpt_18829_best_cd/test/realpc_generated_data_5000pts.h5
Loaded 5018 GT entries (193 objects × 26 scans) from realpc/difficult/test/complete

============================================================
Step 2: Gaussian noise (skipped)
============================================================

Noise:   0%|          | 0/5018 [00:00<?, ?it/s]
Noise:  12%|█▏        | 614/5018 [00:00<00:00, 6139.55it/s]
Noise:  24%|██▍       | 1228/5018 [00:00<00:00, 6119.71it/s]
Noise:  37%|███▋      | 1840/5018 [00:00<00:00, 6114.56it/s]
Noise:  49%|████▉     | 2452/5018 [00:00<00:00, 6023.34it/s]
Noise:  61%|██████    | 3057/5018 [00:00<00:00, 6031.47it/s]
Noise:  73%|███████▎  | 3661/5018 [00:00<00:00, 5337.71it/s]
Noise:  85%|████████▍ | 4249/5018 [00:00<00:00, 5497.58it/s]
Noise:  97%|█████████▋| 4846/5018 [00:00<00:00, 5638.06it/s]
Noise: 100%|██████████| 5018/5018 [00:00<00:00, 5749.89it/s]

============================================================
Step 3+4: PPSurf (res=129) → 5000 pts
============================================================

PPSurf + Mesh→PC:   0%|          | 0/5018 [00:00<?, ?it/s]
PPSurf + Mesh→PC:   0%|          | 1/5018 [00:07<10:35:06,  7.60s/it]
PPSurf + Mesh→PC:   0%|          | 2/5018 [00:15<10:42:36,  7.69s/it]
PPSurf + Mesh→PC:   0%|          | 3/5018 [00:23<10:54:10,  7.83s/it]
PPSurf + Mesh→PC:   0%|          | 4/5018 [00:30<10:30:33,  7.55s/it]
PPSurf + Mesh→PC:   0%|          | 5/5018 [00:37<10:28:25,  7.52s/it]
PPSurf + Mesh→PC:   0%|          | 6/5018 [00:45<10:27:08,  7.51s/it]
PPSurf + Mesh→PC:   0%|          | 7/5018 [00:53<10:55:15,  7.85s/it]
PPSurf + Mesh→PC:   0%|          | 8/5018 [01:02<11:08:10,  8.00s/it]
PPSurf + Mesh→PC:   0%|          | 9/5018 [01:10<11:14:21,  8.08s/it]
PPSurf + Mesh→PC:   0%|          | 10/5018 [01:18<11:21:31,  8.17s/it]
PPSurf + Mesh→PC:   0%|          | 11/5018 [01:27<11:31:58,  8.29s/it]
PPSurf + Mesh→PC:   0%|          | 12/5018 [01:35<11:32:26,  8.30s/it]
PPSurf + Mesh→PC:   0%|          | 13/5018 [01:44<11:39:50,  8.39s/it]
PPSurf + Mesh→PC:   0%|          | 14/5018 [01:54<12:11:39,  8.77s/it]
PPSurf + Mesh→PC:   0%|          | 15/5018 [02:02<12:11:55,  8.78s/it]
PPSurf + Mesh→PC:   0%|          | 16/5018 [02:10<11:51:55,  8.54s/it]
PPSurf + Mesh→PC:   0%|          | 17/5018 [02:20<12:29:40,  8.99s/it]
PPSurf + Mesh→PC:   0%|          | 18/5018 [02:30<12:35:04,  9.06s/it]
PPSurf + Mesh→PC:   0%|          | 19/5018 [02:37<12:03:46,  8.69s/it]
PPSurf + Mesh→PC:   0%|          | 20/5018 [02:45<11:34:15,  8.33s/it]
PPSurf + Mesh→PC:   0%|          | 21/5018 [02:52<11:10:09,  8.05s/it]
PPSurf + Mesh→PC:   0%|          | 22/5018 [03:00<10:59:59,  7.93s/it]
PPSurf + Mesh→PC:   0%|          | 23/5018 [03:07<10:40:51,  7.70s/it]
PPSurf + Mesh→PC:   0%|          | 24/5018 [03:14<10:28:00,  7.55s/it]
PPSurf + Mesh→PC:   0%|          | 25/5018 [03:21<10:17:23,  7.42s/it]
PPSurf + Mesh→PC:   1%|          | 26/5018 [03:30<10:35:34,  7.64s/it]
PPSurf + Mesh→PC:   1%|          | 27/5018 [03:38<10:49:05,  7.80s/it]
PPSurf + Mesh→PC:   1%|          | 28/5018 [03:46<11:00:04,  7.94s/it]
PPSurf + Mesh→PC:   1%|          | 29/5018 [03:54<11:06:13,  8.01s/it]
PPSurf + Mesh→PC:   1%|          | 30/5018 [04:03<11:17:20,  8.15s/it]
PPSurf + Mesh→PC:   1%|          | 31/5018 [04:11<11:20:06,  8.18s/it]
PPSurf + Mesh→PC:   1%|          | 32/5018 [04:18<11:01:55,  7.97s/it]
PPSurf + Mesh→PC:   1%|          | 33/5018 [04:25<10:40:31,  7.71s/it]
PPSurf + Mesh→PC:   1%|          | 34/5018 [04:33<10:32:39,  7.62s/it]
PPSurf + Mesh→PC:   1%|          | 35/5018 [04:40<10:20:52,  7.48s/it]
PPSurf + Mesh→PC:   1%|          | 36/5018 [04:47<10:11:59,  7.37s/it]
PPSurf + Mesh→PC:   1%|          | 37/5018 [04:54<10:04:24,  7.28s/it]
PPSurf + Mesh→PC:   1%|          | 38/5018 [05:01<9:59:02,  7.22s/it] 
PPSurf + Mesh→PC:   1%|          | 39/5018 [05:09<10:19:07,  7.46s/it]
PPSurf + Mesh→PC:   1%|          | 40/5018 [05:16<10:08:58,  7.34s/it]
PPSurf + Mesh→PC:   1%|          | 41/5018 [05:24<10:23:48,  7.52s/it]
PPSurf + Mesh→PC:   1%|          | 42/5018 [05:32<10:18:05,  7.45s/it]
PPSurf + Mesh→PC:   1%|          | 43/5018 [05:39<10:08:49,  7.34s/it]
PPSurf + Mesh→PC:   1%|          | 44/5018 [05:46<10:09:04,  7.35s/it]
PPSurf + Mesh→PC:   1%|          | 45/5018 [05:54<10:17:43,  7.45s/it]
PPSurf + Mesh→PC:   1%|          | 46/5018 [06:03<10:58:08,  7.94s/it]
PPSurf + Mesh→PC:   1%|          | 47/5018 [06:10<10:44:44,  7.78s/it]
PPSurf + Mesh→PC:   1%|          | 48/5018 [06:18<10:33:15,  7.64s/it]
PPSurf + Mesh→PC:   1%|          | 49/5018 [06:25<10:37:46,  7.70s/it]
PPSurf + Mesh→PC:   1%|          | 50/5018 [06:33<10:39:59,  7.73s/it]
PPSurf + Mesh→PC:   1%|          | 51/5018 [06:41<10:46:58,  7.82s/it]
PPSurf + Mesh→PC:   1%|          | 52/5018 [06:49<10:36:04,  7.69s/it]
PPSurf + Mesh→PC:   1%|          | 53/5018 [06:56<10:19:59,  7.49s/it]
PPSurf + Mesh→PC:   1%|          | 54/5018 [07:03<10:12:28,  7.40s/it]
PPSurf + Mesh→PC:   1%|          | 55/5018 [07:11<10:19:03,  7.48s/it]
PPSurf + Mesh→PC:   1%|          | 56/5018 [07:18<10:17:50,  7.47s/it]
PPSurf + Mesh→PC:   1%|          | 57/5018 [07:26<10:30:34,  7.63s/it]
PPSurf + Mesh→PC:   1%|          | 58/5018 [07:33<10:18:38,  7.48s/it]
PPSurf + Mesh→PC:   1%|          | 59/5018 [07:40<10:08:36,  7.36s/it]
PPSurf + Mesh→PC:   1%|          | 60/5018 [07:47<10:04:26,  7.31s/it]
PPSurf + Mesh→PC:   1%|          | 61/5018 [07:56<10:31:54,  7.65s/it]
PPSurf + Mesh→PC:   1%|          | 62/5018 [08:04<10:53:27,  7.91s/it]
PPSurf + Mesh→PC:   1%|▏         | 63/5018 [08:13<11:04:52,  8.05s/it]
PPSurf + Mesh→PC:   1%|▏         | 64/5018 [08:21<11:17:02,  8.20s/it]
PPSurf + Mesh→PC:   1%|▏         | 65/5018 [08:30<11:21:22,  8.25s/it]
PPSurf + Mesh→PC:   1%|▏         | 66/5018 [08:38<11:20:03,  8.24s/it]
PPSurf + Mesh→PC:   1%|▏         | 67/5018 [08:47<11:33:02,  8.40s/it]
PPSurf + Mesh→PC:   1%|▏         | 68/5018 [08:56<11:51:18,  8.62s/it]
PPSurf + Mesh→PC:   1%|▏         | 69/5018 [09:05<11:54:59,  8.67s/it]
PPSurf + Mesh→PC:   1%|▏         | 70/5018 [09:14<12:04:38,  8.79s/it]
PPSurf + Mesh→PC:   1%|▏         | 71/5018 [09:22<12:02:10,  8.76s/it]
PPSurf + Mesh→PC:   1%|▏         | 72/5018 [09:30<11:30:35,  8.38s/it]
PPSurf + Mesh→PC:   1%|▏         | 73/5018 [09:37<11:03:32,  8.05s/it]
PPSurf + Mesh→PC:   1%|▏         | 74/5018 [09:45<10:52:46,  7.92s/it]
PPSurf + Mesh→PC:   1%|▏         | 75/5018 [09:53<11:02:06,  8.04s/it]
PPSurf + Mesh→PC:   2%|▏         | 76/5018 [10:01<10:55:35,  7.96s/it]
PPSurf + Mesh→PC:   2%|▏         | 77/5018 [10:08<10:37:23,  7.74s/it]
PPSurf + Mesh→PC:   2%|▏         | 78/5018 [10:15<10:13:58,  7.46s/it]
PPSurf + Mesh→PC:   2%|▏         | 79/5018 [10:22<10:09:47,  7.41s/it]
PPSurf + Mesh→PC:   2%|▏         | 80/5018 [10:29<10:08:55,  7.40s/it]
PPSurf + Mesh→PC:   2%|▏         | 81/5018 [10:38<10:31:06,  7.67s/it]
PPSurf + Mesh→PC:   2%|▏         | 82/5018 [10:46<10:48:43,  7.89s/it]
PPSurf + Mesh→PC:   2%|▏         | 83/5018 [10:54<10:58:19,  8.00s/it]
PPSurf + Mesh→PC:   2%|▏         | 84/5018 [11:03<11:06:09,  8.10s/it]
PPSurf + Mesh→PC:   2%|▏         | 85/5018 [11:11<11:10:54,  8.16s/it]
PPSurf + Mesh→PC:   2%|▏         | 86/5018 [11:19<11:16:06,  8.23s/it]
PPSurf + Mesh→PC:   2%|▏         | 87/5018 [11:29<11:38:14,  8.50s/it]
PPSurf + Mesh→PC:   2%|▏         | 88/5018 [11:38<11:54:14,  8.69s/it]
PPSurf + Mesh→PC:   2%|▏         | 89/5018 [11:45<11:23:57,  8.33s/it]
PPSurf + Mesh→PC:   2%|▏         | 90/5018 [11:53<11:12:04,  8.18s/it]
PPSurf + Mesh→PC:   2%|▏         | 91/5018 [12:01<11:00:55,  8.05s/it]
PPSurf + Mesh→PC:   2%|▏         | 92/5018 [12:08<10:42:28,  7.83s/it]
PPSurf + Mesh→PC:   2%|▏         | 93/5018 [12:15<10:23:44,  7.60s/it]
PPSurf + Mesh→PC:   2%|▏         | 94/5018 [12:23<10:17:15,  7.52s/it]
PPSurf + Mesh→PC:   2%|▏         | 95/5018 [12:32<10:55:57,  7.99s/it]
PPSurf + Mesh→PC:   2%|▏         | 96/5018 [12:39<10:37:37,  7.77s/it]
PPSurf + Mesh→PC:   2%|▏         | 97/5018 [12:46<10:23:39,  7.60s/it]
PPSurf + Mesh→PC:   2%|▏         | 98/5018 [12:54<10:28:22,  7.66s/it]
PPSurf + Mesh→PC:   2%|▏         | 99/5018 [13:02<10:43:53,  7.85s/it]
PPSurf + Mesh→PC:   2%|▏         | 100/5018 [13:10<10:48:58,  7.92s/it]
PPSurf + Mesh→PC:   2%|▏         | 101/5018 [13:18<10:35:02,  7.75s/it]
PPSurf + Mesh→PC:   2%|▏         | 102/5018 [13:25<10:26:08,  7.64s/it]
PPSurf + Mesh→PC:   2%|▏         | 103/5018 [13:32<10:14:25,  7.50s/it]
PPSurf + Mesh→PC:   2%|▏         | 104/5018 [13:42<11:02:00,  8.08s/it]
PPSurf + Mesh→PC:   2%|▏         | 105/5018 [13:49<10:55:54,  8.01s/it]
PPSurf + Mesh→PC:   2%|▏         | 106/5018 [13:57<10:45:59,  7.89s/it]
PPSurf + Mesh→PC:   2%|▏         | 107/5018 [14:05<10:54:00,  7.99s/it]
PPSurf + Mesh→PC:   2%|▏         | 108/5018 [14:13<10:44:59,  7.88s/it]
PPSurf + Mesh→PC:   2%|▏         | 109/5018 [14:21<10:44:01,  7.87s/it]
PPSurf + Mesh→PC:   2%|▏         | 110/5018 [14:28<10:23:08,  7.62s/it]
PPSurf + Mesh→PC:   2%|▏         | 111/5018 [14:35<10:15:54,  7.53s/it]
PPSurf + Mesh→PC:   2%|▏         | 112/5018 [14:42<10:05:15,  7.40s/it]
PPSurf + Mesh→PC:   2%|▏         | 113/5018 [14:51<10:44:30,  7.88s/it]
PPSurf + Mesh→PC:   2%|▏         | 114/5018 [14:59<10:48:14,  7.93s/it]
PPSurf + Mesh→PC:   2%|▏         | 115/5018 [15:06<10:30:18,  7.71s/it]
PPSurf + Mesh→PC:   2%|▏         | 116/5018 [15:15<10:39:19,  7.83s/it]
PPSurf + Mesh→PC:   2%|▏         | 117/5018 [15:22<10:42:26,  7.87s/it]
PPSurf + Mesh→PC:   2%|▏         | 118/5018 [15:31<10:46:14,  7.91s/it]
PPSurf + Mesh→PC:   2%|▏         | 119/5018 [15:38<10:31:43,  7.74s/it]
PPSurf + Mesh→PC:   2%|▏         | 120/5018 [15:45<10:22:03,  7.62s/it]
PPSurf + Mesh→PC:   2%|▏         | 121/5018 [15:53<10:15:02,  7.54s/it]
PPSurf + Mesh→PC:   2%|▏         | 122/5018 [16:00<10:05:29,  7.42s/it]
PPSurf + Mesh→PC:   2%|▏         | 123/5018 [16:09<10:48:19,  7.95s/it]
PPSurf + Mesh→PC:   2%|▏         | 124/5018 [16:16<10:33:04,  7.76s/it]
PPSurf + Mesh→PC:   2%|▏         | 125/5018 [16:24<10:35:52,  7.80s/it]
PPSurf + Mesh→PC:   3%|▎         | 126/5018 [16:31<10:25:22,  7.67s/it]
PPSurf + Mesh→PC:   3%|▎         | 127/5018 [16:39<10:17:56,  7.58s/it]
PPSurf + Mesh→PC:   3%|▎         | 128/5018 [16:46<10:08:17,  7.46s/it]
PPSurf + Mesh→PC:   3%|▎         | 129/5018 [16:53<10:02:30,  7.39s/it]
PPSurf + Mesh→PC:   3%|▎         | 130/5018 [17:00<9:50:46,  7.25s/it] 
PPSurf + Mesh→PC:   3%|▎         | 131/5018 [17:09<10:39:32,  7.85s/it]
PPSurf + Mesh→PC:   3%|▎         | 132/5018 [17:17<10:35:14,  7.80s/it]
PPSurf + Mesh→PC:   3%|▎         | 133/5018 [17:25<10:29:44,  7.73s/it]
PPSurf + Mesh→PC:   3%|▎         | 134/5018 [17:33<10:44:38,  7.92s/it]
PPSurf + Mesh→PC:   3%|▎         | 135/5018 [17:41<10:55:45,  8.06s/it]
PPSurf + Mesh→PC:   3%|▎         | 136/5018 [17:49<10:47:03,  7.95s/it]
PPSurf + Mesh→PC:   3%|▎         | 137/5018 [17:57<10:45:48,  7.94s/it]
PPSurf + Mesh→PC:   3%|▎         | 138/5018 [18:04<10:34:23,  7.80s/it]
PPSurf + Mesh→PC:   3%|▎         | 139/5018 [18:12<10:32:18,  7.78s/it]
PPSurf + Mesh→PC:   3%|▎         | 140/5018 [18:20<10:21:03,  7.64s/it]
PPSurf + Mesh→PC:   3%|▎         | 141/5018 [18:27<10:09:59,  7.50s/it]
PPSurf + Mesh→PC:   3%|▎         | 142/5018 [18:34<10:02:34,  7.41s/it]
PPSurf + Mesh→PC:   3%|▎         | 143/5018 [18:41<9:59:24,  7.38s/it] 
PPSurf + Mesh→PC:   3%|▎         | 144/5018 [18:48<9:56:21,  7.34s/it]
PPSurf + Mesh→PC:   3%|▎         | 145/5018 [18:56<9:53:28,  7.31s/it]
PPSurf + Mesh→PC:   3%|▎         | 146/5018 [19:03<9:45:39,  7.21s/it]
PPSurf + Mesh→PC:   3%|▎         | 147/5018 [19:10<9:46:11,  7.22s/it]
PPSurf + Mesh→PC:   3%|▎         | 148/5018 [19:17<9:49:38,  7.26s/it]
PPSurf + Mesh→PC:   3%|▎         | 149/5018 [19:25<10:05:18,  7.46s/it]
PPSurf + Mesh→PC:   3%|▎         | 150/5018 [19:33<10:06:13,  7.47s/it]
PPSurf + Mesh→PC:   3%|▎         | 151/5018 [19:40<10:06:57,  7.48s/it]
PPSurf + Mesh→PC:   3%|▎         | 152/5018 [19:47<9:58:53,  7.38s/it] 
PPSurf + Mesh→PC:   3%|▎         | 153/5018 [19:55<9:54:30,  7.33s/it]
PPSurf + Mesh→PC:   3%|▎         | 154/5018 [20:02<9:48:57,  7.27s/it]
PPSurf + Mesh→PC:   3%|▎         | 155/5018 [20:09<9:53:15,  7.32s/it]
PPSurf + Mesh→PC:   3%|▎         | 156/5018 [20:16<9:52:12,  7.31s/it]
PPSurf + Mesh→PC:   3%|▎         | 157/5018 [20:23<9:43:54,  7.21s/it]
PPSurf + Mesh→PC:   3%|▎         | 158/5018 [20:31<9:44:18,  7.21s/it]
PPSurf + Mesh→PC:   3%|▎         | 159/5018 [20:38<9:50:40,  7.29s/it]
PPSurf + Mesh→PC:   3%|▎         | 160/5018 [20:45<9:51:11,  7.30s/it]
PPSurf + Mesh→PC:   3%|▎         | 161/5018 [20:53<9:47:49,  7.26s/it]
PPSurf + Mesh→PC:   3%|▎         | 162/5018 [21:00<9:43:44,  7.21s/it]
PPSurf + Mesh→PC:   3%|▎         | 163/5018 [21:07<9:42:50,  7.20s/it]
PPSurf + Mesh→PC:   3%|▎         | 164/5018 [21:14<9:46:31,  7.25s/it]
PPSurf + Mesh→PC:   3%|▎         | 165/5018 [21:22<9:53:30,  7.34s/it]
PPSurf + Mesh→PC:   3%|▎         | 166/5018 [21:29<9:54:17,  7.35s/it]
PPSurf + Mesh→PC:   3%|▎         | 167/5018 [21:36<9:50:28,  7.30s/it]
PPSurf + Mesh→PC:   3%|▎         | 168/5018 [21:43<9:45:31,  7.24s/it]
PPSurf + Mesh→PC:   3%|▎         | 169/5018 [21:51<9:50:25,  7.31s/it]
PPSurf + Mesh→PC:   3%|▎         | 170/5018 [21:58<9:49:30,  7.30s/it]
PPSurf + Mesh→PC:   3%|▎         | 171/5018 [22:05<9:45:53,  7.25s/it]
PPSurf + Mesh→PC:   3%|▎         | 172/5018 [22:13<9:44:14,  7.23s/it]
PPSurf + Mesh→PC:   3%|▎         | 173/5018 [22:20<9:45:19,  7.25s/it]
PPSurf + Mesh→PC:   3%|▎         | 174/5018 [22:27<9:49:20,  7.30s/it]
PPSurf + Mesh→PC:   3%|▎         | 175/5018 [22:34<9:45:14,  7.25s/it]
PPSurf + Mesh→PC:   4%|▎         | 176/5018 [22:42<9:48:39,  7.29s/it]
PPSurf + Mesh→PC:   4%|▎         | 177/5018 [22:49<9:49:51,  7.31s/it]
PPSurf + Mesh→PC:   4%|▎         | 178/5018 [22:57<9:55:18,  7.38s/it]
PPSurf + Mesh→PC:   4%|▎         | 179/5018 [23:04<9:53:14,  7.36s/it]
PPSurf + Mesh→PC:   4%|▎         | 180/5018 [23:11<9:50:56,  7.33s/it]
PPSurf + Mesh→PC:   4%|▎         | 181/5018 [23:19<9:51:17,  7.33s/it]
PPSurf + Mesh→PC:   4%|▎         | 182/5018 [23:28<10:32:37,  7.85s/it]
PPSurf + Mesh→PC:   4%|▎         | 183/5018 [23:35<10:16:03,  7.64s/it]
PPSurf + Mesh→PC:   4%|▎         | 184/5018 [23:42<10:04:35,  7.50s/it]
PPSurf + Mesh→PC:   4%|▎         | 185/5018 [23:49<10:02:23,  7.48s/it]
PPSurf + Mesh→PC:   4%|▎         | 186/5018 [23:58<10:26:27,  7.78s/it]
PPSurf + Mesh→PC:   4%|▎         | 187/5018 [24:05<10:15:26,  7.64s/it]
PPSurf + Mesh→PC:   4%|▎         | 188/5018 [24:12<10:02:16,  7.48s/it]
PPSurf + Mesh→PC:   4%|▍         | 189/5018 [24:20<9:58:18,  7.43s/it] 
PPSurf + Mesh→PC:   4%|▍         | 190/5018 [24:29<10:39:56,  7.95s/it]
PPSurf + Mesh→PC:   4%|▍         | 191/5018 [24:37<10:39:56,  7.95s/it]
PPSurf + Mesh→PC:   4%|▍         | 192/5018 [24:44<10:25:11,  7.77s/it]
PPSurf + Mesh→PC:   4%|▍         | 193/5018 [24:52<10:26:01,  7.78s/it]
PPSurf + Mesh→PC:   4%|▍         | 194/5018 [25:00<10:32:37,  7.87s/it]
PPSurf + Mesh→PC:   4%|▍         | 195/5018 [25:08<10:43:02,  8.00s/it]
PPSurf + Mesh→PC:   4%|▍         | 196/5018 [25:16<10:33:52,  7.89s/it]
PPSurf + Mesh→PC:   4%|▍         | 197/5018 [25:23<10:20:24,  7.72s/it]
PPSurf + Mesh→PC:   4%|▍         | 198/5018 [25:31<10:10:13,  7.60s/it]
PPSurf + Mesh→PC:   4%|▍         | 199/5018 [25:38<10:02:50,  7.51s/it]
PPSurf + Mesh→PC:   4%|▍         | 200/5018 [25:47<10:39:36,  7.97s/it]
PPSurf + Mesh→PC:   4%|▍         | 201/5018 [25:54<10:20:06,  7.72s/it]
PPSurf + Mesh→PC:   4%|▍         | 202/5018 [26:02<10:23:03,  7.76s/it]
PPSurf + Mesh→PC:   4%|▍         | 203/5018 [26:10<10:36:16,  7.93s/it]
PPSurf + Mesh→PC:   4%|▍         | 204/5018 [26:19<10:50:22,  8.11s/it]
PPSurf + Mesh→PC:   4%|▍         | 205/5018 [26:26<10:34:43,  7.91s/it]
PPSurf + Mesh→PC:   4%|▍         | 206/5018 [26:33<10:19:03,  7.72s/it]
PPSurf + Mesh→PC:   4%|▍         | 207/5018 [26:41<10:08:31,  7.59s/it]
PPSurf + Mesh→PC:   4%|▍         | 208/5018 [26:50<11:00:22,  8.24s/it]
PPSurf + Mesh→PC:   4%|▍         | 209/5018 [26:58<10:46:51,  8.07s/it]
PPSurf + Mesh→PC:   4%|▍         | 210/5018 [27:06<10:43:03,  8.02s/it]
PPSurf + Mesh→PC:   4%|▍         | 211/5018 [27:13<10:24:49,  7.80s/it]
PPSurf + Mesh→PC:   4%|▍         | 212/5018 [27:20<10:07:38,  7.59s/it]
PPSurf + Mesh→PC:   4%|▍         | 213/5018 [27:28<9:58:01,  7.47s/it] 
PPSurf + Mesh→PC:   4%|▍         | 214/5018 [27:35<9:51:22,  7.39s/it]
PPSurf + Mesh→PC:   4%|▍         | 215/5018 [27:42<9:47:38,  7.34s/it]
PPSurf + Mesh→PC:   4%|▍         | 216/5018 [27:49<9:44:16,  7.30s/it]
PPSurf + Mesh→PC:   4%|▍         | 217/5018 [27:56<9:37:00,  7.21s/it]
PPSurf + Mesh→PC:   4%|▍         | 218/5018 [28:03<9:35:50,  7.20s/it]
PPSurf + Mesh→PC:   4%|▍         | 219/5018 [28:11<9:37:40,  7.22s/it]
PPSurf + Mesh→PC:   4%|▍         | 220/5018 [28:20<10:26:32,  7.83s/it]
PPSurf + Mesh→PC:   4%|▍         | 221/5018 [28:27<10:13:25,  7.67s/it]
PPSurf + Mesh→PC:   4%|▍         | 222/5018 [28:35<10:05:19,  7.57s/it]
PPSurf + Mesh→PC:   4%|▍         | 223/5018 [28:43<10:28:17,  7.86s/it]
PPSurf + Mesh→PC:   4%|▍         | 224/5018 [28:50<10:15:16,  7.70s/it]
PPSurf + Mesh→PC:   4%|▍         | 225/5018 [28:58<10:10:00,  7.64s/it]
PPSurf + Mesh→PC:   5%|▍         | 226/5018 [29:05<9:58:22,  7.49s/it] 
PPSurf + Mesh→PC:   5%|▍         | 227/5018 [29:12<9:51:21,  7.41s/it]
PPSurf + Mesh→PC:   5%|▍         | 228/5018 [29:20<9:49:26,  7.38s/it]
PPSurf + Mesh→PC:   5%|▍         | 229/5018 [29:27<9:50:20,  7.40s/it]
PPSurf + Mesh→PC:   5%|▍         | 230/5018 [29:35<9:52:02,  7.42s/it]
PPSurf + Mesh→PC:   5%|▍         | 231/5018 [29:42<9:42:57,  7.31s/it]
PPSurf + Mesh→PC:   5%|▍         | 232/5018 [29:49<9:41:00,  7.28s/it]
PPSurf + Mesh→PC:   5%|▍         | 233/5018 [29:56<9:43:21,  7.31s/it]
PPSurf + Mesh→PC:   5%|▍         | 234/5018 [30:04<9:46:15,  7.35s/it]
PPSurf + Mesh→PC:   5%|▍         | 235/5018 [30:11<9:48:26,  7.38s/it]
PPSurf + Mesh→PC:   5%|▍         | 236/5018 [30:18<9:41:03,  7.29s/it]
PPSurf + Mesh→PC:   5%|▍         | 237/5018 [30:25<9:37:11,  7.24s/it]
PPSurf + Mesh→PC:   5%|▍         | 238/5018 [30:33<9:38:31,  7.26s/it]
PPSurf + Mesh→PC:   5%|▍         | 239/5018 [30:40<9:41:19,  7.30s/it]
PPSurf + Mesh→PC:   5%|▍         | 240/5018 [30:48<9:49:31,  7.40s/it]
PPSurf + Mesh→PC:   5%|▍         | 241/5018 [30:55<9:45:40,  7.36s/it]
PPSurf + Mesh→PC:   5%|▍         | 242/5018 [31:02<9:36:50,  7.25s/it]
PPSurf + Mesh→PC:   5%|▍         | 243/5018 [31:09<9:36:59,  7.25s/it]
PPSurf + Mesh→PC:   5%|▍         | 244/5018 [31:17<9:41:35,  7.31s/it]
PPSurf + Mesh→PC:   5%|▍         | 245/5018 [31:24<9:44:05,  7.34s/it]
PPSurf + Mesh→PC:   5%|▍         | 246/5018 [31:31<9:41:38,  7.31s/it]
PPSurf + Mesh→PC:   5%|▍         | 247/5018 [31:39<9:41:32,  7.31s/it]
PPSurf + Mesh→PC:   5%|▍         | 248/5018 [31:46<9:36:18,  7.25s/it]
PPSurf + Mesh→PC:   5%|▍         | 249/5018 [31:53<9:38:47,  7.28s/it]
PPSurf + Mesh→PC:   5%|▍         | 250/5018 [32:01<9:45:23,  7.37s/it]
PPSurf + Mesh→PC:   5%|▌         | 251/5018 [32:08<9:46:32,  7.38s/it]
PPSurf + Mesh→PC:   5%|▌         | 252/5018 [32:15<9:42:52,  7.34s/it]
PPSurf + Mesh→PC:   5%|▌         | 253/5018 [32:22<9:36:13,  7.26s/it]
PPSurf + Mesh→PC:   5%|▌         | 254/5018 [32:30<9:37:47,  7.28s/it]
PPSurf + Mesh→PC:   5%|▌         | 255/5018 [32:37<9:40:09,  7.31s/it]
PPSurf + Mesh→PC:   5%|▌         | 256/5018 [32:44<9:42:04,  7.33s/it]
PPSurf + Mesh→PC:   5%|▌         | 257/5018 [32:52<9:36:48,  7.27s/it]
PPSurf + Mesh→PC:   5%|▌         | 258/5018 [32:59<9:35:23,  7.25s/it]
PPSurf + Mesh→PC:   5%|▌         | 259/5018 [33:06<9:36:05,  7.26s/it]
PPSurf + Mesh→PC:   5%|▌         | 260/5018 [33:13<9:40:07,  7.32s/it]
PPSurf + Mesh→PC:   5%|▌         | 261/5018 [33:21<9:43:48,  7.36s/it]
PPSurf + Mesh→PC:   5%|▌         | 262/5018 [33:28<9:36:42,  7.28s/it]
PPSurf + Mesh→PC:   5%|▌         | 263/5018 [33:35<9:33:36,  7.24s/it]
PPSurf + Mesh→PC:   5%|▌         | 264/5018 [33:43<9:37:19,  7.29s/it]
PPSurf + Mesh→PC:   5%|▌         | 265/5018 [33:50<9:48:02,  7.42s/it]
PPSurf + Mesh→PC:   5%|▌         | 266/5018 [33:58<9:52:53,  7.49s/it]
PPSurf + Mesh→PC:   5%|▌         | 267/5018 [34:05<9:46:06,  7.40s/it]
PPSurf + Mesh→PC:   5%|▌         | 268/5018 [34:13<9:46:06,  7.40s/it]
PPSurf + Mesh→PC:   5%|▌         | 269/5018 [34:20<9:46:45,  7.41s/it]
PPSurf + Mesh→PC:   5%|▌         | 270/5018 [34:27<9:38:54,  7.32s/it]
PPSurf + Mesh→PC:   5%|▌         | 271/5018 [34:34<9:38:37,  7.31s/it]
PPSurf + Mesh→PC:   5%|▌         | 272/5018 [34:42<9:36:04,  7.28s/it]
PPSurf + Mesh→PC:   5%|▌         | 273/5018 [34:49<9:33:35,  7.25s/it]
PPSurf + Mesh→PC:   5%|▌         | 274/5018 [34:56<9:36:47,  7.30s/it]
PPSurf + Mesh→PC:   5%|▌         | 275/5018 [35:03<9:33:00,  7.25s/it]
PPSurf + Mesh→PC:   6%|▌         | 276/5018 [35:11<9:31:44,  7.23s/it]
PPSurf + Mesh→PC:   6%|▌         | 277/5018 [35:17<9:25:42,  7.16s/it]
PPSurf + Mesh→PC:   6%|▌         | 278/5018 [35:25<9:34:12,  7.27s/it]
PPSurf + Mesh→PC:   6%|▌         | 279/5018 [35:33<9:44:36,  7.40s/it]
PPSurf + Mesh→PC:   6%|▌         | 280/5018 [35:40<9:44:02,  7.40s/it]
PPSurf + Mesh→PC:   6%|▌         | 281/5018 [35:48<9:49:33,  7.47s/it]
PPSurf + Mesh→PC:   6%|▌         | 282/5018 [35:55<9:51:46,  7.50s/it]
PPSurf + Mesh→PC:   6%|▌         | 283/5018 [36:03<9:48:22,  7.46s/it]
PPSurf + Mesh→PC:   6%|▌         | 284/5018 [36:10<9:45:14,  7.42s/it]
PPSurf + Mesh→PC:   6%|▌         | 285/5018 [36:17<9:44:18,  7.41s/it]
PPSurf + Mesh→PC:   6%|▌         | 286/5018 [36:25<9:38:24,  7.33s/it]
PPSurf + Mesh→PC:   6%|▌         | 287/5018 [36:32<9:52:17,  7.51s/it]
PPSurf + Mesh→PC:   6%|▌         | 288/5018 [36:40<10:02:47,  7.65s/it]
PPSurf + Mesh→PC:   6%|▌         | 289/5018 [36:48<10:06:12,  7.69s/it]
PPSurf + Mesh→PC:   6%|▌         | 290/5018 [36:56<9:57:33,  7.58s/it] 
PPSurf + Mesh→PC:   6%|▌         | 291/5018 [37:03<9:50:00,  7.49s/it]
PPSurf + Mesh→PC:   6%|▌         | 292/5018 [37:10<9:50:29,  7.50s/it]
PPSurf + Mesh→PC:   6%|▌         | 293/5018 [37:18<9:48:06,  7.47s/it]
PPSurf + Mesh→PC:   6%|▌         | 294/5018 [37:26<10:00:06,  7.62s/it]
PPSurf + Mesh→PC:   6%|▌         | 295/5018 [37:33<10:02:20,  7.65s/it]
PPSurf + Mesh→PC:   6%|▌         | 296/5018 [37:41<9:59:23,  7.62s/it] 
PPSurf + Mesh→PC:   6%|▌         | 297/5018 [37:49<10:01:07,  7.64s/it]
PPSurf + Mesh→PC:   6%|▌         | 298/5018 [37:56<9:57:56,  7.60s/it] 
PPSurf + Mesh→PC:   6%|▌         | 299/5018 [38:04<9:57:35,  7.60s/it]
PPSurf + Mesh→PC:   6%|▌         | 300/5018 [38:11<9:52:00,  7.53s/it]
PPSurf + Mesh→PC:   6%|▌         | 301/5018 [38:19<10:04:02,  7.68s/it]
PPSurf + Mesh→PC:   6%|▌         | 302/5018 [38:27<9:55:16,  7.57s/it] 
PPSurf + Mesh→PC:   6%|▌         | 303/5018 [38:34<9:56:28,  7.59s/it]
PPSurf + Mesh→PC:   6%|▌         | 304/5018 [38:41<9:50:30,  7.52s/it]
PPSurf + Mesh→PC:   6%|▌         | 305/5018 [38:49<9:45:14,  7.45s/it]
PPSurf + Mesh→PC:   6%|▌         | 306/5018 [38:56<9:45:16,  7.45s/it]
PPSurf + Mesh→PC:   6%|▌         | 307/5018 [39:05<10:05:02,  7.71s/it]
PPSurf + Mesh→PC:   6%|▌         | 308/5018 [39:12<10:01:20,  7.66s/it]
PPSurf + Mesh→PC:   6%|▌         | 309/5018 [39:20<9:59:48,  7.64s/it] 
PPSurf + Mesh→PC:   6%|▌         | 310/5018 [39:27<9:57:44,  7.62s/it]
PPSurf + Mesh→PC:   6%|▌         | 311/5018 [39:36<10:16:09,  7.85s/it]
PPSurf + Mesh→PC:   6%|▌         | 312/5018 [39:43<10:07:47,  7.75s/it]
PPSurf + Mesh→PC:   6%|▌         | 313/5018 [39:51<10:04:56,  7.71s/it]
PPSurf + Mesh→PC:   6%|▋         | 314/5018 [39:58<10:00:09,  7.66s/it]
PPSurf + Mesh→PC:   6%|▋         | 315/5018 [40:06<10:01:07,  7.67s/it]
PPSurf + Mesh→PC:   6%|▋         | 316/5018 [40:14<10:01:34,  7.68s/it]
PPSurf + Mesh→PC:   6%|▋         | 317/5018 [40:21<9:58:57,  7.64s/it] 
PPSurf + Mesh→PC:   6%|▋         | 318/5018 [40:29<9:55:41,  7.60s/it]
PPSurf + Mesh→PC:   6%|▋         | 319/5018 [40:36<9:53:16,  7.58s/it]
PPSurf + Mesh→PC:   6%|▋         | 320/5018 [40:44<9:59:05,  7.65s/it]
PPSurf + Mesh→PC:   6%|▋         | 321/5018 [40:52<9:57:18,  7.63s/it]
PPSurf + Mesh→PC:   6%|▋         | 322/5018 [40:59<9:48:12,  7.52s/it]
PPSurf + Mesh→PC:   6%|▋         | 323/5018 [41:07<9:50:43,  7.55s/it]
PPSurf + Mesh→PC:   6%|▋         | 324/5018 [41:14<9:51:03,  7.56s/it]
PPSurf + Mesh→PC:   6%|▋         | 325/5018 [41:22<10:03:24,  7.71s/it]
PPSurf + Mesh→PC:   6%|▋         | 326/5018 [41:30<9:58:05,  7.65s/it] 
PPSurf + Mesh→PC:   7%|▋         | 327/5018 [41:37<9:56:33,  7.63s/it]
PPSurf + Mesh→PC:   7%|▋         | 328/5018 [41:45<9:57:53,  7.65s/it]
PPSurf + Mesh→PC:   7%|▋         | 329/5018 [41:52<9:50:04,  7.55s/it]
PPSurf + Mesh→PC:   7%|▋         | 330/5018 [42:00<9:51:27,  7.57s/it]
PPSurf + Mesh→PC:   7%|▋         | 331/5018 [42:08<9:54:06,  7.61s/it]
PPSurf + Mesh→PC:   7%|▋         | 332/5018 [42:15<9:53:24,  7.60s/it]
PPSurf + Mesh→PC:   7%|▋         | 333/5018 [42:23<9:50:54,  7.57s/it]
PPSurf + Mesh→PC:   7%|▋         | 334/5018 [42:30<9:46:16,  7.51s/it]
PPSurf + Mesh→PC:   7%|▋         | 335/5018 [42:38<9:51:02,  7.57s/it]
PPSurf + Mesh→PC:   7%|▋         | 336/5018 [42:46<9:59:38,  7.68s/it]
PPSurf + Mesh→PC:   7%|▋         | 337/5018 [42:53<9:57:57,  7.66s/it]
PPSurf + Mesh→PC:   7%|▋         | 338/5018 [43:01<9:56:35,  7.65s/it]
PPSurf + Mesh→PC:   7%|▋         | 339/5018 [43:09<10:02:23,  7.72s/it]
PPSurf + Mesh→PC:   7%|▋         | 340/5018 [43:16<9:55:10,  7.63s/it] 
PPSurf + Mesh→PC:   7%|▋         | 341/5018 [43:24<9:56:09,  7.65s/it]
PPSurf + Mesh→PC:   7%|▋         | 342/5018 [43:32<9:56:23,  7.65s/it]
PPSurf + Mesh→PC:   7%|▋         | 343/5018 [43:39<9:51:32,  7.59s/it]
PPSurf + Mesh→PC:   7%|▋         | 344/5018 [43:47<9:49:21,  7.57s/it]
PPSurf + Mesh→PC:   7%|▋         | 345/5018 [43:54<9:51:33,  7.60s/it]
PPSurf + Mesh→PC:   7%|▋         | 346/5018 [44:02<9:46:54,  7.54s/it]
PPSurf + Mesh→PC:   7%|▋         | 347/5018 [44:10<9:57:08,  7.67s/it]
PPSurf + Mesh→PC:   7%|▋         | 348/5018 [44:17<9:51:29,  7.60s/it]
PPSurf + Mesh→PC:   7%|▋         | 349/5018 [44:25<9:50:24,  7.59s/it]
PPSurf + Mesh→PC:   7%|▋         | 350/5018 [44:32<9:51:26,  7.60s/it]
PPSurf + Mesh→PC:   7%|▋         | 351/5018 [44:40<9:49:23,  7.58s/it]
PPSurf + Mesh→PC:   7%|▋         | 352/5018 [44:47<9:50:38,  7.60s/it]
PPSurf + Mesh→PC:   7%|▋         | 353/5018 [44:55<9:57:43,  7.69s/it]
PPSurf + Mesh→PC:   7%|▋         | 354/5018 [45:03<9:56:15,  7.67s/it]
PPSurf + Mesh→PC:   7%|▋         | 355/5018 [45:10<9:52:23,  7.62s/it]
PPSurf + Mesh→PC:   7%|▋         | 356/5018 [45:18<9:59:52,  7.72s/it]
PPSurf + Mesh→PC:   7%|▋         | 357/5018 [45:26<9:51:58,  7.62s/it]
PPSurf + Mesh→PC:   7%|▋         | 358/5018 [45:33<9:44:08,  7.52s/it]
PPSurf + Mesh→PC:   7%|▋         | 359/5018 [45:41<9:54:08,  7.65s/it]
PPSurf + Mesh→PC:   7%|▋         | 360/5018 [45:49<9:51:46,  7.62s/it]
PPSurf + Mesh→PC:   7%|▋         | 361/5018 [45:56<9:52:19,  7.63s/it]
PPSurf + Mesh→PC:   7%|▋         | 362/5018 [46:04<9:51:18,  7.62s/it]
PPSurf + Mesh→PC:   7%|▋         | 363/5018 [46:11<9:44:30,  7.53s/it]
PPSurf + Mesh→PC:   7%|▋         | 364/5018 [46:19<9:45:51,  7.55s/it]
PPSurf + Mesh→PC:   7%|▋         | 365/5018 [46:27<9:53:28,  7.65s/it]
PPSurf + Mesh→PC:   7%|▋         | 366/5018 [46:34<9:52:03,  7.64s/it]
PPSurf + Mesh→PC:   7%|▋         | 367/5018 [46:42<9:47:47,  7.58s/it]
PPSurf + Mesh→PC:   7%|▋         | 368/5018 [46:49<9:44:48,  7.55s/it]
PPSurf + Mesh→PC:   7%|▋         | 369/5018 [46:57<9:49:29,  7.61s/it]
PPSurf + Mesh→PC:   7%|▋         | 370/5018 [47:04<9:45:36,  7.56s/it]
PPSurf + Mesh→PC:   7%|▋         | 371/5018 [47:12<9:49:05,  7.61s/it]
PPSurf + Mesh→PC:   7%|▋         | 372/5018 [47:19<9:44:07,  7.54s/it]
PPSurf + Mesh→PC:   7%|▋         | 373/5018 [47:27<9:42:11,  7.52s/it]
PPSurf + Mesh→PC:   7%|▋         | 374/5018 [47:34<9:37:41,  7.46s/it]
PPSurf + Mesh→PC:   7%|▋         | 375/5018 [47:42<9:39:47,  7.49s/it]
PPSurf + Mesh→PC:   7%|▋         | 376/5018 [47:49<9:37:22,  7.46s/it]
PPSurf + Mesh→PC:   8%|▊         | 377/5018 [47:57<9:41:00,  7.51s/it]
PPSurf + Mesh→PC:   8%|▊         | 378/5018 [48:04<9:43:05,  7.54s/it]
PPSurf + Mesh→PC:   8%|▊         | 379/5018 [48:13<9:54:05,  7.68s/it]
PPSurf + Mesh→PC:   8%|▊         | 380/5018 [48:20<9:48:20,  7.61s/it]
PPSurf + Mesh→PC:   8%|▊         | 381/5018 [48:28<9:49:36,  7.63s/it]
PPSurf + Mesh→PC:   8%|▊         | 382/5018 [48:36<9:58:05,  7.74s/it]
PPSurf + Mesh→PC:   8%|▊         | 383/5018 [48:43<9:48:37,  7.62s/it]
PPSurf + Mesh→PC:   8%|▊         | 384/5018 [48:51<9:54:37,  7.70s/it]
PPSurf + Mesh→PC:   8%|▊         | 385/5018 [48:58<9:52:28,  7.67s/it]
PPSurf + Mesh→PC:   8%|▊         | 386/5018 [49:06<9:46:45,  7.60s/it]
PPSurf + Mesh→PC:   8%|▊         | 387/5018 [49:13<9:40:40,  7.52s/it]
PPSurf + Mesh→PC:   8%|▊         | 388/5018 [49:21<9:35:33,  7.46s/it]
PPSurf + Mesh→PC:   8%|▊         | 389/5018 [49:28<9:35:46,  7.46s/it]
PPSurf + Mesh→PC:   8%|▊         | 390/5018 [49:35<9:32:09,  7.42s/it]
PPSurf + Mesh→PC:   8%|▊         | 391/5018 [49:42<9:24:55,  7.33s/it]
PPSurf + Mesh→PC:   8%|▊         | 392/5018 [49:50<9:26:07,  7.34s/it]
PPSurf + Mesh→PC:   8%|▊         | 393/5018 [49:57<9:25:26,  7.34s/it]
PPSurf + Mesh→PC:   8%|▊         | 394/5018 [50:05<9:27:37,  7.37s/it]
PPSurf + Mesh→PC:   8%|▊         | 395/5018 [50:12<9:33:31,  7.44s/it]
PPSurf + Mesh→PC:   8%|▊         | 396/5018 [50:20<9:31:07,  7.41s/it]
PPSurf + Mesh→PC:   8%|▊         | 397/5018 [50:27<9:29:43,  7.40s/it]
PPSurf + Mesh→PC:   8%|▊         | 398/5018 [50:34<9:27:00,  7.36s/it]
PPSurf + Mesh→PC:   8%|▊         | 399/5018 [50:41<9:25:53,  7.35s/it]
PPSurf + Mesh→PC:   8%|▊         | 400/5018 [50:49<9:25:28,  7.35s/it]
PPSurf + Mesh→PC:   8%|▊         | 401/5018 [50:56<9:30:47,  7.42s/it]
PPSurf + Mesh→PC:   8%|▊         | 402/5018 [51:04<9:24:48,  7.34s/it]
PPSurf + Mesh→PC:   8%|▊         | 403/5018 [51:11<9:34:31,  7.47s/it]
PPSurf + Mesh→PC:   8%|▊         | 404/5018 [51:19<9:34:27,  7.47s/it]
PPSurf + Mesh→PC:   8%|▊         | 405/5018 [51:26<9:38:37,  7.53s/it]
PPSurf + Mesh→PC:   8%|▊         | 406/5018 [51:34<9:39:07,  7.53s/it]
PPSurf + Mesh→PC:   8%|▊         | 407/5018 [51:42<9:39:11,  7.54s/it]
PPSurf + Mesh→PC:   8%|▊         | 408/5018 [51:49<9:46:06,  7.63s/it]
PPSurf + Mesh→PC:   8%|▊         | 409/5018 [51:57<9:41:12,  7.57s/it]
PPSurf + Mesh→PC:   8%|▊         | 410/5018 [52:04<9:40:08,  7.55s/it]
PPSurf + Mesh→PC:   8%|▊         | 411/5018 [52:12<9:53:01,  7.72s/it]
PPSurf + Mesh→PC:   8%|▊         | 412/5018 [52:20<9:45:24,  7.63s/it]
PPSurf + Mesh→PC:   8%|▊         | 413/5018 [52:27<9:43:43,  7.61s/it]
PPSurf + Mesh→PC:   8%|▊         | 414/5018 [52:35<9:39:03,  7.55s/it]
PPSurf + Mesh→PC:   8%|▊         | 415/5018 [52:42<9:37:08,  7.52s/it]
PPSurf + Mesh→PC:   8%|▊         | 416/5018 [52:50<9:42:00,  7.59s/it]
PPSurf + Mesh→PC:   8%|▊         | 417/5018 [52:58<9:41:19,  7.58s/it]
PPSurf + Mesh→PC:   8%|▊         | 418/5018 [53:05<9:38:09,  7.54s/it]
PPSurf + Mesh→PC:   8%|▊         | 419/5018 [53:12<9:32:00,  7.46s/it]
PPSurf + Mesh→PC:   8%|▊         | 420/5018 [53:20<9:35:13,  7.51s/it]
PPSurf + Mesh→PC:   8%|▊         | 421/5018 [53:27<9:30:10,  7.44s/it]
PPSurf + Mesh→PC:   8%|▊         | 422/5018 [53:35<9:28:43,  7.42s/it]
PPSurf + Mesh→PC:   8%|▊         | 423/5018 [53:42<9:26:11,  7.39s/it]
PPSurf + Mesh→PC:   8%|▊         | 424/5018 [53:49<9:29:28,  7.44s/it]
PPSurf + Mesh→PC:   8%|▊         | 425/5018 [53:57<9:30:53,  7.46s/it]
PPSurf + Mesh→PC:   8%|▊         | 426/5018 [54:04<9:29:15,  7.44s/it]
PPSurf + Mesh→PC:   9%|▊         | 427/5018 [54:12<9:30:56,  7.46s/it]
PPSurf + Mesh→PC:   9%|▊         | 428/5018 [54:19<9:30:08,  7.45s/it]
PPSurf + Mesh→PC:   9%|▊         | 429/5018 [54:27<9:30:11,  7.46s/it]
PPSurf + Mesh→PC:   9%|▊         | 430/5018 [54:35<9:36:19,  7.54s/it]
PPSurf + Mesh→PC:   9%|▊         | 431/5018 [54:42<9:31:23,  7.47s/it]
PPSurf + Mesh→PC:   9%|▊         | 432/5018 [54:49<9:31:44,  7.48s/it]
PPSurf + Mesh→PC:   9%|▊         | 433/5018 [54:57<9:33:14,  7.50s/it]
PPSurf + Mesh→PC:   9%|▊         | 434/5018 [55:04<9:34:50,  7.52s/it]
PPSurf + Mesh→PC:   9%|▊         | 435/5018 [55:12<9:34:40,  7.52s/it]
PPSurf + Mesh→PC:   9%|▊         | 436/5018 [55:19<9:29:57,  7.46s/it]
PPSurf + Mesh→PC:   9%|▊         | 437/5018 [55:27<9:28:48,  7.45s/it]
PPSurf + Mesh→PC:   9%|▊         | 438/5018 [55:35<9:35:53,  7.54s/it]
PPSurf + Mesh→PC:   9%|▊         | 439/5018 [55:42<9:31:03,  7.48s/it]
PPSurf + Mesh→PC:   9%|▉         | 440/5018 [55:49<9:32:16,  7.50s/it]
PPSurf + Mesh→PC:   9%|▉         | 441/5018 [55:57<9:31:15,  7.49s/it]
PPSurf + Mesh→PC:   9%|▉         | 442/5018 [56:04<9:29:57,  7.47s/it]
PPSurf + Mesh→PC:   9%|▉         | 443/5018 [56:12<9:28:40,  7.46s/it]
PPSurf + Mesh→PC:   9%|▉         | 444/5018 [56:19<9:33:02,  7.52s/it]
PPSurf + Mesh→PC:   9%|▉         | 445/5018 [56:27<9:29:15,  7.47s/it]
PPSurf + Mesh→PC:   9%|▉         | 446/5018 [56:34<9:35:18,  7.55s/it]
PPSurf + Mesh→PC:   9%|▉         | 447/5018 [56:42<9:30:50,  7.49s/it]
PPSurf + Mesh→PC:   9%|▉         | 448/5018 [56:49<9:25:51,  7.43s/it]
PPSurf + Mesh→PC:   9%|▉         | 449/5018 [56:57<9:40:25,  7.62s/it]
PPSurf + Mesh→PC:   9%|▉         | 450/5018 [57:05<9:36:15,  7.57s/it]
PPSurf + Mesh→PC:   9%|▉         | 451/5018 [57:12<9:33:02,  7.53s/it]
PPSurf + Mesh→PC:   9%|▉         | 452/5018 [57:20<9:42:09,  7.65s/it]
PPSurf + Mesh→PC:   9%|▉         | 453/5018 [57:27<9:38:00,  7.60s/it]
PPSurf + Mesh→PC:   9%|▉         | 454/5018 [57:35<9:35:35,  7.57s/it]
PPSurf + Mesh→PC:   9%|▉         | 455/5018 [57:43<9:44:08,  7.68s/it]
PPSurf + Mesh→PC:   9%|▉         | 456/5018 [57:50<9:35:05,  7.56s/it]
PPSurf + Mesh→PC:   9%|▉         | 457/5018 [57:58<9:30:05,  7.50s/it]
PPSurf + Mesh→PC:   9%|▉         | 458/5018 [58:05<9:34:01,  7.55s/it]
PPSurf + Mesh→PC:   9%|▉         | 459/5018 [58:13<9:31:05,  7.52s/it]
PPSurf + Mesh→PC:   9%|▉         | 460/5018 [58:20<9:28:01,  7.48s/it]
PPSurf + Mesh→PC:   9%|▉         | 461/5018 [58:28<9:29:49,  7.50s/it]
PPSurf + Mesh→PC:   9%|▉         | 462/5018 [58:35<9:26:17,  7.46s/it]
PPSurf + Mesh→PC:   9%|▉         | 463/5018 [58:42<9:21:03,  7.39s/it]
PPSurf + Mesh→PC:   9%|▉         | 464/5018 [58:50<9:20:54,  7.39s/it]
PPSurf + Mesh→PC:   9%|▉         | 465/5018 [58:57<9:23:38,  7.43s/it]
PPSurf + Mesh→PC:   9%|▉         | 466/5018 [59:04<9:18:27,  7.36s/it]
PPSurf + Mesh→PC:   9%|▉         | 467/5018 [59:12<9:16:18,  7.33s/it]
PPSurf + Mesh→PC:   9%|▉         | 468/5018 [59:19<9:21:02,  7.40s/it]
PPSurf + Mesh→PC:   9%|▉         | 469/5018 [59:27<9:27:14,  7.48s/it]
PPSurf + Mesh→PC:   9%|▉         | 470/5018 [59:34<9:28:47,  7.50s/it]
PPSurf + Mesh→PC:   9%|▉         | 471/5018 [59:42<9:28:42,  7.50s/it]
PPSurf + Mesh→PC:   9%|▉         | 472/5018 [59:49<9:28:08,  7.50s/it]
PPSurf + Mesh→PC:   9%|▉         | 473/5018 [59:57<9:30:29,  7.53s/it]
PPSurf + Mesh→PC:   9%|▉         | 474/5018 [1:00:04<9:28:32,  7.51s/it]
PPSurf + Mesh→PC:   9%|▉         | 475/5018 [1:00:12<9:27:05,  7.49s/it]
PPSurf + Mesh→PC:   9%|▉         | 476/5018 [1:00:19<9:28:31,  7.51s/it]
PPSurf + Mesh→PC:  10%|▉         | 477/5018 [1:00:27<9:29:12,  7.52s/it]
PPSurf + Mesh→PC:  10%|▉         | 478/5018 [1:00:35<9:37:50,  7.64s/it]
PPSurf + Mesh→PC:  10%|▉         | 479/5018 [1:00:42<9:33:32,  7.58s/it]
PPSurf + Mesh→PC:  10%|▉         | 480/5018 [1:00:50<9:37:05,  7.63s/it]
PPSurf + Mesh→PC:  10%|▉         | 481/5018 [1:00:58<9:45:28,  7.74s/it]
PPSurf + Mesh→PC:  10%|▉         | 482/5018 [1:01:06<9:38:51,  7.66s/it]
PPSurf + Mesh→PC:  10%|▉         | 483/5018 [1:01:13<9:31:43,  7.56s/it]
PPSurf + Mesh→PC:  10%|▉         | 484/5018 [1:01:20<9:29:47,  7.54s/it]
PPSurf + Mesh→PC:  10%|▉         | 485/5018 [1:01:28<9:29:07,  7.53s/it]
PPSurf + Mesh→PC:  10%|▉         | 486/5018 [1:01:35<9:24:25,  7.47s/it]
PPSurf + Mesh→PC:  10%|▉         | 487/5018 [1:01:43<9:28:18,  7.53s/it]
PPSurf + Mesh→PC:  10%|▉         | 488/5018 [1:01:50<9:24:51,  7.48s/it]
PPSurf + Mesh→PC:  10%|▉         | 489/5018 [1:01:58<9:24:15,  7.48s/it]
PPSurf + Mesh→PC:  10%|▉         | 490/5018 [1:02:05<9:28:43,  7.54s/it]
PPSurf + Mesh→PC:  10%|▉         | 491/5018 [1:02:13<9:38:58,  7.67s/it]
PPSurf + Mesh→PC:  10%|▉         | 492/5018 [1:02:21<9:28:21,  7.53s/it]
PPSurf + Mesh→PC:  10%|▉         | 493/5018 [1:02:28<9:28:58,  7.54s/it]
PPSurf + Mesh→PC:  10%|▉         | 494/5018 [1:02:35<9:23:15,  7.47s/it]
PPSurf + Mesh→PC:  10%|▉         | 495/5018 [1:02:43<9:17:35,  7.40s/it]
PPSurf + Mesh→PC:  10%|▉         | 496/5018 [1:02:50<9:24:09,  7.49s/it]
PPSurf + Mesh→PC:  10%|▉         | 497/5018 [1:02:58<9:23:19,  7.48s/it]
PPSurf + Mesh→PC:  10%|▉         | 498/5018 [1:03:05<9:22:51,  7.47s/it]
PPSurf + Mesh→PC:  10%|▉         | 499/5018 [1:03:13<9:19:01,  7.42s/it]
PPSurf + Mesh→PC:  10%|▉         | 500/5018 [1:03:21<9:33:33,  7.62s/it]
PPSurf + Mesh→PC:  10%|▉         | 501/5018 [1:03:28<9:32:31,  7.60s/it]
PPSurf + Mesh→PC:  10%|█         | 502/5018 [1:03:36<9:27:46,  7.54s/it]
PPSurf + Mesh→PC:  10%|█         | 503/5018 [1:03:44<9:44:17,  7.76s/it]
PPSurf + Mesh→PC:  10%|█         | 504/5018 [1:03:51<9:34:35,  7.64s/it]
PPSurf + Mesh→PC:  10%|█         | 505/5018 [1:03:59<9:41:47,  7.73s/it]
PPSurf + Mesh→PC:  10%|█         | 506/5018 [1:04:06<9:28:59,  7.57s/it]
PPSurf + Mesh→PC:  10%|█         | 507/5018 [1:04:14<9:35:27,  7.65s/it]
PPSurf + Mesh→PC:  10%|█         | 508/5018 [1:04:22<9:35:37,  7.66s/it]
PPSurf + Mesh→PC:  10%|█         | 509/5018 [1:04:30<9:35:04,  7.65s/it]
PPSurf + Mesh→PC:  10%|█         | 510/5018 [1:04:37<9:39:01,  7.71s/it]
PPSurf + Mesh→PC:  10%|█         | 511/5018 [1:04:45<9:43:43,  7.77s/it]
PPSurf + Mesh→PC:  10%|█         | 512/5018 [1:04:53<9:33:32,  7.64s/it]
PPSurf + Mesh→PC:  10%|█         | 513/5018 [1:05:00<9:38:15,  7.70s/it]
PPSurf + Mesh→PC:  10%|█         | 514/5018 [1:05:08<9:32:59,  7.63s/it]
PPSurf + Mesh→PC:  10%|█         | 515/5018 [1:05:16<9:36:17,  7.68s/it]
PPSurf + Mesh→PC:  10%|█         | 516/5018 [1:05:24<9:44:02,  7.78s/it]
PPSurf + Mesh→PC:  10%|█         | 517/5018 [1:05:31<9:33:07,  7.64s/it]
PPSurf + Mesh→PC:  10%|█         | 518/5018 [1:05:39<9:41:56,  7.76s/it]
PPSurf + Mesh→PC:  10%|█         | 519/5018 [1:05:47<9:42:55,  7.77s/it]
PPSurf + Mesh→PC:  10%|█         | 520/5018 [1:05:54<9:36:40,  7.69s/it]
PPSurf + Mesh→PC:  10%|█         | 521/5018 [1:06:02<9:39:02,  7.73s/it]
PPSurf + Mesh→PC:  10%|█         | 522/5018 [1:06:10<9:32:01,  7.63s/it]
PPSurf + Mesh→PC:  10%|█         | 523/5018 [1:06:17<9:35:27,  7.68s/it]
PPSurf + Mesh→PC:  10%|█         | 524/5018 [1:06:25<9:40:00,  7.74s/it]
PPSurf + Mesh→PC:  10%|█         | 525/5018 [1:06:33<9:38:29,  7.73s/it]
PPSurf + Mesh→PC:  10%|█         | 526/5018 [1:06:40<9:33:08,  7.66s/it]
PPSurf + Mesh→PC:  11%|█         | 527/5018 [1:06:48<9:29:24,  7.61s/it]
PPSurf + Mesh→PC:  11%|█         | 528/5018 [1:06:55<9:24:56,  7.55s/it]
PPSurf + Mesh→PC:  11%|█         | 529/5018 [1:07:03<9:22:30,  7.52s/it]
PPSurf + Mesh→PC:  11%|█         | 530/5018 [1:07:10<9:21:18,  7.50s/it]
PPSurf + Mesh→PC:  11%|█         | 531/5018 [1:07:18<9:30:56,  7.63s/it]
PPSurf + Mesh→PC:  11%|█         | 532/5018 [1:07:26<9:27:13,  7.59s/it]
PPSurf + Mesh→PC:  11%|█         | 533/5018 [1:07:33<9:22:48,  7.53s/it]
PPSurf + Mesh→PC:  11%|█         | 534/5018 [1:07:41<9:30:51,  7.64s/it]
PPSurf + Mesh→PC:  11%|█         | 535/5018 [1:07:49<9:36:07,  7.71s/it]
PPSurf + Mesh→PC:  11%|█         | 536/5018 [1:07:56<9:31:24,  7.65s/it]
PPSurf + Mesh→PC:  11%|█         | 537/5018 [1:08:04<9:39:15,  7.76s/it]
PPSurf + Mesh→PC:  11%|█         | 538/5018 [1:08:12<9:29:16,  7.62s/it]
PPSurf + Mesh→PC:  11%|█         | 539/5018 [1:08:20<9:33:10,  7.68s/it]
PPSurf + Mesh→PC:  11%|█         | 540/5018 [1:08:27<9:38:52,  7.76s/it]
PPSurf + Mesh→PC:  11%|█         | 541/5018 [1:08:35<9:27:58,  7.61s/it]
PPSurf + Mesh→PC:  11%|█         | 542/5018 [1:08:42<9:21:27,  7.53s/it]
PPSurf + Mesh→PC:  11%|█         | 543/5018 [1:08:50<9:27:16,  7.61s/it]
PPSurf + Mesh→PC:  11%|█         | 544/5018 [1:08:58<9:34:53,  7.71s/it]
PPSurf + Mesh→PC:  11%|█         | 545/5018 [1:09:06<9:46:43,  7.87s/it]
PPSurf + Mesh→PC:  11%|█         | 546/5018 [1:09:13<9:32:54,  7.69s/it]
PPSurf + Mesh→PC:  11%|█         | 547/5018 [1:09:22<9:44:14,  7.84s/it]
PPSurf + Mesh→PC:  11%|█         | 548/5018 [1:09:29<9:41:05,  7.80s/it]
PPSurf + Mesh→PC:  11%|█         | 549/5018 [1:09:37<9:38:30,  7.77s/it]
PPSurf + Mesh→PC:  11%|█         | 550/5018 [1:09:44<9:33:23,  7.70s/it]
PPSurf + Mesh→PC:  11%|█         | 551/5018 [1:09:53<9:44:30,  7.85s/it]
PPSurf + Mesh→PC:  11%|█         | 552/5018 [1:10:00<9:40:39,  7.80s/it]
PPSurf + Mesh→PC:  11%|█         | 553/5018 [1:10:08<9:37:48,  7.76s/it]
PPSurf + Mesh→PC:  11%|█         | 554/5018 [1:10:15<9:25:44,  7.60s/it]
PPSurf + Mesh→PC:  11%|█         | 555/5018 [1:10:23<9:24:22,  7.59s/it]
PPSurf + Mesh→PC:  11%|█         | 556/5018 [1:10:30<9:22:42,  7.57s/it]
PPSurf + Mesh→PC:  11%|█         | 557/5018 [1:10:38<9:16:58,  7.49s/it]
PPSurf + Mesh→PC:  11%|█         | 558/5018 [1:10:45<9:18:28,  7.51s/it]
PPSurf + Mesh→PC:  11%|█         | 559/5018 [1:10:53<9:30:26,  7.68s/it]
PPSurf + Mesh→PC:  11%|█         | 560/5018 [1:11:01<9:38:57,  7.79s/it]
PPSurf + Mesh→PC:  11%|█         | 561/5018 [1:11:08<9:23:37,  7.59s/it]
PPSurf + Mesh→PC:  11%|█         | 562/5018 [1:11:16<9:21:47,  7.56s/it]
PPSurf + Mesh→PC:  11%|█         | 563/5018 [1:11:23<9:21:40,  7.56s/it]
PPSurf + Mesh→PC:  11%|█         | 564/5018 [1:11:31<9:30:23,  7.68s/it]
PPSurf + Mesh→PC:  11%|█▏        | 565/5018 [1:11:39<9:19:04,  7.53s/it]
PPSurf + Mesh→PC:  11%|█▏        | 566/5018 [1:11:46<9:18:43,  7.53s/it]
PPSurf + Mesh→PC:  11%|█▏        | 567/5018 [1:11:54<9:24:23,  7.61s/it]
PPSurf + Mesh→PC:  11%|█▏        | 568/5018 [1:12:02<9:24:20,  7.61s/it]
PPSurf + Mesh→PC:  11%|█▏        | 569/5018 [1:12:09<9:16:48,  7.51s/it]
PPSurf + Mesh→PC:  11%|█▏        | 570/5018 [1:12:17<9:23:37,  7.60s/it]
PPSurf + Mesh→PC:  11%|█▏        | 571/5018 [1:12:24<9:24:04,  7.61s/it]
PPSurf + Mesh→PC:  11%|█▏        | 572/5018 [1:12:32<9:28:42,  7.67s/it]
PPSurf + Mesh→PC:  11%|█▏        | 573/5018 [1:12:40<9:23:02,  7.60s/it]
PPSurf + Mesh→PC:  11%|█▏        | 574/5018 [1:12:47<9:18:43,  7.54s/it]
PPSurf + Mesh→PC:  11%|█▏        | 575/5018 [1:12:55<9:26:52,  7.66s/it]
PPSurf + Mesh→PC:  11%|█▏        | 576/5018 [1:13:02<9:14:27,  7.49s/it]
PPSurf + Mesh→PC:  11%|█▏        | 577/5018 [1:13:10<9:17:49,  7.54s/it]
PPSurf + Mesh→PC:  12%|█▏        | 578/5018 [1:13:17<9:16:34,  7.52s/it]
PPSurf + Mesh→PC:  12%|█▏        | 579/5018 [1:13:25<9:13:50,  7.49s/it]
PPSurf + Mesh→PC:  12%|█▏        | 580/5018 [1:13:33<9:27:07,  7.67s/it]
PPSurf + Mesh→PC:  12%|█▏        | 581/5018 [1:13:41<9:34:58,  7.78s/it]
PPSurf + Mesh→PC:  12%|█▏        | 582/5018 [1:13:48<9:30:41,  7.72s/it]
PPSurf + Mesh→PC:  12%|█▏        | 583/5018 [1:13:56<9:34:31,  7.77s/it]
PPSurf + Mesh→PC:  12%|█▏        | 584/5018 [1:14:04<9:26:23,  7.66s/it]
PPSurf + Mesh→PC:  12%|█▏        | 585/5018 [1:14:11<9:29:22,  7.71s/it]
PPSurf + Mesh→PC:  12%|█▏        | 586/5018 [1:14:19<9:22:30,  7.62s/it]
PPSurf + Mesh→PC:  12%|█▏        | 587/5018 [1:14:26<9:17:50,  7.55s/it]
PPSurf + Mesh→PC:  12%|█▏        | 588/5018 [1:14:34<9:21:42,  7.61s/it]
PPSurf + Mesh→PC:  12%|█▏        | 589/5018 [1:14:42<9:26:13,  7.67s/it]
PPSurf + Mesh→PC:  12%|█▏        | 590/5018 [1:14:50<9:29:11,  7.71s/it]
PPSurf + Mesh→PC:  12%|█▏        | 591/5018 [1:14:57<9:31:54,  7.75s/it]
PPSurf + Mesh→PC:  12%|█▏        | 592/5018 [1:15:05<9:23:30,  7.64s/it]
PPSurf + Mesh→PC:  12%|█▏        | 593/5018 [1:15:12<9:21:24,  7.61s/it]
PPSurf + Mesh→PC:  12%|█▏        | 594/5018 [1:15:20<9:15:44,  7.54s/it]
PPSurf + Mesh→PC:  12%|█▏        | 595/5018 [1:15:27<9:04:17,  7.38s/it]
PPSurf + Mesh→PC:  12%|█▏        | 596/5018 [1:15:34<9:10:15,  7.47s/it]
PPSurf + Mesh→PC:  12%|█▏        | 597/5018 [1:15:42<9:13:22,  7.51s/it]
PPSurf + Mesh→PC:  12%|█▏        | 598/5018 [1:15:49<9:13:54,  7.52s/it]
PPSurf + Mesh→PC:  12%|█▏        | 599/5018 [1:15:57<9:19:38,  7.60s/it]
PPSurf + Mesh→PC:  12%|█▏        | 600/5018 [1:16:05<9:29:48,  7.74s/it]
PPSurf + Mesh→PC:  12%|█▏        | 601/5018 [1:16:13<9:29:52,  7.74s/it]
PPSurf + Mesh→PC:  12%|█▏        | 602/5018 [1:16:20<9:16:34,  7.56s/it]
PPSurf + Mesh→PC:  12%|█▏        | 603/5018 [1:16:28<9:11:59,  7.50s/it]
PPSurf + Mesh→PC:  12%|█▏        | 604/5018 [1:16:35<9:15:53,  7.56s/it]
PPSurf + Mesh→PC:  12%|█▏        | 605/5018 [1:16:43<9:09:58,  7.48s/it]
PPSurf + Mesh→PC:  12%|█▏        | 606/5018 [1:16:50<9:06:25,  7.43s/it]
PPSurf + Mesh→PC:  12%|█▏        | 607/5018 [1:16:57<9:06:47,  7.44s/it]
PPSurf + Mesh→PC:  12%|█▏        | 608/5018 [1:17:05<9:10:25,  7.49s/it]
PPSurf + Mesh→PC:  12%|█▏        | 609/5018 [1:17:13<9:15:09,  7.55s/it]
PPSurf + Mesh→PC:  12%|█▏        | 610/5018 [1:17:20<9:12:51,  7.53s/it]
PPSurf + Mesh→PC:  12%|█▏        | 611/5018 [1:17:28<9:22:51,  7.66s/it]
PPSurf + Mesh→PC:  12%|█▏        | 612/5018 [1:17:36<9:20:01,  7.63s/it]
PPSurf + Mesh→PC:  12%|█▏        | 613/5018 [1:17:44<9:30:35,  7.77s/it]
PPSurf + Mesh→PC:  12%|█▏        | 614/5018 [1:17:51<9:18:30,  7.61s/it]
PPSurf + Mesh→PC:  12%|█▏        | 615/5018 [1:17:59<9:23:57,  7.69s/it]
PPSurf + Mesh→PC:  12%|█▏        | 616/5018 [1:18:06<9:15:11,  7.57s/it]
PPSurf + Mesh→PC:  12%|█▏        | 617/5018 [1:18:14<9:11:01,  7.51s/it]
PPSurf + Mesh→PC:  12%|█▏        | 618/5018 [1:18:21<9:07:42,  7.47s/it]
PPSurf + Mesh→PC:  12%|█▏        | 619/5018 [1:18:29<9:13:56,  7.56s/it]
PPSurf + Mesh→PC:  12%|█▏        | 620/5018 [1:18:36<9:10:58,  7.52s/it]
PPSurf + Mesh→PC:  12%|█▏        | 621/5018 [1:18:44<9:15:01,  7.57s/it]
PPSurf + Mesh→PC:  12%|█▏        | 622/5018 [1:18:51<9:10:18,  7.51s/it]
PPSurf + Mesh→PC:  12%|█▏        | 623/5018 [1:18:59<9:08:24,  7.49s/it]
PPSurf + Mesh→PC:  12%|█▏        | 624/5018 [1:19:07<9:20:23,  7.65s/it]
PPSurf + Mesh→PC:  12%|█▏        | 625/5018 [1:19:14<9:11:46,  7.54s/it]
PPSurf + Mesh→PC:  12%|█▏        | 626/5018 [1:19:22<9:19:30,  7.64s/it]
PPSurf + Mesh→PC:  12%|█▏        | 627/5018 [1:19:29<9:17:55,  7.62s/it]
PPSurf + Mesh→PC:  13%|█▎        | 628/5018 [1:19:37<9:18:31,  7.63s/it]
PPSurf + Mesh→PC:  13%|█▎        | 629/5018 [1:19:44<9:09:52,  7.52s/it]
PPSurf + Mesh→PC:  13%|█▎        | 630/5018 [1:19:52<9:08:31,  7.50s/it]
PPSurf + Mesh→PC:  13%|█▎        | 631/5018 [1:19:59<9:08:55,  7.51s/it]
PPSurf + Mesh→PC:  13%|█▎        | 632/5018 [1:20:07<9:08:44,  7.51s/it]
PPSurf + Mesh→PC:  13%|█▎        | 633/5018 [1:20:15<9:18:57,  7.65s/it]
PPSurf + Mesh→PC:  13%|█▎        | 634/5018 [1:20:22<9:09:37,  7.52s/it]
PPSurf + Mesh→PC:  13%|█▎        | 635/5018 [1:20:29<9:10:04,  7.53s/it]
PPSurf + Mesh→PC:  13%|█▎        | 636/5018 [1:20:37<9:06:02,  7.48s/it]
PPSurf + Mesh→PC:  13%|█▎        | 637/5018 [1:20:45<9:10:32,  7.54s/it]
PPSurf + Mesh→PC:  13%|█▎        | 638/5018 [1:20:52<9:09:30,  7.53s/it]
PPSurf + Mesh→PC:  13%|█▎        | 639/5018 [1:20:59<9:04:36,  7.46s/it]
PPSurf + Mesh→PC:  13%|█▎        | 640/5018 [1:21:07<9:05:00,  7.47s/it]
PPSurf + Mesh→PC:  13%|█▎        | 641/5018 [1:21:14<8:58:28,  7.38s/it]
PPSurf + Mesh→PC:  13%|█▎        | 642/5018 [1:21:22<9:02:28,  7.44s/it]
PPSurf + Mesh→PC:  13%|█▎        | 643/5018 [1:21:29<9:07:45,  7.51s/it]
PPSurf + Mesh→PC:  13%|█▎        | 644/5018 [1:21:37<9:09:44,  7.54s/it]
PPSurf + Mesh→PC:  13%|█▎        | 645/5018 [1:21:44<9:10:39,  7.56s/it]
PPSurf + Mesh→PC:  13%|█▎        | 646/5018 [1:21:52<9:03:34,  7.46s/it]
PPSurf + Mesh→PC:  13%|█▎        | 647/5018 [1:21:59<9:03:57,  7.47s/it]
PPSurf + Mesh→PC:  13%|█▎        | 648/5018 [1:22:07<9:07:11,  7.51s/it]
PPSurf + Mesh→PC:  13%|█▎        | 649/5018 [1:22:15<9:15:50,  7.63s/it]
PPSurf + Mesh→PC:  13%|█▎        | 650/5018 [1:22:22<9:04:53,  7.48s/it]
PPSurf + Mesh→PC:  13%|█▎        | 651/5018 [1:22:29<9:03:26,  7.47s/it]
PPSurf + Mesh→PC:  13%|█▎        | 652/5018 [1:22:37<9:07:09,  7.52s/it]
PPSurf + Mesh→PC:  13%|█▎        | 653/5018 [1:22:44<9:06:39,  7.51s/it]
PPSurf + Mesh→PC:  13%|█▎        | 654/5018 [1:22:52<9:14:54,  7.63s/it]
PPSurf + Mesh→PC:  13%|█▎        | 655/5018 [1:23:00<9:20:02,  7.70s/it]
PPSurf + Mesh→PC:  13%|█▎        | 656/5018 [1:23:08<9:33:36,  7.89s/it]
PPSurf + Mesh→PC:  13%|█▎        | 657/5018 [1:23:16<9:27:07,  7.80s/it]
PPSurf + Mesh→PC:  13%|█▎        | 658/5018 [1:23:24<9:20:02,  7.71s/it]
PPSurf + Mesh→PC:  13%|█▎        | 659/5018 [1:23:32<9:24:45,  7.77s/it]
PPSurf + Mesh→PC:  13%|█▎        | 660/5018 [1:23:39<9:20:26,  7.72s/it]
PPSurf + Mesh→PC:  13%|█▎        | 661/5018 [1:23:47<9:15:36,  7.65s/it]
PPSurf + Mesh→PC:  13%|█▎        | 662/5018 [1:23:54<9:12:14,  7.61s/it]
PPSurf + Mesh→PC:  13%|█▎        | 663/5018 [1:24:02<9:19:58,  7.71s/it]
PPSurf + Mesh→PC:  13%|█▎        | 664/5018 [1:24:10<9:27:37,  7.82s/it]
PPSurf + Mesh→PC:  13%|█▎        | 665/5018 [1:24:18<9:23:18,  7.76s/it]
PPSurf + Mesh→PC:  13%|█▎        | 666/5018 [1:24:25<9:13:47,  7.64s/it]
PPSurf + Mesh→PC:  13%|█▎        | 667/5018 [1:24:33<9:20:26,  7.73s/it]
PPSurf + Mesh→PC:  13%|█▎        | 668/5018 [1:24:40<9:10:28,  7.59s/it]
PPSurf + Mesh→PC:  13%|█▎        | 669/5018 [1:24:48<9:07:07,  7.55s/it]
PPSurf + Mesh→PC:  13%|█▎        | 670/5018 [1:24:55<9:03:55,  7.51s/it]
PPSurf + Mesh→PC:  13%|█▎        | 671/5018 [1:25:03<9:15:30,  7.67s/it]
PPSurf + Mesh→PC:  13%|█▎        | 672/5018 [1:25:11<9:10:54,  7.61s/it]
PPSurf + Mesh→PC:  13%|█▎        | 673/5018 [1:25:18<9:06:30,  7.55s/it]
PPSurf + Mesh→PC:  13%|█▎        | 674/5018 [1:25:26<9:09:41,  7.59s/it]
PPSurf + Mesh→PC:  13%|█▎        | 675/5018 [1:25:33<9:05:56,  7.54s/it]
PPSurf + Mesh→PC:  13%|█▎        | 676/5018 [1:25:41<9:16:09,  7.69s/it]
PPSurf + Mesh→PC:  13%|█▎        | 677/5018 [1:25:49<9:09:28,  7.59s/it]
PPSurf + Mesh→PC:  14%|█▎        | 678/5018 [1:25:56<9:08:30,  7.58s/it]
PPSurf + Mesh→PC:  14%|█▎        | 679/5018 [1:26:04<9:10:59,  7.62s/it]
PPSurf + Mesh→PC:  14%|█▎        | 680/5018 [1:26:12<9:11:03,  7.62s/it]
PPSurf + Mesh→PC:  14%|█▎        | 681/5018 [1:26:19<9:18:24,  7.73s/it]
PPSurf + Mesh→PC:  14%|█▎        | 682/5018 [1:26:27<9:19:33,  7.74s/it]
PPSurf + Mesh→PC:  14%|█▎        | 683/5018 [1:26:35<9:11:57,  7.64s/it]
PPSurf + Mesh→PC:  14%|█▎        | 684/5018 [1:26:43<9:17:46,  7.72s/it]
PPSurf + Mesh→PC:  14%|█▎        | 685/5018 [1:26:50<9:04:05,  7.53s/it]
PPSurf + Mesh→PC:  14%|█▎        | 686/5018 [1:26:57<9:03:54,  7.53s/it]
PPSurf + Mesh→PC:  14%|█▎        | 687/5018 [1:27:05<9:00:55,  7.49s/it]
PPSurf + Mesh→PC:  14%|█▎        | 688/5018 [1:27:12<9:08:50,  7.61s/it]
PPSurf + Mesh→PC:  14%|█▎        | 689/5018 [1:27:20<9:07:00,  7.58s/it]
PPSurf + Mesh→PC:  14%|█▍        | 690/5018 [1:27:27<9:03:12,  7.53s/it]
PPSurf + Mesh→PC:  14%|█▍        | 691/5018 [1:27:35<9:09:59,  7.63s/it]
PPSurf + Mesh→PC:  14%|█▍        | 692/5018 [1:27:42<9:01:38,  7.51s/it]
PPSurf + Mesh→PC:  14%|█▍        | 693/5018 [1:27:50<9:06:10,  7.58s/it]
PPSurf + Mesh→PC:  14%|█▍        | 694/5018 [1:27:58<9:02:34,  7.53s/it]
PPSurf + Mesh→PC:  14%|█▍        | 695/5018 [1:28:05<8:58:32,  7.47s/it]
PPSurf + Mesh→PC:  14%|█▍        | 696/5018 [1:28:12<8:56:52,  7.45s/it]
PPSurf + Mesh→PC:  14%|█▍        | 697/5018 [1:28:20<9:01:09,  7.51s/it]
PPSurf + Mesh→PC:  14%|█▍        | 698/5018 [1:28:27<8:53:50,  7.41s/it]
PPSurf + Mesh→PC:  14%|█▍        | 699/5018 [1:28:35<9:01:13,  7.52s/it]
PPSurf + Mesh→PC:  14%|█▍        | 700/5018 [1:28:42<8:52:42,  7.40s/it]
PPSurf + Mesh→PC:  14%|█▍        | 701/5018 [1:28:50<9:02:42,  7.54s/it]
PPSurf + Mesh→PC:  14%|█▍        | 702/5018 [1:28:57<9:00:16,  7.51s/it]
PPSurf + Mesh→PC:  14%|█▍        | 703/5018 [1:29:05<9:11:01,  7.66s/it]
PPSurf + Mesh→PC:  14%|█▍        | 704/5018 [1:29:13<9:06:53,  7.61s/it]
PPSurf + Mesh→PC:  14%|█▍        | 705/5018 [1:29:20<8:59:57,  7.51s/it]
PPSurf + Mesh→PC:  14%|█▍        | 706/5018 [1:29:28<9:07:03,  7.61s/it]
PPSurf + Mesh→PC:  14%|█▍        | 707/5018 [1:29:35<8:59:40,  7.51s/it]
PPSurf + Mesh→PC:  14%|█▍        | 708/5018 [1:29:43<9:03:04,  7.56s/it]
PPSurf + Mesh→PC:  14%|█▍        | 709/5018 [1:29:51<9:14:14,  7.72s/it]
PPSurf + Mesh→PC:  14%|█▍        | 710/5018 [1:29:59<9:16:29,  7.75s/it]
PPSurf + Mesh→PC:  14%|█▍        | 711/5018 [1:30:06<9:07:27,  7.63s/it]
PPSurf + Mesh→PC:  14%|█▍        | 712/5018 [1:30:14<9:13:40,  7.71s/it]
PPSurf + Mesh→PC:  14%|█▍        | 713/5018 [1:30:21<9:03:06,  7.57s/it]
PPSurf + Mesh→PC:  14%|█▍        | 714/5018 [1:30:29<9:01:33,  7.55s/it]
PPSurf + Mesh→PC:  14%|█▍        | 715/5018 [1:30:36<9:01:42,  7.55s/it]
PPSurf + Mesh→PC:  14%|█▍        | 716/5018 [1:30:44<9:00:55,  7.54s/it]
PPSurf + Mesh→PC:  14%|█▍        | 717/5018 [1:30:51<8:55:00,  7.46s/it]
PPSurf + Mesh→PC:  14%|█▍        | 718/5018 [1:30:59<9:04:19,  7.60s/it]
PPSurf + Mesh→PC:  14%|█▍        | 719/5018 [1:31:07<9:03:41,  7.59s/it]
PPSurf + Mesh→PC:  14%|█▍        | 720/5018 [1:31:14<9:04:15,  7.60s/it]
PPSurf + Mesh→PC:  14%|█▍        | 721/5018 [1:31:22<9:13:58,  7.74s/it]
PPSurf + Mesh→PC:  14%|█▍        | 722/5018 [1:31:30<9:08:16,  7.66s/it]
PPSurf + Mesh→PC:  14%|█▍        | 723/5018 [1:31:37<9:01:28,  7.56s/it]
PPSurf + Mesh→PC:  14%|█▍        | 724/5018 [1:31:44<8:54:29,  7.47s/it]
PPSurf + Mesh→PC:  14%|█▍        | 725/5018 [1:31:52<8:58:15,  7.52s/it]
PPSurf + Mesh→PC:  14%|█▍        | 726/5018 [1:31:59<8:52:04,  7.44s/it]
PPSurf + Mesh→PC:  14%|█▍        | 727/5018 [1:32:07<8:54:44,  7.48s/it]
PPSurf + Mesh→PC:  15%|█▍        | 728/5018 [1:32:15<8:57:49,  7.52s/it]
PPSurf + Mesh→PC:  15%|█▍        | 729/5018 [1:32:22<8:54:54,  7.48s/it]
PPSurf + Mesh→PC:  15%|█▍        | 730/5018 [1:32:30<9:00:39,  7.57s/it]
PPSurf + Mesh→PC:  15%|█▍        | 731/5018 [1:32:38<9:09:43,  7.69s/it]
PPSurf + Mesh→PC:  15%|█▍        | 732/5018 [1:32:46<9:17:12,  7.80s/it]
PPSurf + Mesh→PC:  15%|█▍        | 733/5018 [1:32:54<9:16:15,  7.79s/it]
PPSurf + Mesh→PC:  15%|█▍        | 734/5018 [1:33:01<9:04:32,  7.63s/it]
PPSurf + Mesh→PC:  15%|█▍        | 735/5018 [1:33:08<9:03:12,  7.61s/it]
PPSurf + Mesh→PC:  15%|█▍        | 736/5018 [1:33:16<9:00:28,  7.57s/it]
PPSurf + Mesh→PC:  15%|█▍        | 737/5018 [1:33:23<8:56:23,  7.52s/it]
PPSurf + Mesh→PC:  15%|█▍        | 738/5018 [1:33:31<8:55:42,  7.51s/it]
PPSurf + Mesh→PC:  15%|█▍        | 739/5018 [1:33:38<8:57:49,  7.54s/it]
PPSurf + Mesh→PC:  15%|█▍        | 740/5018 [1:33:46<8:59:37,  7.57s/it]
PPSurf + Mesh→PC:  15%|█▍        | 741/5018 [1:33:54<8:59:39,  7.57s/it]
PPSurf + Mesh→PC:  15%|█▍        | 742/5018 [1:34:01<9:06:50,  7.67s/it]
PPSurf + Mesh→PC:  15%|█▍        | 743/5018 [1:34:09<9:06:49,  7.67s/it]
PPSurf + Mesh→PC:  15%|█▍        | 744/5018 [1:34:17<9:03:11,  7.63s/it]
PPSurf + Mesh→PC:  15%|█▍        | 745/5018 [1:34:24<8:56:30,  7.53s/it]
PPSurf + Mesh→PC:  15%|█▍        | 746/5018 [1:34:32<9:00:11,  7.59s/it]
PPSurf + Mesh→PC:  15%|█▍        | 747/5018 [1:34:40<9:11:30,  7.75s/it]
PPSurf + Mesh→PC:  15%|█▍        | 748/5018 [1:34:47<9:08:58,  7.71s/it]
PPSurf + Mesh→PC:  15%|█▍        | 749/5018 [1:34:55<9:03:40,  7.64s/it]
PPSurf + Mesh→PC:  15%|█▍        | 750/5018 [1:35:03<9:03:43,  7.64s/it]
PPSurf + Mesh→PC:  15%|█▍        | 751/5018 [1:35:10<8:59:41,  7.59s/it]
PPSurf + Mesh→PC:  15%|█▍        | 752/5018 [1:35:18<9:01:21,  7.61s/it]
PPSurf + Mesh→PC:  15%|█▌        | 753/5018 [1:35:25<8:55:54,  7.54s/it]
PPSurf + Mesh→PC:  15%|█▌        | 754/5018 [1:35:33<8:55:32,  7.54s/it]
PPSurf + Mesh→PC:  15%|█▌        | 755/5018 [1:35:40<8:47:57,  7.43s/it]
PPSurf + Mesh→PC:  15%|█▌        | 756/5018 [1:35:47<8:46:38,  7.41s/it]
PPSurf + Mesh→PC:  15%|█▌        | 757/5018 [1:35:55<8:47:23,  7.43s/it]
PPSurf + Mesh→PC:  15%|█▌        | 758/5018 [1:36:02<8:43:16,  7.37s/it]
PPSurf + Mesh→PC:  15%|█▌        | 759/5018 [1:36:10<8:55:01,  7.54s/it]
PPSurf + Mesh→PC:  15%|█▌        | 760/5018 [1:36:18<9:06:38,  7.70s/it]
PPSurf + Mesh→PC:  15%|█▌        | 761/5018 [1:36:26<9:12:40,  7.79s/it]
PPSurf + Mesh→PC:  15%|█▌        | 762/5018 [1:36:34<9:10:01,  7.75s/it]
PPSurf + Mesh→PC:  15%|█▌        | 763/5018 [1:36:41<9:05:34,  7.69s/it]
PPSurf + Mesh→PC:  15%|█▌        | 764/5018 [1:36:48<8:59:06,  7.60s/it]
PPSurf + Mesh→PC:  15%|█▌        | 765/5018 [1:36:56<8:53:42,  7.53s/it]
PPSurf + Mesh→PC:  15%|█▌        | 766/5018 [1:37:03<8:46:55,  7.44s/it]
PPSurf + Mesh→PC:  15%|█▌        | 767/5018 [1:37:10<8:40:48,  7.35s/it]
PPSurf + Mesh→PC:  15%|█▌        | 768/5018 [1:37:17<8:34:10,  7.26s/it]
PPSurf + Mesh→PC:  15%|█▌        | 769/5018 [1:37:25<8:41:33,  7.36s/it]
PPSurf + Mesh→PC:  15%|█▌        | 770/5018 [1:37:32<8:39:26,  7.34s/it]
PPSurf + Mesh→PC:  15%|█▌        | 771/5018 [1:37:40<8:53:26,  7.54s/it]
PPSurf + Mesh→PC:  15%|█▌        | 772/5018 [1:37:48<8:57:40,  7.60s/it]
PPSurf + Mesh→PC:  15%|█▌        | 773/5018 [1:37:55<8:55:27,  7.57s/it]
PPSurf + Mesh→PC:  15%|█▌        | 774/5018 [1:38:03<8:52:24,  7.53s/it]
PPSurf + Mesh→PC:  15%|█▌        | 775/5018 [1:38:10<8:49:05,  7.48s/it]
PPSurf + Mesh→PC:  15%|█▌        | 776/5018 [1:38:18<8:53:16,  7.54s/it]
PPSurf + Mesh→PC:  15%|█▌        | 777/5018 [1:38:25<8:52:17,  7.53s/it]
PPSurf + Mesh→PC:  16%|█▌        | 778/5018 [1:38:32<8:40:43,  7.37s/it]
PPSurf + Mesh→PC:  16%|█▌        | 779/5018 [1:38:40<8:40:44,  7.37s/it]
PPSurf + Mesh→PC:  16%|█▌        | 780/5018 [1:38:47<8:41:57,  7.39s/it]
PPSurf + Mesh→PC:  16%|█▌        | 781/5018 [1:38:55<8:45:24,  7.44s/it]
PPSurf + Mesh→PC:  16%|█▌        | 782/5018 [1:39:02<8:47:12,  7.47s/it]
PPSurf + Mesh→PC:  16%|█▌        | 783/5018 [1:39:10<8:57:55,  7.62s/it]
PPSurf + Mesh→PC:  16%|█▌        | 784/5018 [1:39:18<9:06:13,  7.74s/it]
PPSurf + Mesh→PC:  16%|█▌        | 785/5018 [1:39:26<9:04:37,  7.72s/it]
PPSurf + Mesh→PC:  16%|█▌        | 786/5018 [1:39:33<8:58:48,  7.64s/it]
PPSurf + Mesh→PC:  16%|█▌        | 787/5018 [1:39:41<9:01:42,  7.68s/it]
PPSurf + Mesh→PC:  16%|█▌        | 788/5018 [1:39:49<8:58:33,  7.64s/it]
PPSurf + Mesh→PC:  16%|█▌        | 789/5018 [1:39:56<8:57:36,  7.63s/it]
PPSurf + Mesh→PC:  16%|█▌        | 790/5018 [1:40:04<8:53:28,  7.57s/it]
PPSurf + Mesh→PC:  16%|█▌        | 791/5018 [1:40:11<8:55:48,  7.61s/it]
PPSurf + Mesh→PC:  16%|█▌        | 792/5018 [1:40:19<8:50:19,  7.53s/it]
PPSurf + Mesh→PC:  16%|█▌        | 793/5018 [1:40:26<8:46:36,  7.48s/it]
PPSurf + Mesh→PC:  16%|█▌        | 794/5018 [1:40:34<8:46:59,  7.49s/it]
PPSurf + Mesh→PC:  16%|█▌        | 795/5018 [1:40:41<8:42:21,  7.42s/it]
PPSurf + Mesh→PC:  16%|█▌        | 796/5018 [1:40:49<8:47:08,  7.49s/it]
PPSurf + Mesh→PC:  16%|█▌        | 797/5018 [1:40:56<8:46:40,  7.49s/it]
PPSurf + Mesh→PC:  16%|█▌        | 798/5018 [1:41:03<8:44:17,  7.45s/it]
PPSurf + Mesh→PC:  16%|█▌        | 799/5018 [1:41:11<8:47:36,  7.50s/it]
PPSurf + Mesh→PC:  16%|█▌        | 800/5018 [1:41:19<8:49:22,  7.53s/it]
PPSurf + Mesh→PC:  16%|█▌        | 801/5018 [1:41:26<8:45:12,  7.47s/it]
PPSurf + Mesh→PC:  16%|█▌        | 802/5018 [1:41:34<8:47:43,  7.51s/it]
PPSurf + Mesh→PC:  16%|█▌        | 803/5018 [1:41:41<8:49:35,  7.54s/it]
PPSurf + Mesh→PC:  16%|█▌        | 804/5018 [1:41:49<8:57:05,  7.65s/it]
PPSurf + Mesh→PC:  16%|█▌        | 805/5018 [1:41:57<9:02:01,  7.72s/it]
PPSurf + Mesh→PC:  16%|█▌        | 806/5018 [1:42:05<9:01:21,  7.71s/it]
PPSurf + Mesh→PC:  16%|█▌        | 807/5018 [1:42:12<8:59:13,  7.68s/it]
PPSurf + Mesh→PC:  16%|█▌        | 808/5018 [1:42:20<8:55:33,  7.63s/it]
PPSurf + Mesh→PC:  16%|█▌        | 809/5018 [1:42:28<8:57:51,  7.67s/it]
PPSurf + Mesh→PC:  16%|█▌        | 810/5018 [1:42:35<8:52:12,  7.59s/it]
PPSurf + Mesh→PC:  16%|█▌        | 811/5018 [1:42:43<8:54:17,  7.62s/it]
PPSurf + Mesh→PC:  16%|█▌        | 812/5018 [1:42:50<8:52:47,  7.60s/it]
PPSurf + Mesh→PC:  16%|█▌        | 813/5018 [1:42:58<8:52:25,  7.60s/it]
PPSurf + Mesh→PC:  16%|█▌        | 814/5018 [1:43:05<8:53:13,  7.61s/it]
PPSurf + Mesh→PC:  16%|█▌        | 815/5018 [1:43:12<8:41:59,  7.45s/it]
PPSurf + Mesh→PC:  16%|█▋        | 816/5018 [1:43:20<8:42:40,  7.46s/it]
PPSurf + Mesh→PC:  16%|█▋        | 817/5018 [1:43:27<8:42:05,  7.46s/it]
PPSurf + Mesh→PC:  16%|█▋        | 818/5018 [1:43:35<8:47:51,  7.54s/it]
PPSurf + Mesh→PC:  16%|█▋        | 819/5018 [1:43:42<8:42:09,  7.46s/it]
PPSurf + Mesh→PC:  16%|█▋        | 820/5018 [1:43:50<8:44:26,  7.50s/it]
PPSurf + Mesh→PC:  16%|█▋        | 821/5018 [1:43:58<8:56:07,  7.66s/it]
PPSurf + Mesh→PC:  16%|█▋        | 822/5018 [1:44:05<8:49:39,  7.57s/it]
PPSurf + Mesh→PC:  16%|█▋        | 823/5018 [1:44:13<8:52:02,  7.61s/it]
PPSurf + Mesh→PC:  16%|█▋        | 824/5018 [1:44:21<8:55:12,  7.66s/it]
PPSurf + Mesh→PC:  16%|█▋        | 825/5018 [1:44:28<8:47:19,  7.55s/it]
PPSurf + Mesh→PC:  16%|█▋        | 826/5018 [1:44:36<8:48:13,  7.56s/it]
PPSurf + Mesh→PC:  16%|█▋        | 827/5018 [1:44:43<8:44:11,  7.50s/it]
PPSurf + Mesh→PC:  17%|█▋        | 828/5018 [1:44:51<8:47:10,  7.55s/it]
PPSurf + Mesh→PC:  17%|█▋        | 829/5018 [1:44:59<8:50:49,  7.60s/it]
PPSurf + Mesh→PC:  17%|█▋        | 830/5018 [1:45:06<8:43:32,  7.50s/it]
PPSurf + Mesh→PC:  17%|█▋        | 831/5018 [1:45:14<8:49:46,  7.59s/it]
PPSurf + Mesh→PC:  17%|█▋        | 832/5018 [1:45:21<8:53:09,  7.64s/it]
PPSurf + Mesh→PC:  17%|█▋        | 833/5018 [1:45:29<8:57:27,  7.71s/it]
PPSurf + Mesh→PC:  17%|█▋        | 834/5018 [1:45:36<8:46:50,  7.56s/it]
PPSurf + Mesh→PC:  17%|█▋        | 835/5018 [1:45:44<8:46:12,  7.55s/it]
PPSurf + Mesh→PC:  17%|█▋        | 836/5018 [1:45:51<8:42:10,  7.49s/it]
PPSurf + Mesh→PC:  17%|█▋        | 837/5018 [1:45:58<8:34:53,  7.39s/it]
PPSurf + Mesh→PC:  17%|█▋        | 838/5018 [1:46:06<8:30:32,  7.33s/it]
PPSurf + Mesh→PC:  17%|█▋        | 839/5018 [1:46:13<8:36:29,  7.42s/it]
PPSurf + Mesh→PC:  17%|█▋        | 840/5018 [1:46:21<8:43:08,  7.51s/it]
PPSurf + Mesh→PC:  17%|█▋        | 841/5018 [1:46:28<8:37:10,  7.43s/it]
PPSurf + Mesh→PC:  17%|█▋        | 842/5018 [1:46:36<8:41:34,  7.49s/it]
PPSurf + Mesh→PC:  17%|█▋        | 843/5018 [1:46:43<8:38:35,  7.45s/it]
PPSurf + Mesh→PC:  17%|█▋        | 844/5018 [1:46:50<8:33:53,  7.39s/it]
PPSurf + Mesh→PC:  17%|█▋        | 845/5018 [1:46:58<8:35:24,  7.41s/it]
PPSurf + Mesh→PC:  17%|█▋        | 846/5018 [1:47:05<8:34:43,  7.40s/it]
PPSurf + Mesh→PC:  17%|█▋        | 847/5018 [1:47:13<8:33:39,  7.39s/it]
PPSurf + Mesh→PC:  17%|█▋        | 848/5018 [1:47:20<8:32:09,  7.37s/it]
PPSurf + Mesh→PC:  17%|█▋        | 849/5018 [1:47:27<8:32:21,  7.37s/it]
PPSurf + Mesh→PC:  17%|█▋        | 850/5018 [1:47:35<8:29:38,  7.34s/it]
PPSurf + Mesh→PC:  17%|█▋        | 851/5018 [1:47:42<8:38:36,  7.47s/it]
PPSurf + Mesh→PC:  17%|█▋        | 852/5018 [1:47:50<8:38:01,  7.46s/it]
PPSurf + Mesh→PC:  17%|█▋        | 853/5018 [1:47:57<8:36:20,  7.44s/it]
PPSurf + Mesh→PC:  17%|█▋        | 854/5018 [1:48:05<8:40:58,  7.51s/it]
PPSurf + Mesh→PC:  17%|█▋        | 855/5018 [1:48:12<8:39:56,  7.49s/it]
PPSurf + Mesh→PC:  17%|█▋        | 856/5018 [1:48:20<8:33:09,  7.40s/it]
PPSurf + Mesh→PC:  17%|█▋        | 857/5018 [1:48:27<8:37:21,  7.46s/it]
PPSurf + Mesh→PC:  17%|█▋        | 858/5018 [1:48:34<8:35:15,  7.43s/it]
PPSurf + Mesh→PC:  17%|█▋        | 859/5018 [1:48:42<8:38:51,  7.49s/it]
PPSurf + Mesh→PC:  17%|█▋        | 860/5018 [1:48:50<8:39:26,  7.50s/it]
PPSurf + Mesh→PC:  17%|█▋        | 861/5018 [1:48:57<8:40:51,  7.52s/it]
PPSurf + Mesh→PC:  17%|█▋        | 862/5018 [1:49:05<8:38:28,  7.49s/it]
PPSurf + Mesh→PC:  17%|█▋        | 863/5018 [1:49:12<8:38:07,  7.48s/it]
PPSurf + Mesh→PC:  17%|█▋        | 864/5018 [1:49:19<8:34:44,  7.43s/it]
PPSurf + Mesh→PC:  17%|█▋        | 865/5018 [1:49:27<8:46:08,  7.60s/it]
PPSurf + Mesh→PC:  17%|█▋        | 866/5018 [1:49:35<8:42:12,  7.55s/it]
PPSurf + Mesh→PC:  17%|█▋        | 867/5018 [1:49:43<8:45:56,  7.60s/it]
PPSurf + Mesh→PC:  17%|█▋        | 868/5018 [1:49:50<8:42:31,  7.55s/it]
PPSurf + Mesh→PC:  17%|█▋        | 869/5018 [1:49:57<8:41:29,  7.54s/it]
PPSurf + Mesh→PC:  17%|█▋        | 870/5018 [1:50:05<8:41:32,  7.54s/it]
PPSurf + Mesh→PC:  17%|█▋        | 871/5018 [1:50:13<8:39:46,  7.52s/it]
PPSurf + Mesh→PC:  17%|█▋        | 872/5018 [1:50:20<8:37:51,  7.49s/it]
PPSurf + Mesh→PC:  17%|█▋        | 873/5018 [1:50:27<8:33:11,  7.43s/it]
PPSurf + Mesh→PC:  17%|█▋        | 874/5018 [1:50:35<8:34:06,  7.44s/it]
PPSurf + Mesh→PC:  17%|█▋        | 875/5018 [1:50:42<8:32:51,  7.43s/it]
PPSurf + Mesh→PC:  17%|█▋        | 876/5018 [1:50:50<8:37:02,  7.49s/it]
PPSurf + Mesh→PC:  17%|█▋        | 877/5018 [1:50:57<8:35:09,  7.46s/it]
PPSurf + Mesh→PC:  17%|█▋        | 878/5018 [1:51:04<8:32:45,  7.43s/it]
PPSurf + Mesh→PC:  18%|█▊        | 879/5018 [1:51:13<8:46:59,  7.64s/it]
PPSurf + Mesh→PC:  18%|█▊        | 880/5018 [1:51:20<8:46:19,  7.63s/it]
PPSurf + Mesh→PC:  18%|█▊        | 881/5018 [1:51:27<8:38:32,  7.52s/it]
PPSurf + Mesh→PC:  18%|█▊        | 882/5018 [1:51:35<8:40:00,  7.54s/it]
PPSurf + Mesh→PC:  18%|█▊        | 883/5018 [1:51:43<8:38:33,  7.52s/it]
PPSurf + Mesh→PC:  18%|█▊        | 884/5018 [1:51:50<8:35:52,  7.49s/it]
PPSurf + Mesh→PC:  18%|█▊        | 885/5018 [1:51:57<8:30:51,  7.42s/it]
PPSurf + Mesh→PC:  18%|█▊        | 886/5018 [1:52:04<8:23:24,  7.31s/it]
PPSurf + Mesh→PC:  18%|█▊        | 887/5018 [1:52:11<8:21:15,  7.28s/it]
PPSurf + Mesh→PC:  18%|█▊        | 888/5018 [1:52:19<8:28:44,  7.39s/it]
PPSurf + Mesh→PC:  18%|█▊        | 889/5018 [1:52:26<8:26:10,  7.36s/it]
PPSurf + Mesh→PC:  18%|█▊        | 890/5018 [1:52:34<8:26:28,  7.36s/it]
PPSurf + Mesh→PC:  18%|█▊        | 891/5018 [1:52:41<8:27:25,  7.38s/it]
PPSurf + Mesh→PC:  18%|█▊        | 892/5018 [1:52:49<8:28:22,  7.39s/it]
PPSurf + Mesh→PC:  18%|█▊        | 893/5018 [1:52:56<8:28:40,  7.40s/it]
PPSurf + Mesh→PC:  18%|█▊        | 894/5018 [1:53:04<8:30:54,  7.43s/it]
PPSurf + Mesh→PC:  18%|█▊        | 895/5018 [1:53:11<8:31:50,  7.45s/it]
PPSurf + Mesh→PC:  18%|█▊        | 896/5018 [1:53:19<8:36:56,  7.52s/it]
PPSurf + Mesh→PC:  18%|█▊        | 897/5018 [1:53:26<8:32:03,  7.46s/it]
PPSurf + Mesh→PC:  18%|█▊        | 898/5018 [1:53:34<8:32:41,  7.47s/it]
PPSurf + Mesh→PC:  18%|█▊        | 899/5018 [1:53:41<8:40:11,  7.58s/it]
PPSurf + Mesh→PC:  18%|█▊        | 900/5018 [1:53:49<8:35:46,  7.51s/it]
PPSurf + Mesh→PC:  18%|█▊        | 901/5018 [1:53:56<8:38:11,  7.55s/it]
PPSurf + Mesh→PC:  18%|█▊        | 902/5018 [1:54:04<8:37:58,  7.55s/it]
PPSurf + Mesh→PC:  18%|█▊        | 903/5018 [1:54:11<8:38:20,  7.56s/it]
PPSurf + Mesh→PC:  18%|█▊        | 904/5018 [1:54:19<8:36:08,  7.53s/it]
PPSurf + Mesh→PC:  18%|█▊        | 905/5018 [1:54:27<8:37:48,  7.55s/it]
PPSurf + Mesh→PC:  18%|█▊        | 906/5018 [1:54:34<8:36:56,  7.54s/it]
PPSurf + Mesh→PC:  18%|█▊        | 907/5018 [1:54:42<8:41:06,  7.61s/it]
PPSurf + Mesh→PC:  18%|█▊        | 908/5018 [1:54:49<8:35:43,  7.53s/it]
PPSurf + Mesh→PC:  18%|█▊        | 909/5018 [1:54:57<8:40:23,  7.60s/it]
PPSurf + Mesh→PC:  18%|█▊        | 910/5018 [1:55:05<8:46:34,  7.69s/it]
PPSurf + Mesh→PC:  18%|█▊        | 911/5018 [1:55:12<8:43:04,  7.64s/it]
PPSurf + Mesh→PC:  18%|█▊        | 912/5018 [1:55:20<8:36:37,  7.55s/it]
PPSurf + Mesh→PC:  18%|█▊        | 913/5018 [1:55:27<8:37:00,  7.56s/it]
PPSurf + Mesh→PC:  18%|█▊        | 914/5018 [1:55:35<8:34:53,  7.53s/it]
PPSurf + Mesh→PC:  18%|█▊        | 915/5018 [1:55:42<8:34:55,  7.53s/it]
PPSurf + Mesh→PC:  18%|█▊        | 916/5018 [1:55:50<8:32:55,  7.50s/it]
PPSurf + Mesh→PC:  18%|█▊        | 917/5018 [1:55:57<8:30:06,  7.46s/it]
PPSurf + Mesh→PC:  18%|█▊        | 918/5018 [1:56:05<8:30:41,  7.47s/it]
PPSurf + Mesh→PC:  18%|█▊        | 919/5018 [1:56:12<8:30:57,  7.48s/it]
PPSurf + Mesh→PC:  18%|█▊        | 920/5018 [1:56:19<8:24:44,  7.39s/it]
PPSurf + Mesh→PC:  18%|█▊        | 921/5018 [1:56:27<8:40:52,  7.63s/it]
PPSurf + Mesh→PC:  18%|█▊        | 922/5018 [1:56:35<8:36:30,  7.57s/it]
PPSurf + Mesh→PC:  18%|█▊        | 923/5018 [1:56:43<8:38:54,  7.60s/it]
PPSurf + Mesh→PC:  18%|█▊        | 924/5018 [1:56:50<8:37:48,  7.59s/it]
PPSurf + Mesh→PC:  18%|█▊        | 925/5018 [1:56:58<8:34:43,  7.55s/it]
PPSurf + Mesh→PC:  18%|█▊        | 926/5018 [1:57:05<8:30:01,  7.48s/it]
PPSurf + Mesh→PC:  18%|█▊        | 927/5018 [1:57:12<8:27:52,  7.45s/it]
PPSurf + Mesh→PC:  18%|█▊        | 928/5018 [1:57:20<8:25:42,  7.42s/it]
PPSurf + Mesh→PC:  19%|█▊        | 929/5018 [1:57:27<8:34:29,  7.55s/it]
PPSurf + Mesh→PC:  19%|█▊        | 930/5018 [1:57:35<8:29:49,  7.48s/it]
PPSurf + Mesh→PC:  19%|█▊        | 931/5018 [1:57:42<8:24:40,  7.41s/it]
PPSurf + Mesh→PC:  19%|█▊        | 932/5018 [1:57:50<8:35:15,  7.57s/it]
PPSurf + Mesh→PC:  19%|█▊        | 933/5018 [1:57:57<8:26:52,  7.44s/it]
PPSurf + Mesh→PC:  19%|█▊        | 934/5018 [1:58:04<8:22:10,  7.38s/it]
PPSurf + Mesh→PC:  19%|█▊        | 935/5018 [1:58:12<8:33:11,  7.54s/it]
PPSurf + Mesh→PC:  19%|█▊        | 936/5018 [1:58:20<8:29:21,  7.49s/it]
PPSurf + Mesh→PC:  19%|█▊        | 937/5018 [1:58:27<8:26:54,  7.45s/it]
PPSurf + Mesh→PC:  19%|█▊        | 938/5018 [1:58:35<8:30:03,  7.50s/it]
PPSurf + Mesh→PC:  19%|█▊        | 939/5018 [1:58:42<8:31:51,  7.53s/it]
PPSurf + Mesh→PC:  19%|█▊        | 940/5018 [1:58:50<8:32:43,  7.54s/it]
PPSurf + Mesh→PC:  19%|█▉        | 941/5018 [1:58:57<8:31:05,  7.52s/it]
PPSurf + Mesh→PC:  19%|█▉        | 942/5018 [1:59:05<8:27:27,  7.47s/it]
PPSurf + Mesh→PC:  19%|█▉        | 943/5018 [1:59:12<8:27:57,  7.48s/it]
PPSurf + Mesh→PC:  19%|█▉        | 944/5018 [1:59:19<8:25:20,  7.44s/it]
PPSurf + Mesh→PC:  19%|█▉        | 945/5018 [1:59:27<8:27:58,  7.48s/it]
PPSurf + Mesh→PC:  19%|█▉        | 946/5018 [1:59:35<8:31:24,  7.54s/it]
PPSurf + Mesh→PC:  19%|█▉        | 947/5018 [1:59:42<8:32:16,  7.55s/it]
PPSurf + Mesh→PC:  19%|█▉        | 948/5018 [1:59:50<8:29:02,  7.50s/it]
PPSurf + Mesh→PC:  19%|█▉        | 949/5018 [1:59:57<8:31:06,  7.54s/it]
PPSurf + Mesh→PC:  19%|█▉        | 950/5018 [2:00:05<8:29:37,  7.52s/it]
PPSurf + Mesh→PC:  19%|█▉        | 951/5018 [2:00:12<8:24:32,  7.44s/it]
PPSurf + Mesh→PC:  19%|█▉        | 952/5018 [2:00:20<8:31:10,  7.54s/it]
PPSurf + Mesh→PC:  19%|█▉        | 953/5018 [2:00:27<8:26:53,  7.48s/it]
PPSurf + Mesh→PC:  19%|█▉        | 954/5018 [2:00:35<8:25:13,  7.46s/it]
PPSurf + Mesh→PC:  19%|█▉        | 955/5018 [2:00:42<8:26:31,  7.48s/it]
PPSurf + Mesh→PC:  19%|█▉        | 956/5018 [2:00:49<8:24:36,  7.45s/it]
PPSurf + Mesh→PC:  19%|█▉        | 957/5018 [2:00:57<8:25:25,  7.47s/it]
PPSurf + Mesh→PC:  19%|█▉        | 958/5018 [2:01:05<8:27:24,  7.50s/it]
PPSurf + Mesh→PC:  19%|█▉        | 959/5018 [2:01:12<8:24:42,  7.46s/it]
PPSurf + Mesh→PC:  19%|█▉        | 960/5018 [2:01:20<8:28:06,  7.51s/it]
PPSurf + Mesh→PC:  19%|█▉        | 961/5018 [2:01:27<8:26:06,  7.48s/it]
PPSurf + Mesh→PC:  19%|█▉        | 962/5018 [2:01:34<8:25:02,  7.47s/it]
PPSurf + Mesh→PC:  19%|█▉        | 963/5018 [2:01:42<8:30:10,  7.55s/it]
PPSurf + Mesh→PC:  19%|█▉        | 964/5018 [2:01:49<8:23:27,  7.45s/it]
PPSurf + Mesh→PC:  19%|█▉        | 965/5018 [2:01:56<8:16:33,  7.35s/it]
PPSurf + Mesh→PC:  19%|█▉        | 966/5018 [2:02:04<8:20:09,  7.41s/it]
PPSurf + Mesh→PC:  19%|█▉        | 967/5018 [2:02:11<8:18:16,  7.38s/it]
PPSurf + Mesh→PC:  19%|█▉        | 968/5018 [2:02:19<8:17:55,  7.38s/it]
PPSurf + Mesh→PC:  19%|█▉        | 969/5018 [2:02:27<8:27:07,  7.51s/it]
PPSurf + Mesh→PC:  19%|█▉        | 970/5018 [2:02:34<8:22:37,  7.45s/it]
PPSurf + Mesh→PC:  19%|█▉        | 971/5018 [2:02:41<8:26:45,  7.51s/it]
PPSurf + Mesh→PC:  19%|█▉        | 972/5018 [2:02:49<8:28:55,  7.55s/it]
PPSurf + Mesh→PC:  19%|█▉        | 973/5018 [2:02:57<8:25:47,  7.50s/it]
PPSurf + Mesh→PC:  19%|█▉        | 974/5018 [2:03:04<8:20:28,  7.43s/it]
PPSurf + Mesh→PC:  19%|█▉        | 975/5018 [2:03:11<8:20:18,  7.42s/it]
PPSurf + Mesh→PC:  19%|█▉        | 976/5018 [2:03:19<8:19:07,  7.41s/it]
PPSurf + Mesh→PC:  19%|█▉        | 977/5018 [2:03:26<8:20:15,  7.43s/it]
PPSurf + Mesh→PC:  19%|█▉        | 978/5018 [2:03:33<8:18:21,  7.40s/it]
PPSurf + Mesh→PC:  20%|█▉        | 979/5018 [2:03:41<8:23:48,  7.48s/it]
PPSurf + Mesh→PC:  20%|█▉        | 980/5018 [2:03:48<8:22:32,  7.47s/it]
PPSurf + Mesh→PC:  20%|█▉        | 981/5018 [2:03:56<8:22:40,  7.47s/it]
PPSurf + Mesh→PC:  20%|█▉        | 982/5018 [2:04:04<8:27:15,  7.54s/it]
PPSurf + Mesh→PC:  20%|█▉        | 983/5018 [2:04:11<8:26:44,  7.54s/it]
PPSurf + Mesh→PC:  20%|█▉        | 984/5018 [2:04:19<8:30:07,  7.59s/it]
PPSurf + Mesh→PC:  20%|█▉        | 985/5018 [2:04:26<8:28:36,  7.57s/it]
PPSurf + Mesh→PC:  20%|█▉        | 986/5018 [2:04:34<8:25:19,  7.52s/it]
PPSurf + Mesh→PC:  20%|█▉        | 987/5018 [2:04:41<8:22:52,  7.49s/it]
PPSurf + Mesh→PC:  20%|█▉        | 988/5018 [2:04:49<8:23:05,  7.49s/it]
PPSurf + Mesh→PC:  20%|█▉        | 989/5018 [2:04:56<8:25:28,  7.53s/it]
PPSurf + Mesh→PC:  20%|█▉        | 990/5018 [2:05:04<8:19:33,  7.44s/it]
PPSurf + Mesh→PC:  20%|█▉        | 991/5018 [2:05:11<8:16:45,  7.40s/it]
PPSurf + Mesh→PC:  20%|█▉        | 992/5018 [2:05:18<8:15:38,  7.39s/it]
PPSurf + Mesh→PC:  20%|█▉        | 993/5018 [2:05:26<8:20:29,  7.46s/it]
PPSurf + Mesh→PC:  20%|█▉        | 994/5018 [2:05:33<8:19:33,  7.45s/it]
PPSurf + Mesh→PC:  20%|█▉        | 995/5018 [2:05:41<8:22:41,  7.50s/it]
PPSurf + Mesh→PC:  20%|█▉        | 996/5018 [2:05:48<8:20:17,  7.46s/it]
PPSurf + Mesh→PC:  20%|█▉        | 997/5018 [2:05:56<8:26:55,  7.56s/it]
PPSurf + Mesh→PC:  20%|█▉        | 998/5018 [2:06:04<8:24:24,  7.53s/it]
PPSurf + Mesh→PC:  20%|█▉        | 999/5018 [2:06:11<8:24:10,  7.53s/it]
PPSurf + Mesh→PC:  20%|█▉        | 1000/5018 [2:06:19<8:28:11,  7.59s/it]
PPSurf + Mesh→PC:  20%|█▉        | 1001/5018 [2:06:26<8:24:36,  7.54s/it]
PPSurf + Mesh→PC:  20%|█▉        | 1002/5018 [2:06:34<8:21:54,  7.50s/it]
PPSurf + Mesh→PC:  20%|█▉        | 1003/5018 [2:06:41<8:23:17,  7.52s/it]
PPSurf + Mesh→PC:  20%|██        | 1004/5018 [2:06:49<8:28:30,  7.60s/it]
PPSurf + Mesh→PC:  20%|██        | 1005/5018 [2:06:56<8:25:04,  7.55s/it]
PPSurf + Mesh→PC:  20%|██        | 1006/5018 [2:07:04<8:22:11,  7.51s/it]
PPSurf + Mesh→PC:  20%|██        | 1007/5018 [2:07:11<8:18:07,  7.45s/it]
PPSurf + Mesh→PC:  20%|██        | 1008/5018 [2:07:19<8:21:54,  7.51s/it]
PPSurf + Mesh→PC:  20%|██        | 1009/5018 [2:07:26<8:20:04,  7.48s/it]
PPSurf + Mesh→PC:  20%|██        | 1010/5018 [2:07:34<8:20:01,  7.49s/it]
PPSurf + Mesh→PC:  20%|██        | 1011/5018 [2:07:41<8:18:04,  7.46s/it]
PPSurf + Mesh→PC:  20%|██        | 1012/5018 [2:07:49<8:19:09,  7.48s/it]
PPSurf + Mesh→PC:  20%|██        | 1013/5018 [2:07:56<8:15:25,  7.42s/it]
PPSurf + Mesh→PC:  20%|██        | 1014/5018 [2:08:04<8:20:35,  7.50s/it]
PPSurf + Mesh→PC:  20%|██        | 1015/5018 [2:08:11<8:12:40,  7.38s/it]
PPSurf + Mesh→PC:  20%|██        | 1016/5018 [2:08:18<8:14:09,  7.41s/it]
PPSurf + Mesh→PC:  20%|██        | 1017/5018 [2:08:26<8:19:30,  7.49s/it]
PPSurf + Mesh→PC:  20%|██        | 1018/5018 [2:08:33<8:17:01,  7.46s/it]
PPSurf + Mesh→PC:  20%|██        | 1019/5018 [2:08:41<8:20:51,  7.51s/it]
PPSurf + Mesh→PC:  20%|██        | 1020/5018 [2:08:49<8:23:40,  7.56s/it]
PPSurf + Mesh→PC:  20%|██        | 1021/5018 [2:08:56<8:21:38,  7.53s/it]
PPSurf + Mesh→PC:  20%|██        | 1022/5018 [2:09:03<8:20:36,  7.52s/it]
PPSurf + Mesh→PC:  20%|██        | 1023/5018 [2:09:11<8:20:18,  7.51s/it]
PPSurf + Mesh→PC:  20%|██        | 1024/5018 [2:09:19<8:20:43,  7.52s/it]
PPSurf + Mesh→PC:  20%|██        | 1025/5018 [2:09:26<8:21:06,  7.53s/it]
PPSurf + Mesh→PC:  20%|██        | 1026/5018 [2:09:33<8:17:03,  7.47s/it]
PPSurf + Mesh→PC:  20%|██        | 1027/5018 [2:09:41<8:17:32,  7.48s/it]
PPSurf + Mesh→PC:  20%|██        | 1028/5018 [2:09:49<8:23:33,  7.57s/it]
PPSurf + Mesh→PC:  21%|██        | 1029/5018 [2:09:56<8:26:09,  7.61s/it]
PPSurf + Mesh→PC:  21%|██        | 1030/5018 [2:10:04<8:25:56,  7.61s/it]
PPSurf + Mesh→PC:  21%|██        | 1031/5018 [2:10:12<8:31:44,  7.70s/it]
PPSurf + Mesh→PC:  21%|██        | 1032/5018 [2:10:19<8:22:52,  7.57s/it]
PPSurf + Mesh→PC:  21%|██        | 1033/5018 [2:10:27<8:20:15,  7.53s/it]
PPSurf + Mesh→PC:  21%|██        | 1034/5018 [2:10:34<8:22:32,  7.57s/it]
PPSurf + Mesh→PC:  21%|██        | 1035/5018 [2:10:42<8:23:42,  7.59s/it]
PPSurf + Mesh→PC:  21%|██        | 1036/5018 [2:10:49<8:20:28,  7.54s/it]
PPSurf + Mesh→PC:  21%|██        | 1037/5018 [2:10:57<8:15:06,  7.46s/it]
PPSurf + Mesh→PC:  21%|██        | 1038/5018 [2:11:04<8:11:24,  7.41s/it]
PPSurf + Mesh→PC:  21%|██        | 1039/5018 [2:11:11<8:12:26,  7.43s/it]
PPSurf + Mesh→PC:  21%|██        | 1040/5018 [2:11:19<8:16:10,  7.48s/it]
PPSurf + Mesh→PC:  21%|██        | 1041/5018 [2:11:26<8:15:15,  7.47s/it]
PPSurf + Mesh→PC:  21%|██        | 1042/5018 [2:11:34<8:17:48,  7.51s/it]
PPSurf + Mesh→PC:  21%|██        | 1043/5018 [2:11:41<8:13:30,  7.45s/it]
PPSurf + Mesh→PC:  21%|██        | 1044/5018 [2:11:49<8:13:29,  7.45s/it]
PPSurf + Mesh→PC:  21%|██        | 1045/5018 [2:11:57<8:22:02,  7.58s/it]
PPSurf + Mesh→PC:  21%|██        | 1046/5018 [2:12:04<8:11:18,  7.42s/it]
PPSurf + Mesh→PC:  21%|██        | 1047/5018 [2:12:11<8:14:05,  7.47s/it]
PPSurf + Mesh→PC:  21%|██        | 1048/5018 [2:12:19<8:12:04,  7.44s/it]
PPSurf + Mesh→PC:  21%|██        | 1049/5018 [2:12:26<8:18:39,  7.54s/it]
PPSurf + Mesh→PC:  21%|██        | 1050/5018 [2:12:34<8:23:19,  7.61s/it]
PPSurf + Mesh→PC:  21%|██        | 1051/5018 [2:12:42<8:18:34,  7.54s/it]
PPSurf + Mesh→PC:  21%|██        | 1052/5018 [2:12:49<8:21:06,  7.58s/it]
PPSurf + Mesh→PC:  21%|██        | 1053/5018 [2:12:57<8:30:19,  7.72s/it]
PPSurf + Mesh→PC:  21%|██        | 1054/5018 [2:13:05<8:29:52,  7.72s/it]
PPSurf + Mesh→PC:  21%|██        | 1055/5018 [2:13:13<8:25:35,  7.65s/it]
PPSurf + Mesh→PC:  21%|██        | 1056/5018 [2:13:20<8:30:04,  7.72s/it]
PPSurf + Mesh→PC:  21%|██        | 1057/5018 [2:13:28<8:20:51,  7.59s/it]
PPSurf + Mesh→PC:  21%|██        | 1058/5018 [2:13:35<8:16:54,  7.53s/it]
PPSurf + Mesh→PC:  21%|██        | 1059/5018 [2:13:43<8:19:29,  7.57s/it]
PPSurf + Mesh→PC:  21%|██        | 1060/5018 [2:13:50<8:18:34,  7.56s/it]
PPSurf + Mesh→PC:  21%|██        | 1061/5018 [2:13:58<8:16:40,  7.53s/it]
PPSurf + Mesh→PC:  21%|██        | 1062/5018 [2:14:05<8:17:43,  7.55s/it]
PPSurf + Mesh→PC:  21%|██        | 1063/5018 [2:14:13<8:16:23,  7.53s/it]
PPSurf + Mesh→PC:  21%|██        | 1064/5018 [2:14:20<8:16:16,  7.53s/it]
PPSurf + Mesh→PC:  21%|██        | 1065/5018 [2:14:28<8:14:06,  7.50s/it]
PPSurf + Mesh→PC:  21%|██        | 1066/5018 [2:14:35<8:17:30,  7.55s/it]
PPSurf + Mesh→PC:  21%|██▏       | 1067/5018 [2:14:43<8:20:22,  7.60s/it]
PPSurf + Mesh→PC:  21%|██▏       | 1068/5018 [2:14:51<8:20:14,  7.60s/it]
PPSurf + Mesh→PC:  21%|██▏       | 1069/5018 [2:14:58<8:18:15,  7.57s/it]
PPSurf + Mesh→PC:  21%|██▏       | 1070/5018 [2:15:06<8:18:40,  7.58s/it]
PPSurf + Mesh→PC:  21%|██▏       | 1071/5018 [2:15:13<8:16:56,  7.55s/it]
PPSurf + Mesh→PC:  21%|██▏       | 1072/5018 [2:15:21<8:16:30,  7.55s/it]
PPSurf + Mesh→PC:  21%|██▏       | 1073/5018 [2:15:29<8:20:34,  7.61s/it]
PPSurf + Mesh→PC:  21%|██▏       | 1074/5018 [2:15:36<8:22:30,  7.64s/it]
PPSurf + Mesh→PC:  21%|██▏       | 1075/5018 [2:15:44<8:17:54,  7.58s/it]
PPSurf + Mesh→PC:  21%|██▏       | 1076/5018 [2:15:52<8:26:20,  7.71s/it]
PPSurf + Mesh→PC:  21%|██▏       | 1077/5018 [2:15:59<8:22:09,  7.65s/it]
PPSurf + Mesh→PC:  21%|██▏       | 1078/5018 [2:16:07<8:19:17,  7.60s/it]
PPSurf + Mesh→PC:  22%|██▏       | 1079/5018 [2:16:14<8:18:08,  7.59s/it]
PPSurf + Mesh→PC:  22%|██▏       | 1080/5018 [2:16:22<8:18:29,  7.60s/it]
PPSurf + Mesh→PC:  22%|██▏       | 1081/5018 [2:16:30<8:19:30,  7.61s/it]
PPSurf + Mesh→PC:  22%|██▏       | 1082/5018 [2:16:37<8:18:26,  7.60s/it]
PPSurf + Mesh→PC:  22%|██▏       | 1083/5018 [2:16:45<8:20:28,  7.63s/it]
PPSurf + Mesh→PC:  22%|██▏       | 1084/5018 [2:16:53<8:20:31,  7.63s/it]
PPSurf + Mesh→PC:  22%|██▏       | 1085/5018 [2:17:00<8:20:14,  7.63s/it]
PPSurf + Mesh→PC:  22%|██▏       | 1086/5018 [2:17:08<8:21:50,  7.66s/it]
PPSurf + Mesh→PC:  22%|██▏       | 1087/5018 [2:17:16<8:20:09,  7.63s/it]
PPSurf + Mesh→PC:  22%|██▏       | 1088/5018 [2:17:23<8:18:58,  7.62s/it]
PPSurf + Mesh→PC:  22%|██▏       | 1089/5018 [2:17:30<8:12:30,  7.52s/it]
PPSurf + Mesh→PC:  22%|██▏       | 1090/5018 [2:17:38<8:17:30,  7.60s/it]
PPSurf + Mesh→PC:  22%|██▏       | 1091/5018 [2:17:46<8:17:25,  7.60s/it]
PPSurf + Mesh→PC:  22%|██▏       | 1092/5018 [2:17:54<8:20:35,  7.65s/it]
PPSurf + Mesh→PC:  22%|██▏       | 1093/5018 [2:18:01<8:17:11,  7.60s/it]
PPSurf + Mesh→PC:  22%|██▏       | 1094/5018 [2:18:09<8:17:16,  7.60s/it]
PPSurf + Mesh→PC:  22%|██▏       | 1095/5018 [2:18:16<8:17:21,  7.61s/it]
PPSurf + Mesh→PC:  22%|██▏       | 1096/5018 [2:18:23<8:08:39,  7.48s/it]
PPSurf + Mesh→PC:  22%|██▏       | 1097/5018 [2:18:31<8:12:04,  7.53s/it]
PPSurf + Mesh→PC:  22%|██▏       | 1098/5018 [2:18:39<8:11:35,  7.52s/it]
PPSurf + Mesh→PC:  22%|██▏       | 1099/5018 [2:18:46<8:15:57,  7.59s/it]
PPSurf + Mesh→PC:  22%|██▏       | 1100/5018 [2:18:54<8:15:00,  7.58s/it]
PPSurf + Mesh→PC:  22%|██▏       | 1101/5018 [2:19:02<8:15:42,  7.59s/it]
PPSurf + Mesh→PC:  22%|██▏       | 1102/5018 [2:19:09<8:13:19,  7.56s/it]
PPSurf + Mesh→PC:  22%|██▏       | 1103/5018 [2:19:17<8:12:33,  7.55s/it]
PPSurf + Mesh→PC:  22%|██▏       | 1104/5018 [2:19:24<8:09:56,  7.51s/it]
PPSurf + Mesh→PC:  22%|██▏       | 1105/5018 [2:19:32<8:15:19,  7.60s/it]
PPSurf + Mesh→PC:  22%|██▏       | 1106/5018 [2:19:39<8:11:56,  7.55s/it]
PPSurf + Mesh→PC:  22%|██▏       | 1107/5018 [2:19:47<8:12:10,  7.55s/it]
PPSurf + Mesh→PC:  22%|██▏       | 1108/5018 [2:19:54<8:12:01,  7.55s/it]
PPSurf + Mesh→PC:  22%|██▏       | 1109/5018 [2:20:02<8:15:45,  7.61s/it]
PPSurf + Mesh→PC:  22%|██▏       | 1110/5018 [2:20:10<8:16:33,  7.62s/it]
PPSurf + Mesh→PC:  22%|██▏       | 1111/5018 [2:20:17<8:18:18,  7.65s/it]
PPSurf + Mesh→PC:  22%|██▏       | 1112/5018 [2:20:25<8:15:37,  7.61s/it]
PPSurf + Mesh→PC:  22%|██▏       | 1113/5018 [2:20:32<8:10:13,  7.53s/it]
PPSurf + Mesh→PC:  22%|██▏       | 1114/5018 [2:20:40<8:09:26,  7.52s/it]
PPSurf + Mesh→PC:  22%|██▏       | 1115/5018 [2:20:47<8:09:14,  7.52s/it]
PPSurf + Mesh→PC:  22%|██▏       | 1116/5018 [2:20:55<8:11:38,  7.56s/it]
PPSurf + Mesh→PC:  22%|██▏       | 1117/5018 [2:21:03<8:14:35,  7.61s/it]
PPSurf + Mesh→PC:  22%|██▏       | 1118/5018 [2:21:10<8:14:24,  7.61s/it]
PPSurf + Mesh→PC:  22%|██▏       | 1119/5018 [2:21:18<8:17:25,  7.65s/it]
PPSurf + Mesh→PC:  22%|██▏       | 1120/5018 [2:21:26<8:16:35,  7.64s/it]
PPSurf + Mesh→PC:  22%|██▏       | 1121/5018 [2:21:33<8:15:36,  7.63s/it]
PPSurf + Mesh→PC:  22%|██▏       | 1122/5018 [2:21:41<8:09:57,  7.55s/it]
PPSurf + Mesh→PC:  22%|██▏       | 1123/5018 [2:21:48<8:07:52,  7.52s/it]
PPSurf + Mesh→PC:  22%|██▏       | 1124/5018 [2:21:56<8:10:47,  7.56s/it]
PPSurf + Mesh→PC:  22%|██▏       | 1125/5018 [2:22:03<8:10:04,  7.55s/it]
PPSurf + Mesh→PC:  22%|██▏       | 1126/5018 [2:22:11<8:18:36,  7.69s/it]
PPSurf + Mesh→PC:  22%|██▏       | 1127/5018 [2:22:19<8:16:29,  7.66s/it]
PPSurf + Mesh→PC:  22%|██▏       | 1128/5018 [2:22:27<8:19:45,  7.71s/it]
PPSurf + Mesh→PC:  22%|██▏       | 1129/5018 [2:22:34<8:19:45,  7.71s/it]
PPSurf + Mesh→PC:  23%|██▎       | 1130/5018 [2:22:42<8:19:07,  7.70s/it]
PPSurf + Mesh→PC:  23%|██▎       | 1131/5018 [2:22:50<8:16:26,  7.66s/it]
PPSurf + Mesh→PC:  23%|██▎       | 1132/5018 [2:22:57<8:16:14,  7.66s/it]
PPSurf + Mesh→PC:  23%|██▎       | 1133/5018 [2:23:05<8:15:29,  7.65s/it]
PPSurf + Mesh→PC:  23%|██▎       | 1134/5018 [2:23:12<8:14:00,  7.63s/it]
PPSurf + Mesh→PC:  23%|██▎       | 1135/5018 [2:23:20<8:12:33,  7.61s/it]
PPSurf + Mesh→PC:  23%|██▎       | 1136/5018 [2:23:28<8:13:03,  7.62s/it]
PPSurf + Mesh→PC:  23%|██▎       | 1137/5018 [2:23:36<8:22:03,  7.76s/it]
PPSurf + Mesh→PC:  23%|██▎       | 1138/5018 [2:23:43<8:19:28,  7.72s/it]
PPSurf + Mesh→PC:  23%|██▎       | 1139/5018 [2:23:51<8:20:52,  7.75s/it]
PPSurf + Mesh→PC:  23%|██▎       | 1140/5018 [2:23:59<8:17:44,  7.70s/it]
PPSurf + Mesh→PC:  23%|██▎       | 1141/5018 [2:24:07<8:18:26,  7.71s/it]
PPSurf + Mesh→PC:  23%|██▎       | 1142/5018 [2:24:14<8:15:25,  7.67s/it]
PPSurf + Mesh→PC:  23%|██▎       | 1143/5018 [2:24:22<8:15:54,  7.68s/it]
PPSurf + Mesh→PC:  23%|██▎       | 1144/5018 [2:24:29<8:13:27,  7.64s/it]
PPSurf + Mesh→PC:  23%|██▎       | 1145/5018 [2:24:37<8:08:54,  7.57s/it]
PPSurf + Mesh→PC:  23%|██▎       | 1146/5018 [2:24:44<8:04:38,  7.51s/it]
PPSurf + Mesh→PC:  23%|██▎       | 1147/5018 [2:24:52<8:03:21,  7.49s/it]
PPSurf + Mesh→PC:  23%|██▎       | 1148/5018 [2:24:59<8:06:47,  7.55s/it]
PPSurf + Mesh→PC:  23%|██▎       | 1149/5018 [2:25:07<8:04:43,  7.52s/it]
PPSurf + Mesh→PC:  23%|██▎       | 1150/5018 [2:25:14<8:03:38,  7.50s/it]
PPSurf + Mesh→PC:  23%|██▎       | 1151/5018 [2:25:22<8:02:39,  7.49s/it]
PPSurf + Mesh→PC:  23%|██▎       | 1152/5018 [2:25:29<8:04:41,  7.52s/it]
PPSurf + Mesh→PC:  23%|██▎       | 1153/5018 [2:25:37<8:08:53,  7.59s/it]
PPSurf + Mesh→PC:  23%|██▎       | 1154/5018 [2:25:45<8:11:15,  7.63s/it]
PPSurf + Mesh→PC:  23%|██▎       | 1155/5018 [2:25:52<8:11:17,  7.63s/it]
PPSurf + Mesh→PC:  23%|██▎       | 1156/5018 [2:26:00<8:08:21,  7.59s/it]
PPSurf + Mesh→PC:  23%|██▎       | 1157/5018 [2:26:08<8:12:19,  7.65s/it]
PPSurf + Mesh→PC:  23%|██▎       | 1158/5018 [2:26:15<8:11:20,  7.64s/it]
PPSurf + Mesh→PC:  23%|██▎       | 1159/5018 [2:26:23<8:10:56,  7.63s/it]
PPSurf + Mesh→PC:  23%|██▎       | 1160/5018 [2:26:31<8:13:22,  7.67s/it]
PPSurf + Mesh→PC:  23%|██▎       | 1161/5018 [2:26:38<8:08:56,  7.61s/it]
PPSurf + Mesh→PC:  23%|██▎       | 1162/5018 [2:26:46<8:06:40,  7.57s/it]
PPSurf + Mesh→PC:  23%|██▎       | 1163/5018 [2:26:53<8:08:21,  7.60s/it]
PPSurf + Mesh→PC:  23%|██▎       | 1164/5018 [2:27:00<8:01:26,  7.50s/it]
PPSurf + Mesh→PC:  23%|██▎       | 1165/5018 [2:27:08<8:00:54,  7.49s/it]
PPSurf + Mesh→PC:  23%|██▎       | 1166/5018 [2:27:15<8:00:19,  7.48s/it]
PPSurf + Mesh→PC:  23%|██▎       | 1167/5018 [2:27:23<8:01:27,  7.50s/it]
PPSurf + Mesh→PC:  23%|██▎       | 1168/5018 [2:27:31<8:01:53,  7.51s/it]
PPSurf + Mesh→PC:  23%|██▎       | 1169/5018 [2:27:38<8:01:21,  7.50s/it]
PPSurf + Mesh→PC:  23%|██▎       | 1170/5018 [2:27:46<8:03:38,  7.54s/it]
PPSurf + Mesh→PC:  23%|██▎       | 1171/5018 [2:27:53<8:05:36,  7.57s/it]
PPSurf + Mesh→PC:  23%|██▎       | 1172/5018 [2:28:01<8:04:59,  7.57s/it]
PPSurf + Mesh→PC:  23%|██▎       | 1173/5018 [2:28:08<8:04:48,  7.57s/it]
PPSurf + Mesh→PC:  23%|██▎       | 1174/5018 [2:28:16<8:03:11,  7.54s/it]
PPSurf + Mesh→PC:  23%|██▎       | 1175/5018 [2:28:23<8:01:59,  7.53s/it]
PPSurf + Mesh→PC:  23%|██▎       | 1176/5018 [2:28:31<8:07:35,  7.61s/it]
PPSurf + Mesh→PC:  23%|██▎       | 1177/5018 [2:28:39<8:07:38,  7.62s/it]
PPSurf + Mesh→PC:  23%|██▎       | 1178/5018 [2:28:46<8:02:39,  7.54s/it]
PPSurf + Mesh→PC:  23%|██▎       | 1179/5018 [2:28:54<8:02:13,  7.54s/it]
PPSurf + Mesh→PC:  24%|██▎       | 1180/5018 [2:29:02<8:07:43,  7.62s/it]
PPSurf + Mesh→PC:  24%|██▎       | 1181/5018 [2:29:09<8:05:23,  7.59s/it]
PPSurf + Mesh→PC:  24%|██▎       | 1182/5018 [2:29:17<8:06:30,  7.61s/it]
PPSurf + Mesh→PC:  24%|██▎       | 1183/5018 [2:29:25<8:10:37,  7.68s/it]
PPSurf + Mesh→PC:  24%|██▎       | 1184/5018 [2:29:32<8:09:14,  7.66s/it]
PPSurf + Mesh→PC:  24%|██▎       | 1185/5018 [2:29:40<8:06:49,  7.62s/it]
PPSurf + Mesh→PC:  24%|██▎       | 1186/5018 [2:29:47<7:57:34,  7.48s/it]
PPSurf + Mesh→PC:  24%|██▎       | 1187/5018 [2:29:55<8:05:09,  7.60s/it]
PPSurf + Mesh→PC:  24%|██▎       | 1188/5018 [2:30:02<7:56:30,  7.46s/it]
PPSurf + Mesh→PC:  24%|██▎       | 1189/5018 [2:30:09<7:51:57,  7.40s/it]
PPSurf + Mesh→PC:  24%|██▎       | 1190/5018 [2:30:17<7:58:58,  7.51s/it]
PPSurf + Mesh→PC:  24%|██▎       | 1191/5018 [2:30:24<7:53:32,  7.42s/it]
PPSurf + Mesh→PC:  24%|██▍       | 1192/5018 [2:30:32<8:00:36,  7.54s/it]
PPSurf + Mesh→PC:  24%|██▍       | 1193/5018 [2:30:40<8:14:27,  7.76s/it]
PPSurf + Mesh→PC:  24%|██▍       | 1194/5018 [2:30:47<8:03:39,  7.59s/it]
PPSurf + Mesh→PC:  24%|██▍       | 1195/5018 [2:30:55<8:08:15,  7.66s/it]
PPSurf + Mesh→PC:  24%|██▍       | 1196/5018 [2:31:03<8:09:57,  7.69s/it]
PPSurf + Mesh→PC:  24%|██▍       | 1197/5018 [2:31:11<8:09:05,  7.68s/it]
PPSurf + Mesh→PC:  24%|██▍       | 1198/5018 [2:31:18<8:04:45,  7.61s/it]
PPSurf + Mesh→PC:  24%|██▍       | 1199/5018 [2:31:25<8:00:40,  7.55s/it]
PPSurf + Mesh→PC:  24%|██▍       | 1200/5018 [2:31:33<7:56:18,  7.49s/it]
PPSurf + Mesh→PC:  24%|██▍       | 1201/5018 [2:31:40<7:55:17,  7.47s/it]
PPSurf + Mesh→PC:  24%|██▍       | 1202/5018 [2:31:47<7:46:39,  7.34s/it]
PPSurf + Mesh→PC:  24%|██▍       | 1203/5018 [2:31:55<7:49:16,  7.38s/it]
PPSurf + Mesh→PC:  24%|██▍       | 1204/5018 [2:32:02<7:48:18,  7.37s/it]
PPSurf + Mesh→PC:  24%|██▍       | 1205/5018 [2:32:09<7:46:13,  7.34s/it]
PPSurf + Mesh→PC:  24%|██▍       | 1206/5018 [2:32:17<7:51:01,  7.41s/it]
PPSurf + Mesh→PC:  24%|██▍       | 1207/5018 [2:32:25<8:03:04,  7.61s/it]
PPSurf + Mesh→PC:  24%|██▍       | 1208/5018 [2:32:32<8:01:01,  7.58s/it]
PPSurf + Mesh→PC:  24%|██▍       | 1209/5018 [2:32:40<7:59:39,  7.56s/it]
PPSurf + Mesh→PC:  24%|██▍       | 1210/5018 [2:32:47<7:56:16,  7.50s/it]
PPSurf + Mesh→PC:  24%|██▍       | 1211/5018 [2:32:55<7:57:04,  7.52s/it]
PPSurf + Mesh→PC:  24%|██▍       | 1212/5018 [2:33:03<8:00:01,  7.57s/it]
PPSurf + Mesh→PC:  24%|██▍       | 1213/5018 [2:33:10<7:51:54,  7.44s/it]
PPSurf + Mesh→PC:  24%|██▍       | 1214/5018 [2:33:18<8:02:01,  7.60s/it]
PPSurf + Mesh→PC:  24%|██▍       | 1215/5018 [2:33:25<7:58:20,  7.55s/it]
PPSurf + Mesh→PC:  24%|██▍       | 1216/5018 [2:33:33<7:57:41,  7.54s/it]
PPSurf + Mesh→PC:  24%|██▍       | 1217/5018 [2:33:40<7:59:04,  7.56s/it]
PPSurf + Mesh→PC:  24%|██▍       | 1218/5018 [2:33:48<7:53:34,  7.48s/it]
PPSurf + Mesh→PC:  24%|██▍       | 1219/5018 [2:33:55<7:49:04,  7.41s/it]
PPSurf + Mesh→PC:  24%|██▍       | 1220/5018 [2:34:03<8:00:47,  7.60s/it]
PPSurf + Mesh→PC:  24%|██▍       | 1221/5018 [2:34:10<7:57:19,  7.54s/it]
PPSurf + Mesh→PC:  24%|██▍       | 1222/5018 [2:34:18<7:54:47,  7.50s/it]
PPSurf + Mesh→PC:  24%|██▍       | 1223/5018 [2:34:26<8:01:14,  7.61s/it]
PPSurf + Mesh→PC:  24%|██▍       | 1224/5018 [2:34:33<7:57:44,  7.56s/it]
PPSurf + Mesh→PC:  24%|██▍       | 1225/5018 [2:34:40<7:55:34,  7.52s/it]
PPSurf + Mesh→PC:  24%|██▍       | 1226/5018 [2:34:48<7:51:36,  7.46s/it]
PPSurf + Mesh→PC:  24%|██▍       | 1227/5018 [2:34:55<7:53:48,  7.50s/it]
PPSurf + Mesh→PC:  24%|██▍       | 1228/5018 [2:35:03<7:54:50,  7.52s/it]
PPSurf + Mesh→PC:  24%|██▍       | 1229/5018 [2:35:10<7:53:21,  7.50s/it]
PPSurf + Mesh→PC:  25%|██▍       | 1230/5018 [2:35:18<7:50:19,  7.45s/it]
PPSurf + Mesh→PC:  25%|██▍       | 1231/5018 [2:35:25<7:49:11,  7.43s/it]
PPSurf + Mesh→PC:  25%|██▍       | 1232/5018 [2:35:32<7:47:00,  7.40s/it]
PPSurf + Mesh→PC:  25%|██▍       | 1233/5018 [2:35:40<7:52:10,  7.49s/it]
PPSurf + Mesh→PC:  25%|██▍       | 1234/5018 [2:35:47<7:50:45,  7.46s/it]
PPSurf + Mesh→PC:  25%|██▍       | 1235/5018 [2:35:55<7:54:33,  7.53s/it]
PPSurf + Mesh→PC:  25%|██▍       | 1236/5018 [2:36:03<7:52:57,  7.50s/it]
PPSurf + Mesh→PC:  25%|██▍       | 1237/5018 [2:36:11<8:01:26,  7.64s/it]
PPSurf + Mesh→PC:  25%|██▍       | 1238/5018 [2:36:18<7:53:54,  7.52s/it]
PPSurf + Mesh→PC:  25%|██▍       | 1239/5018 [2:36:25<7:52:01,  7.49s/it]
PPSurf + Mesh→PC:  25%|██▍       | 1240/5018 [2:36:33<8:03:54,  7.69s/it]
PPSurf + Mesh→PC:  25%|██▍       | 1241/5018 [2:36:41<7:56:28,  7.57s/it]
PPSurf + Mesh→PC:  25%|██▍       | 1242/5018 [2:36:48<7:56:13,  7.57s/it]
PPSurf + Mesh→PC:  25%|██▍       | 1243/5018 [2:36:56<7:56:26,  7.57s/it]
PPSurf + Mesh→PC:  25%|██▍       | 1244/5018 [2:37:03<7:56:15,  7.57s/it]
PPSurf + Mesh→PC:  25%|██▍       | 1245/5018 [2:37:11<7:53:37,  7.53s/it]
PPSurf + Mesh→PC:  25%|██▍       | 1246/5018 [2:37:18<7:47:46,  7.44s/it]
PPSurf + Mesh→PC:  25%|██▍       | 1247/5018 [2:37:25<7:45:38,  7.41s/it]
PPSurf + Mesh→PC:  25%|██▍       | 1248/5018 [2:37:33<7:46:18,  7.42s/it]
PPSurf + Mesh→PC:  25%|██▍       | 1249/5018 [2:37:40<7:43:49,  7.38s/it]
PPSurf + Mesh→PC:  25%|██▍       | 1250/5018 [2:37:47<7:41:45,  7.35s/it]
PPSurf + Mesh→PC:  25%|██▍       | 1251/5018 [2:37:55<7:45:00,  7.41s/it]
PPSurf + Mesh→PC:  25%|██▍       | 1252/5018 [2:38:03<7:49:29,  7.48s/it]
PPSurf + Mesh→PC:  25%|██▍       | 1253/5018 [2:38:10<7:46:07,  7.43s/it]
PPSurf + Mesh→PC:  25%|██▍       | 1254/5018 [2:38:18<7:52:09,  7.53s/it]
PPSurf + Mesh→PC:  25%|██▌       | 1255/5018 [2:38:25<7:47:05,  7.45s/it]
PPSurf + Mesh→PC:  25%|██▌       | 1256/5018 [2:38:32<7:42:00,  7.37s/it]
PPSurf + Mesh→PC:  25%|██▌       | 1257/5018 [2:38:40<7:52:18,  7.53s/it]
PPSurf + Mesh→PC:  25%|██▌       | 1258/5018 [2:38:47<7:49:49,  7.50s/it]
PPSurf + Mesh→PC:  25%|██▌       | 1259/5018 [2:38:55<7:58:00,  7.63s/it]
PPSurf + Mesh→PC:  25%|██▌       | 1260/5018 [2:39:03<7:58:23,  7.64s/it]
PPSurf + Mesh→PC:  25%|██▌       | 1261/5018 [2:39:10<7:54:06,  7.57s/it]
PPSurf + Mesh→PC:  25%|██▌       | 1262/5018 [2:39:18<7:50:01,  7.51s/it]
PPSurf + Mesh→PC:  25%|██▌       | 1263/5018 [2:39:25<7:47:50,  7.48s/it]
PPSurf + Mesh→PC:  25%|██▌       | 1264/5018 [2:39:33<7:47:04,  7.47s/it]
PPSurf + Mesh→PC:  25%|██▌       | 1265/5018 [2:39:40<7:45:50,  7.45s/it]
PPSurf + Mesh→PC:  25%|██▌       | 1266/5018 [2:39:47<7:44:11,  7.42s/it]
PPSurf + Mesh→PC:  25%|██▌       | 1267/5018 [2:39:55<7:42:02,  7.39s/it]
PPSurf + Mesh→PC:  25%|██▌       | 1268/5018 [2:40:02<7:40:57,  7.38s/it]
PPSurf + Mesh→PC:  25%|██▌       | 1269/5018 [2:40:10<7:42:41,  7.40s/it]
PPSurf + Mesh→PC:  25%|██▌       | 1270/5018 [2:40:17<7:44:48,  7.44s/it]
PPSurf + Mesh→PC:  25%|██▌       | 1271/5018 [2:40:25<7:46:07,  7.46s/it]
PPSurf + Mesh→PC:  25%|██▌       | 1272/5018 [2:40:32<7:45:07,  7.45s/it]
PPSurf + Mesh→PC:  25%|██▌       | 1273/5018 [2:40:39<7:45:31,  7.46s/it]
PPSurf + Mesh→PC:  25%|██▌       | 1274/5018 [2:40:47<7:48:14,  7.50s/it]
PPSurf + Mesh→PC:  25%|██▌       | 1275/5018 [2:40:55<7:50:23,  7.54s/it]
PPSurf + Mesh→PC:  25%|██▌       | 1276/5018 [2:41:02<7:48:59,  7.52s/it]
PPSurf + Mesh→PC:  25%|██▌       | 1277/5018 [2:41:10<7:52:33,  7.58s/it]
PPSurf + Mesh→PC:  25%|██▌       | 1278/5018 [2:41:18<7:52:57,  7.59s/it]
PPSurf + Mesh→PC:  25%|██▌       | 1279/5018 [2:41:25<7:45:48,  7.47s/it]
PPSurf + Mesh→PC:  26%|██▌       | 1280/5018 [2:41:33<7:51:20,  7.57s/it]
PPSurf + Mesh→PC:  26%|██▌       | 1281/5018 [2:41:40<7:47:58,  7.51s/it]
PPSurf + Mesh→PC:  26%|██▌       | 1282/5018 [2:41:47<7:46:36,  7.49s/it]
PPSurf + Mesh→PC:  26%|██▌       | 1283/5018 [2:41:55<7:49:36,  7.54s/it]
PPSurf + Mesh→PC:  26%|██▌       | 1284/5018 [2:42:02<7:44:36,  7.47s/it]
PPSurf + Mesh→PC:  26%|██▌       | 1285/5018 [2:42:10<7:48:23,  7.53s/it]
PPSurf + Mesh→PC:  26%|██▌       | 1286/5018 [2:42:17<7:45:35,  7.49s/it]
PPSurf + Mesh→PC:  26%|██▌       | 1287/5018 [2:42:25<7:44:45,  7.47s/it]
PPSurf + Mesh→PC:  26%|██▌       | 1288/5018 [2:42:32<7:47:55,  7.53s/it]
PPSurf + Mesh→PC:  26%|██▌       | 1289/5018 [2:42:40<7:44:34,  7.47s/it]
PPSurf + Mesh→PC:  26%|██▌       | 1290/5018 [2:42:47<7:45:47,  7.50s/it]
PPSurf + Mesh→PC:  26%|██▌       | 1291/5018 [2:42:55<7:45:12,  7.49s/it]
PPSurf + Mesh→PC:  26%|██▌       | 1292/5018 [2:43:02<7:42:01,  7.44s/it]
PPSurf + Mesh→PC:  26%|██▌       | 1293/5018 [2:43:10<7:49:06,  7.56s/it]
PPSurf + Mesh→PC:  26%|██▌       | 1294/5018 [2:43:18<7:50:25,  7.58s/it]
PPSurf + Mesh→PC:  26%|██▌       | 1295/5018 [2:43:25<7:48:49,  7.56s/it]
PPSurf + Mesh→PC:  26%|██▌       | 1296/5018 [2:43:33<7:49:10,  7.56s/it]
PPSurf + Mesh→PC:  26%|██▌       | 1297/5018 [2:43:40<7:43:43,  7.48s/it]
PPSurf + Mesh→PC:  26%|██▌       | 1298/5018 [2:43:47<7:42:58,  7.47s/it]
PPSurf + Mesh→PC:  26%|██▌       | 1299/5018 [2:43:55<7:47:06,  7.54s/it]
PPSurf + Mesh→PC:  26%|██▌       | 1300/5018 [2:44:02<7:43:26,  7.48s/it]
PPSurf + Mesh→PC:  26%|██▌       | 1301/5018 [2:44:10<7:43:56,  7.49s/it]
PPSurf + Mesh→PC:  26%|██▌       | 1302/5018 [2:44:18<7:44:27,  7.50s/it]
PPSurf + Mesh→PC:  26%|██▌       | 1303/5018 [2:44:25<7:39:29,  7.42s/it]
PPSurf + Mesh→PC:  26%|██▌       | 1304/5018 [2:44:32<7:36:58,  7.38s/it]
PPSurf + Mesh→PC:  26%|██▌       | 1305/5018 [2:44:40<7:39:32,  7.43s/it]
PPSurf + Mesh→PC:  26%|██▌       | 1306/5018 [2:44:47<7:38:05,  7.40s/it]
PPSurf + Mesh→PC:  26%|██▌       | 1307/5018 [2:44:55<7:41:44,  7.47s/it]
PPSurf + Mesh→PC:  26%|██▌       | 1308/5018 [2:45:02<7:47:33,  7.56s/it]
PPSurf + Mesh→PC:  26%|██▌       | 1309/5018 [2:45:10<7:47:36,  7.56s/it]
PPSurf + Mesh→PC:  26%|██▌       | 1310/5018 [2:45:17<7:47:01,  7.56s/it]
PPSurf + Mesh→PC:  26%|██▌       | 1311/5018 [2:45:25<7:53:13,  7.66s/it]
PPSurf + Mesh→PC:  26%|██▌       | 1312/5018 [2:45:33<7:49:05,  7.59s/it]
PPSurf + Mesh→PC:  26%|██▌       | 1313/5018 [2:45:40<7:46:08,  7.55s/it]
PPSurf + Mesh→PC:  26%|██▌       | 1314/5018 [2:45:48<7:47:56,  7.58s/it]
PPSurf + Mesh→PC:  26%|██▌       | 1315/5018 [2:45:55<7:42:27,  7.49s/it]
PPSurf + Mesh→PC:  26%|██▌       | 1316/5018 [2:46:03<7:42:49,  7.50s/it]
PPSurf + Mesh→PC:  26%|██▌       | 1317/5018 [2:46:10<7:42:04,  7.49s/it]
PPSurf + Mesh→PC:  26%|██▋       | 1318/5018 [2:46:17<7:38:22,  7.43s/it]
PPSurf + Mesh→PC:  26%|██▋       | 1319/5018 [2:46:25<7:34:30,  7.37s/it]
PPSurf + Mesh→PC:  26%|██▋       | 1320/5018 [2:46:32<7:41:43,  7.49s/it]
PPSurf + Mesh→PC:  26%|██▋       | 1321/5018 [2:46:40<7:38:12,  7.44s/it]
PPSurf + Mesh→PC:  26%|██▋       | 1322/5018 [2:46:47<7:37:52,  7.43s/it]
PPSurf + Mesh→PC:  26%|██▋       | 1323/5018 [2:46:55<7:40:49,  7.48s/it]
PPSurf + Mesh→PC:  26%|██▋       | 1324/5018 [2:47:02<7:37:37,  7.43s/it]
PPSurf + Mesh→PC:  26%|██▋       | 1325/5018 [2:47:10<7:42:01,  7.51s/it]
PPSurf + Mesh→PC:  26%|██▋       | 1326/5018 [2:47:17<7:38:41,  7.45s/it]
PPSurf + Mesh→PC:  26%|██▋       | 1327/5018 [2:47:25<7:38:48,  7.46s/it]
PPSurf + Mesh→PC:  26%|██▋       | 1328/5018 [2:47:33<7:50:01,  7.64s/it]
PPSurf + Mesh→PC:  26%|██▋       | 1329/5018 [2:47:40<7:49:14,  7.63s/it]
PPSurf + Mesh→PC:  27%|██▋       | 1330/5018 [2:47:48<7:45:32,  7.57s/it]
PPSurf + Mesh→PC:  27%|██▋       | 1331/5018 [2:47:55<7:44:27,  7.56s/it]
PPSurf + Mesh→PC:  27%|██▋       | 1332/5018 [2:48:03<7:41:04,  7.51s/it]
PPSurf + Mesh→PC:  27%|██▋       | 1333/5018 [2:48:10<7:46:30,  7.60s/it]
PPSurf + Mesh→PC:  27%|██▋       | 1334/5018 [2:48:18<7:43:31,  7.55s/it]
PPSurf + Mesh→PC:  27%|██▋       | 1335/5018 [2:48:26<7:45:47,  7.59s/it]
PPSurf + Mesh→PC:  27%|██▋       | 1336/5018 [2:48:33<7:43:45,  7.56s/it]
PPSurf + Mesh→PC:  27%|██▋       | 1337/5018 [2:48:41<7:42:56,  7.55s/it]
PPSurf + Mesh→PC:  27%|██▋       | 1338/5018 [2:48:48<7:42:53,  7.55s/it]
PPSurf + Mesh→PC:  27%|██▋       | 1339/5018 [2:48:56<7:50:34,  7.67s/it]
PPSurf + Mesh→PC:  27%|██▋       | 1340/5018 [2:49:04<7:48:41,  7.65s/it]
PPSurf + Mesh→PC:  27%|██▋       | 1341/5018 [2:49:11<7:43:44,  7.57s/it]
PPSurf + Mesh→PC:  27%|██▋       | 1342/5018 [2:49:19<7:50:03,  7.67s/it]
PPSurf + Mesh→PC:  27%|██▋       | 1343/5018 [2:49:26<7:43:39,  7.57s/it]
PPSurf + Mesh→PC:  27%|██▋       | 1344/5018 [2:49:34<7:40:22,  7.52s/it]
PPSurf + Mesh→PC:  27%|██▋       | 1345/5018 [2:49:41<7:46:04,  7.61s/it]
PPSurf + Mesh→PC:  27%|██▋       | 1346/5018 [2:49:49<7:44:06,  7.58s/it]
PPSurf + Mesh→PC:  27%|██▋       | 1347/5018 [2:49:57<7:44:50,  7.60s/it]
PPSurf + Mesh→PC:  27%|██▋       | 1348/5018 [2:50:04<7:44:11,  7.59s/it]
PPSurf + Mesh→PC:  27%|██▋       | 1349/5018 [2:50:12<7:44:15,  7.59s/it]
PPSurf + Mesh→PC:  27%|██▋       | 1350/5018 [2:50:19<7:43:34,  7.58s/it]
PPSurf + Mesh→PC:  27%|██▋       | 1351/5018 [2:50:27<7:37:53,  7.49s/it]
PPSurf + Mesh→PC:  27%|██▋       | 1352/5018 [2:50:34<7:42:14,  7.57s/it]
PPSurf + Mesh→PC:  27%|██▋       | 1353/5018 [2:50:42<7:37:20,  7.49s/it]
PPSurf + Mesh→PC:  27%|██▋       | 1354/5018 [2:50:49<7:35:15,  7.46s/it]
PPSurf + Mesh→PC:  27%|██▋       | 1355/5018 [2:50:57<7:39:20,  7.52s/it]
PPSurf + Mesh→PC:  27%|██▋       | 1356/5018 [2:51:04<7:37:14,  7.49s/it]
PPSurf + Mesh→PC:  27%|██▋       | 1357/5018 [2:51:12<7:44:33,  7.61s/it]
PPSurf + Mesh→PC:  27%|██▋       | 1358/5018 [2:51:20<7:43:25,  7.60s/it]
PPSurf + Mesh→PC:  27%|██▋       | 1359/5018 [2:51:27<7:43:49,  7.61s/it]
PPSurf + Mesh→PC:  27%|██▋       | 1360/5018 [2:51:35<7:41:49,  7.58s/it]
PPSurf + Mesh→PC:  27%|██▋       | 1361/5018 [2:51:42<7:39:40,  7.54s/it]
PPSurf + Mesh→PC:  27%|██▋       | 1362/5018 [2:51:50<7:44:14,  7.62s/it]
PPSurf + Mesh→PC:  27%|██▋       | 1363/5018 [2:51:57<7:39:03,  7.54s/it]
PPSurf + Mesh→PC:  27%|██▋       | 1364/5018 [2:52:05<7:41:37,  7.58s/it]
PPSurf + Mesh→PC:  27%|██▋       | 1365/5018 [2:52:12<7:36:38,  7.50s/it]
PPSurf + Mesh→PC:  27%|██▋       | 1366/5018 [2:52:20<7:34:01,  7.46s/it]
PPSurf + Mesh→PC:  27%|██▋       | 1367/5018 [2:52:27<7:37:56,  7.53s/it]
PPSurf + Mesh→PC:  27%|██▋       | 1368/5018 [2:52:35<7:35:48,  7.49s/it]
PPSurf + Mesh→PC:  27%|██▋       | 1369/5018 [2:52:42<7:35:51,  7.50s/it]
PPSurf + Mesh→PC:  27%|██▋       | 1370/5018 [2:52:50<7:35:58,  7.50s/it]
PPSurf + Mesh→PC:  27%|██▋       | 1371/5018 [2:52:57<7:34:25,  7.48s/it]
PPSurf + Mesh→PC:  27%|██▋       | 1372/5018 [2:53:05<7:31:35,  7.43s/it]
PPSurf + Mesh→PC:  27%|██▋       | 1373/5018 [2:53:13<7:42:21,  7.61s/it]
PPSurf + Mesh→PC:  27%|██▋       | 1374/5018 [2:53:20<7:35:26,  7.50s/it]
PPSurf + Mesh→PC:  27%|██▋       | 1375/5018 [2:53:27<7:34:12,  7.48s/it]
PPSurf + Mesh→PC:  27%|██▋       | 1376/5018 [2:53:35<7:34:09,  7.48s/it]
PPSurf + Mesh→PC:  27%|██▋       | 1377/5018 [2:53:42<7:33:34,  7.47s/it]
PPSurf + Mesh→PC:  27%|██▋       | 1378/5018 [2:53:50<7:43:32,  7.64s/it]
PPSurf + Mesh→PC:  27%|██▋       | 1379/5018 [2:53:58<7:41:20,  7.61s/it]
PPSurf + Mesh→PC:  28%|██▊       | 1380/5018 [2:54:05<7:40:10,  7.59s/it]
PPSurf + Mesh→PC:  28%|██▊       | 1381/5018 [2:54:13<7:41:12,  7.61s/it]
PPSurf + Mesh→PC:  28%|██▊       | 1382/5018 [2:54:21<7:40:33,  7.60s/it]
PPSurf + Mesh→PC:  28%|██▊       | 1383/5018 [2:54:28<7:40:53,  7.61s/it]
PPSurf + Mesh→PC:  28%|██▊       | 1384/5018 [2:54:36<7:37:17,  7.55s/it]
PPSurf + Mesh→PC:  28%|██▊       | 1385/5018 [2:54:43<7:38:30,  7.57s/it]
PPSurf + Mesh→PC:  28%|██▊       | 1386/5018 [2:54:51<7:44:40,  7.68s/it]
PPSurf + Mesh→PC:  28%|██▊       | 1387/5018 [2:54:59<7:41:08,  7.62s/it]
PPSurf + Mesh→PC:  28%|██▊       | 1388/5018 [2:55:06<7:31:29,  7.46s/it]
PPSurf + Mesh→PC:  28%|██▊       | 1389/5018 [2:55:13<7:30:23,  7.45s/it]
PPSurf + Mesh→PC:  28%|██▊       | 1390/5018 [2:55:21<7:29:26,  7.43s/it]
PPSurf + Mesh→PC:  28%|██▊       | 1391/5018 [2:55:28<7:29:07,  7.43s/it]
PPSurf + Mesh→PC:  28%|██▊       | 1392/5018 [2:55:36<7:38:01,  7.58s/it]
PPSurf + Mesh→PC:  28%|██▊       | 1393/5018 [2:55:43<7:38:22,  7.59s/it]
PPSurf + Mesh→PC:  28%|██▊       | 1394/5018 [2:55:51<7:36:01,  7.55s/it]
PPSurf + Mesh→PC:  28%|██▊       | 1395/5018 [2:55:59<7:39:42,  7.61s/it]
PPSurf + Mesh→PC:  28%|██▊       | 1396/5018 [2:56:06<7:31:13,  7.47s/it]
PPSurf + Mesh→PC:  28%|██▊       | 1397/5018 [2:56:13<7:31:03,  7.47s/it]
PPSurf + Mesh→PC:  28%|██▊       | 1398/5018 [2:56:21<7:36:40,  7.57s/it]
PPSurf + Mesh→PC:  28%|██▊       | 1399/5018 [2:56:28<7:29:45,  7.46s/it]
PPSurf + Mesh→PC:  28%|██▊       | 1400/5018 [2:56:36<7:30:46,  7.48s/it]
PPSurf + Mesh→PC:  28%|██▊       | 1401/5018 [2:56:44<7:34:29,  7.54s/it]
PPSurf + Mesh→PC:  28%|██▊       | 1402/5018 [2:56:51<7:32:32,  7.51s/it]
PPSurf + Mesh→PC:  28%|██▊       | 1403/5018 [2:56:59<7:36:22,  7.57s/it]
PPSurf + Mesh→PC:  28%|██▊       | 1404/5018 [2:57:06<7:36:26,  7.58s/it]
PPSurf + Mesh→PC:  28%|██▊       | 1405/5018 [2:57:14<7:35:01,  7.56s/it]
PPSurf + Mesh→PC:  28%|██▊       | 1406/5018 [2:57:21<7:35:40,  7.57s/it]
PPSurf + Mesh→PC:  28%|██▊       | 1407/5018 [2:57:29<7:34:02,  7.54s/it]
PPSurf + Mesh→PC:  28%|██▊       | 1408/5018 [2:57:36<7:32:55,  7.53s/it]
PPSurf + Mesh→PC:  28%|██▊       | 1409/5018 [2:57:44<7:38:53,  7.63s/it]
PPSurf + Mesh→PC:  28%|██▊       | 1410/5018 [2:57:52<7:32:52,  7.53s/it]
PPSurf + Mesh→PC:  28%|██▊       | 1411/5018 [2:57:59<7:28:39,  7.46s/it]
PPSurf + Mesh→PC:  28%|██▊       | 1412/5018 [2:58:07<7:36:40,  7.60s/it]
PPSurf + Mesh→PC:  28%|██▊       | 1413/5018 [2:58:14<7:30:30,  7.50s/it]
PPSurf + Mesh→PC:  28%|██▊       | 1414/5018 [2:58:21<7:27:12,  7.45s/it]
PPSurf + Mesh→PC:  28%|██▊       | 1415/5018 [2:58:29<7:29:10,  7.48s/it]
PPSurf + Mesh→PC:  28%|██▊       | 1416/5018 [2:58:36<7:27:14,  7.45s/it]
PPSurf + Mesh→PC:  28%|██▊       | 1417/5018 [2:58:44<7:24:06,  7.40s/it]
PPSurf + Mesh→PC:  28%|██▊       | 1418/5018 [2:58:51<7:26:04,  7.43s/it]
PPSurf + Mesh→PC:  28%|██▊       | 1419/5018 [2:58:59<7:28:47,  7.48s/it]
PPSurf + Mesh→PC:  28%|██▊       | 1420/5018 [2:59:06<7:31:00,  7.52s/it]
PPSurf + Mesh→PC:  28%|██▊       | 1421/5018 [2:59:14<7:33:06,  7.56s/it]
PPSurf + Mesh→PC:  28%|██▊       | 1422/5018 [2:59:21<7:31:29,  7.53s/it]
PPSurf + Mesh→PC:  28%|██▊       | 1423/5018 [2:59:29<7:34:28,  7.59s/it]
PPSurf + Mesh→PC:  28%|██▊       | 1424/5018 [2:59:37<7:32:02,  7.55s/it]
PPSurf + Mesh→PC:  28%|██▊       | 1425/5018 [2:59:44<7:33:05,  7.57s/it]
PPSurf + Mesh→PC:  28%|██▊       | 1426/5018 [2:59:52<7:36:15,  7.62s/it]
PPSurf + Mesh→PC:  28%|██▊       | 1427/5018 [2:59:59<7:31:29,  7.54s/it]
PPSurf + Mesh→PC:  28%|██▊       | 1428/5018 [3:00:07<7:30:35,  7.53s/it]
PPSurf + Mesh→PC:  28%|██▊       | 1429/5018 [3:00:14<7:33:29,  7.58s/it]
PPSurf + Mesh→PC:  28%|██▊       | 1430/5018 [3:00:22<7:33:05,  7.58s/it]
PPSurf + Mesh→PC:  29%|██▊       | 1431/5018 [3:00:29<7:28:58,  7.51s/it]
PPSurf + Mesh→PC:  29%|██▊       | 1432/5018 [3:00:37<7:26:28,  7.47s/it]
PPSurf + Mesh→PC:  29%|██▊       | 1433/5018 [3:00:44<7:29:32,  7.52s/it]
PPSurf + Mesh→PC:  29%|██▊       | 1434/5018 [3:00:52<7:24:02,  7.43s/it]
PPSurf + Mesh→PC:  29%|██▊       | 1435/5018 [3:00:59<7:23:28,  7.43s/it]
PPSurf + Mesh→PC:  29%|██▊       | 1436/5018 [3:01:07<7:28:22,  7.51s/it]
PPSurf + Mesh→PC:  29%|██▊       | 1437/5018 [3:01:14<7:25:30,  7.46s/it]
PPSurf + Mesh→PC:  29%|██▊       | 1438/5018 [3:01:22<7:29:03,  7.53s/it]
PPSurf + Mesh→PC:  29%|██▊       | 1439/5018 [3:01:29<7:25:57,  7.48s/it]
PPSurf + Mesh→PC:  29%|██▊       | 1440/5018 [3:01:37<7:27:04,  7.50s/it]
PPSurf + Mesh→PC:  29%|██▊       | 1441/5018 [3:01:44<7:30:23,  7.55s/it]
PPSurf + Mesh→PC:  29%|██▊       | 1442/5018 [3:01:52<7:25:51,  7.48s/it]
PPSurf + Mesh→PC:  29%|██▉       | 1443/5018 [3:02:00<7:33:11,  7.61s/it]
PPSurf + Mesh→PC:  29%|██▉       | 1444/5018 [3:02:07<7:36:03,  7.66s/it]
PPSurf + Mesh→PC:  29%|██▉       | 1445/5018 [3:02:15<7:33:45,  7.62s/it]
PPSurf + Mesh→PC:  29%|██▉       | 1446/5018 [3:02:23<7:37:15,  7.68s/it]
PPSurf + Mesh→PC:  29%|██▉       | 1447/5018 [3:02:30<7:36:15,  7.67s/it]
PPSurf + Mesh→PC:  29%|██▉       | 1448/5018 [3:02:38<7:35:16,  7.65s/it]
PPSurf + Mesh→PC:  29%|██▉       | 1449/5018 [3:02:45<7:28:11,  7.53s/it]
PPSurf + Mesh→PC:  29%|██▉       | 1450/5018 [3:02:53<7:32:38,  7.61s/it]
PPSurf + Mesh→PC:  29%|██▉       | 1451/5018 [3:03:00<7:28:45,  7.55s/it]
PPSurf + Mesh→PC:  29%|██▉       | 1452/5018 [3:03:08<7:29:42,  7.57s/it]
PPSurf + Mesh→PC:  29%|██▉       | 1453/5018 [3:03:15<7:26:02,  7.51s/it]
PPSurf + Mesh→PC:  29%|██▉       | 1454/5018 [3:03:23<7:23:45,  7.47s/it]
PPSurf + Mesh→PC:  29%|██▉       | 1455/5018 [3:03:30<7:23:33,  7.47s/it]
PPSurf + Mesh→PC:  29%|██▉       | 1456/5018 [3:03:38<7:26:00,  7.51s/it]
PPSurf + Mesh→PC:  29%|██▉       | 1457/5018 [3:03:46<7:35:41,  7.68s/it]
PPSurf + Mesh→PC:  29%|██▉       | 1458/5018 [3:03:53<7:32:43,  7.63s/it]
PPSurf + Mesh→PC:  29%|██▉       | 1459/5018 [3:04:01<7:29:44,  7.58s/it]
PPSurf + Mesh→PC:  29%|██▉       | 1460/5018 [3:04:09<7:36:58,  7.71s/it]
PPSurf + Mesh→PC:  29%|██▉       | 1461/5018 [3:04:17<7:35:36,  7.69s/it]
PPSurf + Mesh→PC:  29%|██▉       | 1462/5018 [3:04:24<7:32:59,  7.64s/it]
PPSurf + Mesh→PC:  29%|██▉       | 1463/5018 [3:04:32<7:32:44,  7.64s/it]
PPSurf + Mesh→PC:  29%|██▉       | 1464/5018 [3:04:39<7:30:09,  7.60s/it]
PPSurf + Mesh→PC:  29%|██▉       | 1465/5018 [3:04:47<7:29:07,  7.58s/it]
PPSurf + Mesh→PC:  29%|██▉       | 1466/5018 [3:04:54<7:29:57,  7.60s/it]
PPSurf + Mesh→PC:  29%|██▉       | 1467/5018 [3:05:02<7:26:24,  7.54s/it]
PPSurf + Mesh→PC:  29%|██▉       | 1468/5018 [3:05:09<7:23:52,  7.50s/it]
PPSurf + Mesh→PC:  29%|██▉       | 1469/5018 [3:05:17<7:26:06,  7.54s/it]
PPSurf + Mesh→PC:  29%|██▉       | 1470/5018 [3:05:24<7:21:53,  7.47s/it]
PPSurf + Mesh→PC:  29%|██▉       | 1471/5018 [3:05:32<7:29:25,  7.60s/it]
PPSurf + Mesh→PC:  29%|██▉       | 1472/5018 [3:05:40<7:26:29,  7.55s/it]
PPSurf + Mesh→PC:  29%|██▉       | 1473/5018 [3:05:47<7:29:34,  7.61s/it]
PPSurf + Mesh→PC:  29%|██▉       | 1474/5018 [3:05:55<7:33:36,  7.68s/it]
PPSurf + Mesh→PC:  29%|██▉       | 1475/5018 [3:06:03<7:33:48,  7.69s/it]
PPSurf + Mesh→PC:  29%|██▉       | 1476/5018 [3:06:10<7:31:04,  7.64s/it]
PPSurf + Mesh→PC:  29%|██▉       | 1477/5018 [3:06:18<7:29:10,  7.61s/it]
PPSurf + Mesh→PC:  29%|██▉       | 1478/5018 [3:06:25<7:25:50,  7.56s/it]
PPSurf + Mesh→PC:  29%|██▉       | 1479/5018 [3:06:33<7:23:56,  7.53s/it]
PPSurf + Mesh→PC:  29%|██▉       | 1480/5018 [3:06:40<7:24:00,  7.53s/it]
PPSurf + Mesh→PC:  30%|██▉       | 1481/5018 [3:06:48<7:24:06,  7.53s/it]
PPSurf + Mesh→PC:  30%|██▉       | 1482/5018 [3:06:55<7:23:02,  7.52s/it]
PPSurf + Mesh→PC:  30%|██▉       | 1483/5018 [3:07:03<7:22:43,  7.51s/it]
PPSurf + Mesh→PC:  30%|██▉       | 1484/5018 [3:07:10<7:22:30,  7.51s/it]
PPSurf + Mesh→PC:  30%|██▉       | 1485/5018 [3:07:18<7:23:38,  7.53s/it]
PPSurf + Mesh→PC:  30%|██▉       | 1486/5018 [3:07:25<7:20:09,  7.48s/it]
PPSurf + Mesh→PC:  30%|██▉       | 1487/5018 [3:07:33<7:15:32,  7.40s/it]
PPSurf + Mesh→PC:  30%|██▉       | 1488/5018 [3:07:40<7:20:20,  7.48s/it]
PPSurf + Mesh→PC:  30%|██▉       | 1489/5018 [3:07:48<7:19:22,  7.47s/it]
PPSurf + Mesh→PC:  30%|██▉       | 1490/5018 [3:07:55<7:14:32,  7.39s/it]
PPSurf + Mesh→PC:  30%|██▉       | 1491/5018 [3:08:03<7:23:04,  7.54s/it]
PPSurf + Mesh→PC:  30%|██▉       | 1492/5018 [3:08:10<7:23:19,  7.54s/it]
PPSurf + Mesh→PC:  30%|██▉       | 1493/5018 [3:08:18<7:22:20,  7.53s/it]
PPSurf + Mesh→PC:  30%|██▉       | 1494/5018 [3:08:25<7:22:27,  7.53s/it]
PPSurf + Mesh→PC:  30%|██▉       | 1495/5018 [3:08:33<7:22:28,  7.54s/it]
PPSurf + Mesh→PC:  30%|██▉       | 1496/5018 [3:08:40<7:22:51,  7.54s/it]
PPSurf + Mesh→PC:  30%|██▉       | 1497/5018 [3:08:48<7:25:12,  7.59s/it]
PPSurf + Mesh→PC:  30%|██▉       | 1498/5018 [3:08:55<7:18:59,  7.48s/it]
PPSurf + Mesh→PC:  30%|██▉       | 1499/5018 [3:09:03<7:17:29,  7.46s/it]
PPSurf + Mesh→PC:  30%|██▉       | 1500/5018 [3:09:10<7:14:57,  7.42s/it]
PPSurf + Mesh→PC:  30%|██▉       | 1501/5018 [3:09:18<7:16:03,  7.44s/it]
PPSurf + Mesh→PC:  30%|██▉       | 1502/5018 [3:09:26<7:27:03,  7.63s/it]
PPSurf + Mesh→PC:  30%|██▉       | 1503/5018 [3:09:33<7:18:02,  7.48s/it]
PPSurf + Mesh→PC:  30%|██▉       | 1504/5018 [3:09:40<7:18:31,  7.49s/it]
PPSurf + Mesh→PC:  30%|██▉       | 1505/5018 [3:09:48<7:25:25,  7.61s/it]
PPSurf + Mesh→PC:  30%|███       | 1506/5018 [3:09:56<7:25:34,  7.61s/it]
PPSurf + Mesh→PC:  30%|███       | 1507/5018 [3:10:03<7:25:49,  7.62s/it]
PPSurf + Mesh→PC:  30%|███       | 1508/5018 [3:10:11<7:32:24,  7.73s/it]
PPSurf + Mesh→PC:  30%|███       | 1509/5018 [3:10:19<7:26:22,  7.63s/it]
PPSurf + Mesh→PC:  30%|███       | 1510/5018 [3:10:26<7:21:58,  7.56s/it]
PPSurf + Mesh→PC:  30%|███       | 1511/5018 [3:10:34<7:22:35,  7.57s/it]
PPSurf + Mesh→PC:  30%|███       | 1512/5018 [3:10:41<7:21:55,  7.56s/it]
PPSurf + Mesh→PC:  30%|███       | 1513/5018 [3:10:49<7:18:20,  7.50s/it]
PPSurf + Mesh→PC:  30%|███       | 1514/5018 [3:10:56<7:19:39,  7.53s/it]
PPSurf + Mesh→PC:  30%|███       | 1515/5018 [3:11:04<7:16:39,  7.48s/it]
PPSurf + Mesh→PC:  30%|███       | 1516/5018 [3:11:11<7:17:01,  7.49s/it]
PPSurf + Mesh→PC:  30%|███       | 1517/5018 [3:11:19<7:18:05,  7.51s/it]
PPSurf + Mesh→PC:  30%|███       | 1518/5018 [3:11:26<7:20:48,  7.56s/it]
PPSurf + Mesh→PC:  30%|███       | 1519/5018 [3:11:34<7:23:09,  7.60s/it]
PPSurf + Mesh→PC:  30%|███       | 1520/5018 [3:11:41<7:19:31,  7.54s/it]
PPSurf + Mesh→PC:  30%|███       | 1521/5018 [3:11:49<7:19:48,  7.55s/it]
PPSurf + Mesh→PC:  30%|███       | 1522/5018 [3:11:57<7:21:22,  7.57s/it]
PPSurf + Mesh→PC:  30%|███       | 1523/5018 [3:12:04<7:14:43,  7.46s/it]
PPSurf + Mesh→PC:  30%|███       | 1524/5018 [3:12:11<7:14:07,  7.45s/it]
PPSurf + Mesh→PC:  30%|███       | 1525/5018 [3:12:20<7:27:15,  7.68s/it]
PPSurf + Mesh→PC:  30%|███       | 1526/5018 [3:12:27<7:29:18,  7.72s/it]
PPSurf + Mesh→PC:  30%|███       | 1527/5018 [3:12:35<7:26:06,  7.67s/it]
PPSurf + Mesh→PC:  30%|███       | 1528/5018 [3:12:43<7:25:34,  7.66s/it]
PPSurf + Mesh→PC:  30%|███       | 1529/5018 [3:12:50<7:23:34,  7.63s/it]
PPSurf + Mesh→PC:  30%|███       | 1530/5018 [3:12:58<7:24:28,  7.65s/it]
PPSurf + Mesh→PC:  31%|███       | 1531/5018 [3:13:05<7:20:12,  7.57s/it]
PPSurf + Mesh→PC:  31%|███       | 1532/5018 [3:13:13<7:19:04,  7.56s/it]
PPSurf + Mesh→PC:  31%|███       | 1533/5018 [3:13:20<7:22:27,  7.62s/it]
PPSurf + Mesh→PC:  31%|███       | 1534/5018 [3:13:28<7:17:05,  7.53s/it]
PPSurf + Mesh→PC:  31%|███       | 1535/5018 [3:13:35<7:15:58,  7.51s/it]
PPSurf + Mesh→PC:  31%|███       | 1536/5018 [3:13:43<7:17:26,  7.54s/it]
PPSurf + Mesh→PC:  31%|███       | 1537/5018 [3:13:50<7:17:22,  7.54s/it]
PPSurf + Mesh→PC:  31%|███       | 1538/5018 [3:13:58<7:15:02,  7.50s/it]
PPSurf + Mesh→PC:  31%|███       | 1539/5018 [3:14:06<7:18:24,  7.56s/it]
PPSurf + Mesh→PC:  31%|███       | 1540/5018 [3:14:13<7:17:57,  7.56s/it]
PPSurf + Mesh→PC:  31%|███       | 1541/5018 [3:14:20<7:15:20,  7.51s/it]
PPSurf + Mesh→PC:  31%|███       | 1542/5018 [3:14:28<7:24:03,  7.66s/it]
PPSurf + Mesh→PC:  31%|███       | 1543/5018 [3:14:36<7:21:12,  7.62s/it]
PPSurf + Mesh→PC:  31%|███       | 1544/5018 [3:14:43<7:16:39,  7.54s/it]
PPSurf + Mesh→PC:  31%|███       | 1545/5018 [3:14:51<7:15:40,  7.53s/it]
PPSurf + Mesh→PC:  31%|███       | 1546/5018 [3:14:58<7:14:41,  7.51s/it]
PPSurf + Mesh→PC:  31%|███       | 1547/5018 [3:15:06<7:14:29,  7.51s/it]
PPSurf + Mesh→PC:  31%|███       | 1548/5018 [3:15:14<7:17:24,  7.56s/it]
PPSurf + Mesh→PC:  31%|███       | 1549/5018 [3:15:21<7:15:14,  7.53s/it]
PPSurf + Mesh→PC:  31%|███       | 1550/5018 [3:15:29<7:17:14,  7.56s/it]
PPSurf + Mesh→PC:  31%|███       | 1551/5018 [3:15:36<7:19:10,  7.60s/it]
PPSurf + Mesh→PC:  31%|███       | 1552/5018 [3:15:44<7:14:14,  7.52s/it]
PPSurf + Mesh→PC:  31%|███       | 1553/5018 [3:15:52<7:22:39,  7.66s/it]
PPSurf + Mesh→PC:  31%|███       | 1554/5018 [3:15:59<7:17:07,  7.57s/it]
PPSurf + Mesh→PC:  31%|███       | 1555/5018 [3:16:07<7:16:58,  7.57s/it]
PPSurf + Mesh→PC:  31%|███       | 1556/5018 [3:16:14<7:15:08,  7.54s/it]
PPSurf + Mesh→PC:  31%|███       | 1557/5018 [3:16:21<7:11:45,  7.49s/it]
PPSurf + Mesh→PC:  31%|███       | 1558/5018 [3:16:29<7:10:47,  7.47s/it]
PPSurf + Mesh→PC:  31%|███       | 1559/5018 [3:16:36<7:13:59,  7.53s/it]
PPSurf + Mesh→PC:  31%|███       | 1560/5018 [3:16:44<7:15:28,  7.56s/it]
PPSurf + Mesh→PC:  31%|███       | 1561/5018 [3:16:52<7:12:46,  7.51s/it]
PPSurf + Mesh→PC:  31%|███       | 1562/5018 [3:16:59<7:10:54,  7.48s/it]
PPSurf + Mesh→PC:  31%|███       | 1563/5018 [3:17:07<7:13:19,  7.53s/it]
PPSurf + Mesh→PC:  31%|███       | 1564/5018 [3:17:14<7:10:45,  7.48s/it]
PPSurf + Mesh→PC:  31%|███       | 1565/5018 [3:17:21<7:08:53,  7.45s/it]
PPSurf + Mesh→PC:  31%|███       | 1566/5018 [3:17:29<7:08:39,  7.45s/it]
PPSurf + Mesh→PC:  31%|███       | 1567/5018 [3:17:36<7:11:59,  7.51s/it]
PPSurf + Mesh→PC:  31%|███       | 1568/5018 [3:17:44<7:10:41,  7.49s/it]
PPSurf + Mesh→PC:  31%|███▏      | 1569/5018 [3:17:52<7:13:43,  7.55s/it]
PPSurf + Mesh→PC:  31%|███▏      | 1570/5018 [3:17:59<7:16:48,  7.60s/it]
PPSurf + Mesh→PC:  31%|███▏      | 1571/5018 [3:18:07<7:21:34,  7.69s/it]
PPSurf + Mesh→PC:  31%|███▏      | 1572/5018 [3:18:15<7:18:06,  7.63s/it]
PPSurf + Mesh→PC:  31%|███▏      | 1573/5018 [3:18:22<7:12:03,  7.52s/it]
PPSurf + Mesh→PC:  31%|███▏      | 1574/5018 [3:18:30<7:13:07,  7.55s/it]
PPSurf + Mesh→PC:  31%|███▏      | 1575/5018 [3:18:37<7:07:32,  7.45s/it]
PPSurf + Mesh→PC:  31%|███▏      | 1576/5018 [3:18:44<7:11:39,  7.52s/it]
PPSurf + Mesh→PC:  31%|███▏      | 1577/5018 [3:18:52<7:12:15,  7.54s/it]
PPSurf + Mesh→PC:  31%|███▏      | 1578/5018 [3:19:00<7:20:17,  7.68s/it]
PPSurf + Mesh→PC:  31%|███▏      | 1579/5018 [3:19:08<7:21:00,  7.69s/it]
PPSurf + Mesh→PC:  31%|███▏      | 1580/5018 [3:19:16<7:26:10,  7.79s/it]
PPSurf + Mesh→PC:  32%|███▏      | 1581/5018 [3:19:24<7:27:25,  7.81s/it]
PPSurf + Mesh→PC:  32%|███▏      | 1582/5018 [3:19:31<7:26:25,  7.80s/it]
PPSurf + Mesh→PC:  32%|███▏      | 1583/5018 [3:19:39<7:27:22,  7.81s/it]
PPSurf + Mesh→PC:  32%|███▏      | 1584/5018 [3:19:47<7:31:48,  7.89s/it]
PPSurf + Mesh→PC:  32%|███▏      | 1585/5018 [3:19:55<7:29:54,  7.86s/it]
PPSurf + Mesh→PC:  32%|███▏      | 1586/5018 [3:20:03<7:32:05,  7.90s/it]
PPSurf + Mesh→PC:  32%|███▏      | 1587/5018 [3:20:11<7:28:18,  7.84s/it]
PPSurf + Mesh→PC:  32%|███▏      | 1588/5018 [3:20:19<7:31:27,  7.90s/it]
PPSurf + Mesh→PC:  32%|███▏      | 1589/5018 [3:20:27<7:30:03,  7.88s/it]
PPSurf + Mesh→PC:  32%|███▏      | 1590/5018 [3:20:35<7:30:48,  7.89s/it]
PPSurf + Mesh→PC:  32%|███▏      | 1591/5018 [3:20:42<7:26:41,  7.82s/it]
PPSurf + Mesh→PC:  32%|███▏      | 1592/5018 [3:20:50<7:25:55,  7.81s/it]
PPSurf + Mesh→PC:  32%|███▏      | 1593/5018 [3:20:58<7:22:30,  7.75s/it]
PPSurf + Mesh→PC:  32%|███▏      | 1594/5018 [3:21:06<7:28:46,  7.86s/it]
PPSurf + Mesh→PC:  32%|███▏      | 1595/5018 [3:21:13<7:20:04,  7.71s/it]
PPSurf + Mesh→PC:  32%|███▏      | 1596/5018 [3:21:21<7:23:55,  7.78s/it]
PPSurf + Mesh→PC:  32%|███▏      | 1597/5018 [3:21:29<7:23:28,  7.78s/it]
PPSurf + Mesh→PC:  32%|███▏      | 1598/5018 [3:21:36<7:19:28,  7.71s/it]
PPSurf + Mesh→PC:  32%|███▏      | 1599/5018 [3:21:44<7:22:06,  7.76s/it]
PPSurf + Mesh→PC:  32%|███▏      | 1600/5018 [3:21:52<7:19:58,  7.72s/it]
PPSurf + Mesh→PC:  32%|███▏      | 1601/5018 [3:22:00<7:19:27,  7.72s/it]
PPSurf + Mesh→PC:  32%|███▏      | 1602/5018 [3:22:07<7:18:26,  7.70s/it]
PPSurf + Mesh→PC:  32%|███▏      | 1603/5018 [3:22:15<7:16:40,  7.67s/it]
PPSurf + Mesh→PC:  32%|███▏      | 1604/5018 [3:22:23<7:21:36,  7.76s/it]
PPSurf + Mesh→PC:  32%|███▏      | 1605/5018 [3:22:31<7:22:28,  7.78s/it]
PPSurf + Mesh→PC:  32%|███▏      | 1606/5018 [3:22:38<7:21:07,  7.76s/it]
PPSurf + Mesh→PC:  32%|███▏      | 1607/5018 [3:22:46<7:18:01,  7.71s/it]
PPSurf + Mesh→PC:  32%|███▏      | 1608/5018 [3:22:54<7:20:38,  7.75s/it]
PPSurf + Mesh→PC:  32%|███▏      | 1609/5018 [3:23:01<7:19:17,  7.73s/it]
PPSurf + Mesh→PC:  32%|███▏      | 1610/5018 [3:23:09<7:19:47,  7.74s/it]
PPSurf + Mesh→PC:  32%|███▏      | 1611/5018 [3:23:17<7:19:43,  7.74s/it]
PPSurf + Mesh→PC:  32%|███▏      | 1612/5018 [3:23:25<7:18:37,  7.73s/it]
PPSurf + Mesh→PC:  32%|███▏      | 1613/5018 [3:23:33<7:21:27,  7.78s/it]
PPSurf + Mesh→PC:  32%|███▏      | 1614/5018 [3:23:41<7:27:28,  7.89s/it]
PPSurf + Mesh→PC:  32%|███▏      | 1615/5018 [3:23:48<7:25:19,  7.85s/it]
PPSurf + Mesh→PC:  32%|███▏      | 1616/5018 [3:23:56<7:25:15,  7.85s/it]
PPSurf + Mesh→PC:  32%|███▏      | 1617/5018 [3:24:04<7:23:08,  7.82s/it]
PPSurf + Mesh→PC:  32%|███▏      | 1618/5018 [3:24:12<7:22:16,  7.80s/it]
PPSurf + Mesh→PC:  32%|███▏      | 1619/5018 [3:24:20<7:21:20,  7.79s/it]
PPSurf + Mesh→PC:  32%|███▏      | 1620/5018 [3:24:28<7:24:22,  7.85s/it]
PPSurf + Mesh→PC:  32%|███▏      | 1621/5018 [3:24:35<7:23:20,  7.83s/it]
PPSurf + Mesh→PC:  32%|███▏      | 1622/5018 [3:24:43<7:24:15,  7.85s/it]
PPSurf + Mesh→PC:  32%|███▏      | 1623/5018 [3:24:51<7:20:58,  7.79s/it]
PPSurf + Mesh→PC:  32%|███▏      | 1624/5018 [3:24:59<7:22:31,  7.82s/it]
PPSurf + Mesh→PC:  32%|███▏      | 1625/5018 [3:25:06<7:19:19,  7.77s/it]
PPSurf + Mesh→PC:  32%|███▏      | 1626/5018 [3:25:14<7:20:44,  7.80s/it]
PPSurf + Mesh→PC:  32%|███▏      | 1627/5018 [3:25:22<7:19:38,  7.78s/it]
PPSurf + Mesh→PC:  32%|███▏      | 1628/5018 [3:25:30<7:22:56,  7.84s/it]
PPSurf + Mesh→PC:  32%|███▏      | 1629/5018 [3:25:38<7:21:09,  7.81s/it]
PPSurf + Mesh→PC:  32%|███▏      | 1630/5018 [3:25:46<7:25:47,  7.89s/it]
PPSurf + Mesh→PC:  33%|███▎      | 1631/5018 [3:25:54<7:23:03,  7.85s/it]
PPSurf + Mesh→PC:  33%|███▎      | 1632/5018 [3:26:01<7:22:40,  7.84s/it]
PPSurf + Mesh→PC:  33%|███▎      | 1633/5018 [3:26:09<7:17:51,  7.76s/it]
PPSurf + Mesh→PC:  33%|███▎      | 1634/5018 [3:26:17<7:21:12,  7.82s/it]
PPSurf + Mesh→PC:  33%|███▎      | 1635/5018 [3:26:25<7:20:06,  7.81s/it]
PPSurf + Mesh→PC:  33%|███▎      | 1636/5018 [3:26:32<7:16:53,  7.75s/it]
PPSurf + Mesh→PC:  33%|███▎      | 1637/5018 [3:26:40<7:17:27,  7.76s/it]
PPSurf + Mesh→PC:  33%|███▎      | 1638/5018 [3:26:48<7:22:28,  7.85s/it]
PPSurf + Mesh→PC:  33%|███▎      | 1639/5018 [3:26:56<7:21:23,  7.84s/it]
PPSurf + Mesh→PC:  33%|███▎      | 1640/5018 [3:27:04<7:19:15,  7.80s/it]
PPSurf + Mesh→PC:  33%|███▎      | 1641/5018 [3:27:12<7:21:06,  7.84s/it]
PPSurf + Mesh→PC:  33%|███▎      | 1642/5018 [3:27:20<7:21:59,  7.86s/it]
PPSurf + Mesh→PC:  33%|███▎      | 1643/5018 [3:27:28<7:23:15,  7.88s/it]
PPSurf + Mesh→PC:  33%|███▎      | 1644/5018 [3:27:35<7:19:10,  7.81s/it]
PPSurf + Mesh→PC:  33%|███▎      | 1645/5018 [3:27:43<7:18:11,  7.79s/it]
PPSurf + Mesh→PC:  33%|███▎      | 1646/5018 [3:27:51<7:22:35,  7.88s/it]
PPSurf + Mesh→PC:  33%|███▎      | 1647/5018 [3:27:59<7:22:42,  7.88s/it]
PPSurf + Mesh→PC:  33%|███▎      | 1648/5018 [3:28:07<7:20:49,  7.85s/it]
PPSurf + Mesh→PC:  33%|███▎      | 1649/5018 [3:28:14<7:19:22,  7.82s/it]
PPSurf + Mesh→PC:  33%|███▎      | 1650/5018 [3:28:22<7:19:22,  7.83s/it]
PPSurf + Mesh→PC:  33%|███▎      | 1651/5018 [3:28:30<7:19:04,  7.82s/it]
PPSurf + Mesh→PC:  33%|███▎      | 1652/5018 [3:28:38<7:21:27,  7.87s/it]
PPSurf + Mesh→PC:  33%|███▎      | 1653/5018 [3:28:46<7:22:10,  7.88s/it]
PPSurf + Mesh→PC:  33%|███▎      | 1654/5018 [3:28:54<7:21:36,  7.88s/it]
PPSurf + Mesh→PC:  33%|███▎      | 1655/5018 [3:29:02<7:19:41,  7.84s/it]
PPSurf + Mesh→PC:  33%|███▎      | 1656/5018 [3:29:09<7:20:07,  7.85s/it]
PPSurf + Mesh→PC:  33%|███▎      | 1657/5018 [3:29:17<7:20:54,  7.87s/it]
PPSurf + Mesh→PC:  33%|███▎      | 1658/5018 [3:29:25<7:17:13,  7.81s/it]
PPSurf + Mesh→PC:  33%|███▎      | 1659/5018 [3:29:33<7:12:17,  7.72s/it]
PPSurf + Mesh→PC:  33%|███▎      | 1660/5018 [3:29:40<7:14:40,  7.77s/it]
PPSurf + Mesh→PC:  33%|███▎      | 1661/5018 [3:29:48<7:17:53,  7.83s/it]
PPSurf + Mesh→PC:  33%|███▎      | 1662/5018 [3:29:56<7:19:20,  7.85s/it]
PPSurf + Mesh→PC:  33%|███▎      | 1663/5018 [3:30:04<7:20:22,  7.88s/it]
PPSurf + Mesh→PC:  33%|███▎      | 1664/5018 [3:30:12<7:17:45,  7.83s/it]
PPSurf + Mesh→PC:  33%|███▎      | 1665/5018 [3:30:20<7:14:19,  7.77s/it]
PPSurf + Mesh→PC:  33%|███▎      | 1666/5018 [3:30:27<7:15:40,  7.80s/it]
PPSurf + Mesh→PC:  33%|███▎      | 1667/5018 [3:30:35<7:18:23,  7.85s/it]
PPSurf + Mesh→PC:  33%|███▎      | 1668/5018 [3:30:43<7:14:45,  7.79s/it]
PPSurf + Mesh→PC:  33%|███▎      | 1669/5018 [3:30:51<7:13:45,  7.77s/it]
PPSurf + Mesh→PC:  33%|███▎      | 1670/5018 [3:30:59<7:14:13,  7.78s/it]
PPSurf + Mesh→PC:  33%|███▎      | 1671/5018 [3:31:06<7:14:30,  7.79s/it]
PPSurf + Mesh→PC:  33%|███▎      | 1672/5018 [3:31:14<7:11:27,  7.74s/it]
PPSurf + Mesh→PC:  33%|███▎      | 1673/5018 [3:31:22<7:10:12,  7.72s/it]
PPSurf + Mesh→PC:  33%|███▎      | 1674/5018 [3:31:29<7:07:54,  7.68s/it]
PPSurf + Mesh→PC:  33%|███▎      | 1675/5018 [3:31:37<7:11:44,  7.75s/it]
PPSurf + Mesh→PC:  33%|███▎      | 1676/5018 [3:31:45<7:13:17,  7.78s/it]
PPSurf + Mesh→PC:  33%|███▎      | 1677/5018 [3:31:53<7:12:45,  7.77s/it]
PPSurf + Mesh→PC:  33%|███▎      | 1678/5018 [3:32:00<7:10:57,  7.74s/it]
PPSurf + Mesh→PC:  33%|███▎      | 1679/5018 [3:32:08<7:14:12,  7.80s/it]
PPSurf + Mesh→PC:  33%|███▎      | 1680/5018 [3:32:16<7:14:14,  7.81s/it]
PPSurf + Mesh→PC:  33%|███▎      | 1681/5018 [3:32:24<7:15:28,  7.83s/it]
PPSurf + Mesh→PC:  34%|███▎      | 1682/5018 [3:32:32<7:13:31,  7.80s/it]
PPSurf + Mesh→PC:  34%|███▎      | 1683/5018 [3:32:40<7:19:58,  7.92s/it]
PPSurf + Mesh→PC:  34%|███▎      | 1684/5018 [3:32:48<7:17:04,  7.87s/it]
PPSurf + Mesh→PC:  34%|███▎      | 1685/5018 [3:32:56<7:15:35,  7.84s/it]
PPSurf + Mesh→PC:  34%|███▎      | 1686/5018 [3:33:03<7:15:06,  7.83s/it]
PPSurf + Mesh→PC:  34%|███▎      | 1687/5018 [3:33:11<7:13:46,  7.81s/it]
PPSurf + Mesh→PC:  34%|███▎      | 1688/5018 [3:33:19<7:06:33,  7.69s/it]
PPSurf + Mesh→PC:  34%|███▎      | 1689/5018 [3:33:26<7:05:11,  7.66s/it]
PPSurf + Mesh→PC:  34%|███▎      | 1690/5018 [3:33:34<7:05:52,  7.68s/it]
PPSurf + Mesh→PC:  34%|███▎      | 1691/5018 [3:33:42<7:07:12,  7.70s/it]
PPSurf + Mesh→PC:  34%|███▎      | 1692/5018 [3:33:49<7:01:27,  7.60s/it]
PPSurf + Mesh→PC:  34%|███▎      | 1693/5018 [3:33:57<7:03:30,  7.64s/it]
PPSurf + Mesh→PC:  34%|███▍      | 1694/5018 [3:34:04<6:55:34,  7.50s/it]
PPSurf + Mesh→PC:  34%|███▍      | 1695/5018 [3:34:12<7:01:50,  7.62s/it]
PPSurf + Mesh→PC:  34%|███▍      | 1696/5018 [3:34:20<7:05:31,  7.69s/it]
PPSurf + Mesh→PC:  34%|███▍      | 1697/5018 [3:34:28<7:08:40,  7.74s/it]
PPSurf + Mesh→PC:  34%|███▍      | 1698/5018 [3:34:35<7:06:02,  7.70s/it]
PPSurf + Mesh→PC:  34%|███▍      | 1699/5018 [3:34:43<7:06:09,  7.70s/it]
PPSurf + Mesh→PC:  34%|███▍      | 1700/5018 [3:34:51<7:07:19,  7.73s/it]
PPSurf + Mesh→PC:  34%|███▍      | 1701/5018 [3:34:59<7:10:12,  7.78s/it]
PPSurf + Mesh→PC:  34%|███▍      | 1702/5018 [3:35:06<7:12:09,  7.82s/it]
PPSurf + Mesh→PC:  34%|███▍      | 1703/5018 [3:35:14<7:09:46,  7.78s/it]
PPSurf + Mesh→PC:  34%|███▍      | 1704/5018 [3:35:22<7:10:00,  7.79s/it]
PPSurf + Mesh→PC:  34%|███▍      | 1705/5018 [3:35:30<7:06:56,  7.73s/it]
PPSurf + Mesh→PC:  34%|███▍      | 1706/5018 [3:35:38<7:14:12,  7.87s/it]
PPSurf + Mesh→PC:  34%|███▍      | 1707/5018 [3:35:45<7:11:43,  7.82s/it]
PPSurf + Mesh→PC:  34%|███▍      | 1708/5018 [3:35:53<7:14:05,  7.87s/it]
PPSurf + Mesh→PC:  34%|███▍      | 1709/5018 [3:36:01<7:07:00,  7.74s/it]
PPSurf + Mesh→PC:  34%|███▍      | 1710/5018 [3:36:09<7:07:37,  7.76s/it]
PPSurf + Mesh→PC:  34%|███▍      | 1711/5018 [3:36:17<7:09:45,  7.80s/it]
PPSurf + Mesh→PC:  34%|███▍      | 1712/5018 [3:36:24<7:11:21,  7.83s/it]
PPSurf + Mesh→PC:  34%|███▍      | 1713/5018 [3:36:32<7:11:19,  7.83s/it]
PPSurf + Mesh→PC:  34%|███▍      | 1714/5018 [3:36:40<7:16:11,  7.92s/it]
PPSurf + Mesh→PC:  34%|███▍      | 1715/5018 [3:36:48<7:12:29,  7.86s/it]
PPSurf + Mesh→PC:  34%|███▍      | 1716/5018 [3:36:56<7:11:54,  7.85s/it]
PPSurf + Mesh→PC:  34%|███▍      | 1717/5018 [3:37:04<7:07:14,  7.77s/it]
PPSurf + Mesh→PC:  34%|███▍      | 1718/5018 [3:37:12<7:10:52,  7.83s/it]
PPSurf + Mesh→PC:  34%|███▍      | 1719/5018 [3:37:19<7:07:10,  7.77s/it]
PPSurf + Mesh→PC:  34%|███▍      | 1720/5018 [3:37:27<7:08:57,  7.80s/it]
PPSurf + Mesh→PC:  34%|███▍      | 1721/5018 [3:37:35<7:09:32,  7.82s/it]
PPSurf + Mesh→PC:  34%|███▍      | 1722/5018 [3:37:43<7:11:54,  7.86s/it]
PPSurf + Mesh→PC:  34%|███▍      | 1723/5018 [3:37:50<7:08:33,  7.80s/it]
PPSurf + Mesh→PC:  34%|███▍      | 1724/5018 [3:37:58<7:04:13,  7.73s/it]
PPSurf + Mesh→PC:  34%|███▍      | 1725/5018 [3:38:06<7:07:28,  7.79s/it]
PPSurf + Mesh→PC:  34%|███▍      | 1726/5018 [3:38:14<7:06:53,  7.78s/it]
PPSurf + Mesh→PC:  34%|███▍      | 1727/5018 [3:38:21<7:01:26,  7.68s/it]
PPSurf + Mesh→PC:  34%|███▍      | 1728/5018 [3:38:29<7:03:21,  7.72s/it]
PPSurf + Mesh→PC:  34%|███▍      | 1729/5018 [3:38:37<7:00:06,  7.66s/it]
PPSurf + Mesh→PC:  34%|███▍      | 1730/5018 [3:38:44<7:03:04,  7.72s/it]
PPSurf + Mesh→PC:  34%|███▍      | 1731/5018 [3:38:52<7:07:33,  7.80s/it]
PPSurf + Mesh→PC:  35%|███▍      | 1732/5018 [3:39:00<7:08:55,  7.83s/it]
PPSurf + Mesh→PC:  35%|███▍      | 1733/5018 [3:39:08<7:08:18,  7.82s/it]
PPSurf + Mesh→PC:  35%|███▍      | 1734/5018 [3:39:16<7:09:10,  7.84s/it]
PPSurf + Mesh→PC:  35%|███▍      | 1735/5018 [3:39:24<7:05:18,  7.77s/it]
PPSurf + Mesh→PC:  35%|███▍      | 1736/5018 [3:39:32<7:10:28,  7.87s/it]
PPSurf + Mesh→PC:  35%|███▍      | 1737/5018 [3:39:39<7:08:27,  7.84s/it]
PPSurf + Mesh→PC:  35%|███▍      | 1738/5018 [3:39:47<7:05:43,  7.79s/it]
PPSurf + Mesh→PC:  35%|███▍      | 1739/5018 [3:39:55<7:05:53,  7.79s/it]
PPSurf + Mesh→PC:  35%|███▍      | 1740/5018 [3:40:03<7:06:09,  7.80s/it]
PPSurf + Mesh→PC:  35%|███▍      | 1741/5018 [3:40:10<7:02:36,  7.74s/it]
PPSurf + Mesh→PC:  35%|███▍      | 1742/5018 [3:40:18<7:06:03,  7.80s/it]
PPSurf + Mesh→PC:  35%|███▍      | 1743/5018 [3:40:26<7:04:49,  7.78s/it]
PPSurf + Mesh→PC:  35%|███▍      | 1744/5018 [3:40:34<7:06:13,  7.81s/it]
PPSurf + Mesh→PC:  35%|███▍      | 1745/5018 [3:40:42<7:07:40,  7.84s/it]
PPSurf + Mesh→PC:  35%|███▍      | 1746/5018 [3:40:50<7:09:40,  7.88s/it]
PPSurf + Mesh→PC:  35%|███▍      | 1747/5018 [3:40:58<7:09:57,  7.89s/it]
PPSurf + Mesh→PC:  35%|███▍      | 1748/5018 [3:41:06<7:11:16,  7.91s/it]
PPSurf + Mesh→PC:  35%|███▍      | 1749/5018 [3:41:13<7:09:38,  7.89s/it]
PPSurf + Mesh→PC:  35%|███▍      | 1750/5018 [3:41:21<7:09:02,  7.88s/it]
PPSurf + Mesh→PC:  35%|███▍      | 1751/5018 [3:41:29<7:06:29,  7.83s/it]
PPSurf + Mesh→PC:  35%|███▍      | 1752/5018 [3:41:37<7:05:09,  7.81s/it]
PPSurf + Mesh→PC:  35%|███▍      | 1753/5018 [3:41:45<7:05:08,  7.81s/it]
PPSurf + Mesh→PC:  35%|███▍      | 1754/5018 [3:41:52<7:04:27,  7.80s/it]
PPSurf + Mesh→PC:  35%|███▍      | 1755/5018 [3:42:00<7:02:45,  7.77s/it]
PPSurf + Mesh→PC:  35%|███▍      | 1756/5018 [3:42:08<7:02:33,  7.77s/it]
PPSurf + Mesh→PC:  35%|███▌      | 1757/5018 [3:42:16<7:01:47,  7.76s/it]
PPSurf + Mesh→PC:  35%|███▌      | 1758/5018 [3:42:23<7:02:26,  7.78s/it]
PPSurf + Mesh→PC:  35%|███▌      | 1759/5018 [3:42:31<7:06:24,  7.85s/it]
PPSurf + Mesh→PC:  35%|███▌      | 1760/5018 [3:42:39<7:05:03,  7.83s/it]
PPSurf + Mesh→PC:  35%|███▌      | 1761/5018 [3:42:47<7:00:07,  7.74s/it]
PPSurf + Mesh→PC:  35%|███▌      | 1762/5018 [3:42:55<7:04:26,  7.82s/it]
PPSurf + Mesh→PC:  35%|███▌      | 1763/5018 [3:43:03<7:04:59,  7.83s/it]
PPSurf + Mesh→PC:  35%|███▌      | 1764/5018 [3:43:10<7:04:32,  7.83s/it]
PPSurf + Mesh→PC:  35%|███▌      | 1765/5018 [3:43:18<7:07:48,  7.89s/it]
PPSurf + Mesh→PC:  35%|███▌      | 1766/5018 [3:43:26<7:03:42,  7.82s/it]
PPSurf + Mesh→PC:  35%|███▌      | 1767/5018 [3:43:34<7:04:29,  7.83s/it]
PPSurf + Mesh→PC:  35%|███▌      | 1768/5018 [3:43:42<7:04:35,  7.84s/it]
PPSurf + Mesh→PC:  35%|███▌      | 1769/5018 [3:43:50<7:07:04,  7.89s/it]
PPSurf + Mesh→PC:  35%|███▌      | 1770/5018 [3:43:58<7:04:55,  7.85s/it]
PPSurf + Mesh→PC:  35%|███▌      | 1771/5018 [3:44:05<6:57:48,  7.72s/it]
PPSurf + Mesh→PC:  35%|███▌      | 1772/5018 [3:44:13<7:01:23,  7.79s/it]
PPSurf + Mesh→PC:  35%|███▌      | 1773/5018 [3:44:21<7:03:15,  7.83s/it]
PPSurf + Mesh→PC:  35%|███▌      | 1774/5018 [3:44:29<7:07:54,  7.91s/it]
PPSurf + Mesh→PC:  35%|███▌      | 1775/5018 [3:44:36<7:00:19,  7.78s/it]
PPSurf + Mesh→PC:  35%|███▌      | 1776/5018 [3:44:44<7:02:18,  7.82s/it]
PPSurf + Mesh→PC:  35%|███▌      | 1777/5018 [3:44:52<7:02:59,  7.83s/it]
PPSurf + Mesh→PC:  35%|███▌      | 1778/5018 [3:45:00<7:05:40,  7.88s/it]
PPSurf + Mesh→PC:  35%|███▌      | 1779/5018 [3:45:08<7:03:57,  7.85s/it]
PPSurf + Mesh→PC:  35%|███▌      | 1780/5018 [3:45:16<7:08:39,  7.94s/it]
PPSurf + Mesh→PC:  35%|███▌      | 1781/5018 [3:45:24<7:06:40,  7.91s/it]
PPSurf + Mesh→PC:  36%|███▌      | 1782/5018 [3:45:32<7:04:42,  7.87s/it]
PPSurf + Mesh→PC:  36%|███▌      | 1783/5018 [3:45:40<7:03:32,  7.86s/it]
PPSurf + Mesh→PC:  36%|███▌      | 1784/5018 [3:45:48<7:05:41,  7.90s/it]
PPSurf + Mesh→PC:  36%|███▌      | 1785/5018 [3:45:56<7:11:00,  8.00s/it]
PPSurf + Mesh→PC:  36%|███▌      | 1786/5018 [3:46:04<7:05:31,  7.90s/it]
PPSurf + Mesh→PC:  36%|███▌      | 1787/5018 [3:46:11<7:05:10,  7.90s/it]
PPSurf + Mesh→PC:  36%|███▌      | 1788/5018 [3:46:19<7:05:50,  7.91s/it]
PPSurf + Mesh→PC:  36%|███▌      | 1789/5018 [3:46:28<7:12:28,  8.04s/it]
PPSurf + Mesh→PC:  36%|███▌      | 1790/5018 [3:46:36<7:10:03,  7.99s/it]
PPSurf + Mesh→PC:  36%|███▌      | 1791/5018 [3:46:43<7:06:13,  7.92s/it]
PPSurf + Mesh→PC:  36%|███▌      | 1792/5018 [3:46:51<7:08:23,  7.97s/it]
PPSurf + Mesh→PC:  36%|███▌      | 1793/5018 [3:46:59<7:04:14,  7.89s/it]
PPSurf + Mesh→PC:  36%|███▌      | 1794/5018 [3:47:07<7:04:49,  7.91s/it]
PPSurf + Mesh→PC:  36%|███▌      | 1795/5018 [3:47:15<7:06:14,  7.94s/it]
PPSurf + Mesh→PC:  36%|███▌      | 1796/5018 [3:47:23<7:02:12,  7.86s/it]
PPSurf + Mesh→PC:  36%|███▌      | 1797/5018 [3:47:30<6:59:17,  7.81s/it]
PPSurf + Mesh→PC:  36%|███▌      | 1798/5018 [3:47:39<7:03:58,  7.90s/it]
PPSurf + Mesh→PC:  36%|███▌      | 1799/5018 [3:47:47<7:05:20,  7.93s/it]
PPSurf + Mesh→PC:  36%|███▌      | 1800/5018 [3:47:54<6:52:37,  7.69s/it]
PPSurf + Mesh→PC:  36%|███▌      | 1801/5018 [3:48:01<6:44:28,  7.54s/it]
PPSurf + Mesh→PC:  36%|███▌      | 1802/5018 [3:48:08<6:40:49,  7.48s/it]
PPSurf + Mesh→PC:  36%|███▌      | 1803/5018 [3:48:16<6:41:32,  7.49s/it]
PPSurf + Mesh→PC:  36%|███▌      | 1804/5018 [3:48:23<6:41:12,  7.49s/it]
PPSurf + Mesh→PC:  36%|███▌      | 1805/5018 [3:48:31<6:41:38,  7.50s/it]
PPSurf + Mesh→PC:  36%|███▌      | 1806/5018 [3:48:38<6:42:20,  7.52s/it]
PPSurf + Mesh→PC:  36%|███▌      | 1807/5018 [3:48:46<6:50:51,  7.68s/it]
PPSurf + Mesh→PC:  36%|███▌      | 1808/5018 [3:48:54<6:49:13,  7.65s/it]
PPSurf + Mesh→PC:  36%|███▌      | 1809/5018 [3:49:01<6:46:22,  7.60s/it]
PPSurf + Mesh→PC:  36%|███▌      | 1810/5018 [3:49:09<6:49:21,  7.66s/it]
PPSurf + Mesh→PC:  36%|███▌      | 1811/5018 [3:49:17<6:45:34,  7.59s/it]
PPSurf + Mesh→PC:  36%|███▌      | 1812/5018 [3:49:24<6:46:26,  7.61s/it]
PPSurf + Mesh→PC:  36%|███▌      | 1813/5018 [3:49:32<6:43:43,  7.56s/it]
PPSurf + Mesh→PC:  36%|███▌      | 1814/5018 [3:49:39<6:43:22,  7.55s/it]
PPSurf + Mesh→PC:  36%|███▌      | 1815/5018 [3:49:47<6:42:10,  7.53s/it]
PPSurf + Mesh→PC:  36%|███▌      | 1816/5018 [3:49:54<6:37:31,  7.45s/it]
PPSurf + Mesh→PC:  36%|███▌      | 1817/5018 [3:50:02<6:38:13,  7.46s/it]
PPSurf + Mesh→PC:  36%|███▌      | 1818/5018 [3:50:09<6:37:00,  7.44s/it]
PPSurf + Mesh→PC:  36%|███▌      | 1819/5018 [3:50:16<6:38:05,  7.47s/it]
PPSurf + Mesh→PC:  36%|███▋      | 1820/5018 [3:50:24<6:40:13,  7.51s/it]
PPSurf + Mesh→PC:  36%|███▋      | 1821/5018 [3:50:32<6:39:57,  7.51s/it]
PPSurf + Mesh→PC:  36%|███▋      | 1822/5018 [3:50:39<6:36:28,  7.44s/it]
PPSurf + Mesh→PC:  36%|███▋      | 1823/5018 [3:50:46<6:39:20,  7.50s/it]
PPSurf + Mesh→PC:  36%|███▋      | 1824/5018 [3:50:54<6:45:59,  7.63s/it]
PPSurf + Mesh→PC:  36%|███▋      | 1825/5018 [3:51:02<6:42:35,  7.57s/it]
PPSurf + Mesh→PC:  36%|███▋      | 1826/5018 [3:51:09<6:37:53,  7.48s/it]
PPSurf + Mesh→PC:  36%|███▋      | 1827/5018 [3:51:17<6:42:34,  7.57s/it]
PPSurf + Mesh→PC:  36%|███▋      | 1828/5018 [3:51:24<6:38:44,  7.50s/it]
PPSurf + Mesh→PC:  36%|███▋      | 1829/5018 [3:51:32<6:37:07,  7.47s/it]
PPSurf + Mesh→PC:  36%|███▋      | 1830/5018 [3:51:39<6:37:24,  7.48s/it]
PPSurf + Mesh→PC:  36%|███▋      | 1831/5018 [3:51:47<6:39:47,  7.53s/it]
PPSurf + Mesh→PC:  37%|███▋      | 1832/5018 [3:51:55<6:43:32,  7.60s/it]
PPSurf + Mesh→PC:  37%|███▋      | 1833/5018 [3:52:02<6:40:03,  7.54s/it]
PPSurf + Mesh→PC:  37%|███▋      | 1834/5018 [3:52:09<6:37:09,  7.48s/it]
PPSurf + Mesh→PC:  37%|███▋      | 1835/5018 [3:52:17<6:38:32,  7.51s/it]
PPSurf + Mesh→PC:  37%|███▋      | 1836/5018 [3:52:24<6:38:47,  7.52s/it]
PPSurf + Mesh→PC:  37%|███▋      | 1837/5018 [3:52:32<6:40:37,  7.56s/it]
PPSurf + Mesh→PC:  37%|███▋      | 1838/5018 [3:52:40<6:39:56,  7.55s/it]
PPSurf + Mesh→PC:  37%|███▋      | 1839/5018 [3:52:47<6:36:47,  7.49s/it]
PPSurf + Mesh→PC:  37%|███▋      | 1840/5018 [3:52:54<6:36:43,  7.49s/it]
PPSurf + Mesh→PC:  37%|███▋      | 1841/5018 [3:53:02<6:42:55,  7.61s/it]
PPSurf + Mesh→PC:  37%|███▋      | 1842/5018 [3:53:10<6:38:48,  7.53s/it]
PPSurf + Mesh→PC:  37%|███▋      | 1843/5018 [3:53:17<6:37:03,  7.50s/it]
PPSurf + Mesh→PC:  37%|███▋      | 1844/5018 [3:53:24<6:35:24,  7.47s/it]
PPSurf + Mesh→PC:  37%|███▋      | 1845/5018 [3:53:32<6:40:00,  7.56s/it]
PPSurf + Mesh→PC:  37%|███▋      | 1846/5018 [3:53:40<6:37:56,  7.53s/it]
PPSurf + Mesh→PC:  37%|███▋      | 1847/5018 [3:53:47<6:37:38,  7.52s/it]
PPSurf + Mesh→PC:  37%|███▋      | 1848/5018 [3:53:54<6:32:42,  7.43s/it]
PPSurf + Mesh→PC:  37%|███▋      | 1849/5018 [3:54:02<6:33:35,  7.45s/it]
PPSurf + Mesh→PC:  37%|███▋      | 1850/5018 [3:54:09<6:34:09,  7.47s/it]
PPSurf + Mesh→PC:  37%|███▋      | 1851/5018 [3:54:17<6:33:23,  7.45s/it]
PPSurf + Mesh→PC:  37%|███▋      | 1852/5018 [3:54:24<6:33:04,  7.45s/it]
PPSurf + Mesh→PC:  37%|███▋      | 1853/5018 [3:54:32<6:35:35,  7.50s/it]
PPSurf + Mesh→PC:  37%|███▋      | 1854/5018 [3:54:39<6:36:40,  7.52s/it]
PPSurf + Mesh→PC:  37%|███▋      | 1855/5018 [3:54:47<6:36:21,  7.52s/it]
PPSurf + Mesh→PC:  37%|███▋      | 1856/5018 [3:54:55<6:36:49,  7.53s/it]
PPSurf + Mesh→PC:  37%|███▋      | 1857/5018 [3:55:02<6:39:32,  7.58s/it]
PPSurf + Mesh→PC:  37%|███▋      | 1858/5018 [3:55:10<6:44:44,  7.69s/it]
PPSurf + Mesh→PC:  37%|███▋      | 1859/5018 [3:55:18<6:44:20,  7.68s/it]
PPSurf + Mesh→PC:  37%|███▋      | 1860/5018 [3:55:25<6:40:24,  7.61s/it]
PPSurf + Mesh→PC:  37%|███▋      | 1861/5018 [3:55:33<6:38:14,  7.57s/it]
PPSurf + Mesh→PC:  37%|███▋      | 1862/5018 [3:55:40<6:39:08,  7.59s/it]
PPSurf + Mesh→PC:  37%|███▋      | 1863/5018 [3:55:48<6:34:59,  7.51s/it]
PPSurf + Mesh→PC:  37%|███▋      | 1864/5018 [3:55:55<6:34:11,  7.50s/it]
PPSurf + Mesh→PC:  37%|███▋      | 1865/5018 [3:56:03<6:33:55,  7.50s/it]
PPSurf + Mesh→PC:  37%|███▋      | 1866/5018 [3:56:10<6:34:58,  7.52s/it]
PPSurf + Mesh→PC:  37%|███▋      | 1867/5018 [3:56:18<6:35:58,  7.54s/it]
PPSurf + Mesh→PC:  37%|███▋      | 1868/5018 [3:56:25<6:36:20,  7.55s/it]
PPSurf + Mesh→PC:  37%|███▋      | 1869/5018 [3:56:33<6:33:46,  7.50s/it]
PPSurf + Mesh→PC:  37%|███▋      | 1870/5018 [3:56:40<6:31:47,  7.47s/it]
PPSurf + Mesh→PC:  37%|███▋      | 1871/5018 [3:56:48<6:34:26,  7.52s/it]
PPSurf + Mesh→PC:  37%|███▋      | 1872/5018 [3:56:55<6:34:21,  7.52s/it]
PPSurf + Mesh→PC:  37%|███▋      | 1873/5018 [3:57:03<6:30:28,  7.45s/it]
PPSurf + Mesh→PC:  37%|███▋      | 1874/5018 [3:57:10<6:31:09,  7.46s/it]
PPSurf + Mesh→PC:  37%|███▋      | 1875/5018 [3:57:18<6:34:04,  7.52s/it]
PPSurf + Mesh→PC:  37%|███▋      | 1876/5018 [3:57:25<6:32:23,  7.49s/it]
PPSurf + Mesh→PC:  37%|███▋      | 1877/5018 [3:57:33<6:32:29,  7.50s/it]
PPSurf + Mesh→PC:  37%|███▋      | 1878/5018 [3:57:41<6:37:49,  7.60s/it]
PPSurf + Mesh→PC:  37%|███▋      | 1879/5018 [3:57:48<6:33:53,  7.53s/it]
PPSurf + Mesh→PC:  37%|███▋      | 1880/5018 [3:57:55<6:31:45,  7.49s/it]
PPSurf + Mesh→PC:  37%|███▋      | 1881/5018 [3:58:03<6:34:51,  7.55s/it]
PPSurf + Mesh→PC:  38%|███▊      | 1882/5018 [3:58:11<6:35:01,  7.56s/it]
PPSurf + Mesh→PC:  38%|███▊      | 1883/5018 [3:58:18<6:30:56,  7.48s/it]
PPSurf + Mesh→PC:  38%|███▊      | 1884/5018 [3:58:25<6:30:09,  7.47s/it]
PPSurf + Mesh→PC:  38%|███▊      | 1885/5018 [3:58:33<6:28:46,  7.45s/it]
PPSurf + Mesh→PC:  38%|███▊      | 1886/5018 [3:58:40<6:27:32,  7.42s/it]
PPSurf + Mesh→PC:  38%|███▊      | 1887/5018 [3:58:48<6:27:39,  7.43s/it]
PPSurf + Mesh→PC:  38%|███▊      | 1888/5018 [3:58:55<6:28:41,  7.45s/it]
PPSurf + Mesh→PC:  38%|███▊      | 1889/5018 [3:59:03<6:29:47,  7.47s/it]
PPSurf + Mesh→PC:  38%|███▊      | 1890/5018 [3:59:10<6:30:54,  7.50s/it]
PPSurf + Mesh→PC:  38%|███▊      | 1891/5018 [3:59:18<6:32:29,  7.53s/it]
PPSurf + Mesh→PC:  38%|███▊      | 1892/5018 [3:59:25<6:27:45,  7.44s/it]
PPSurf + Mesh→PC:  38%|███▊      | 1893/5018 [3:59:33<6:29:40,  7.48s/it]
PPSurf + Mesh→PC:  38%|███▊      | 1894/5018 [3:59:40<6:30:19,  7.50s/it]
PPSurf + Mesh→PC:  38%|███▊      | 1895/5018 [3:59:48<6:33:56,  7.57s/it]
PPSurf + Mesh→PC:  38%|███▊      | 1896/5018 [3:59:55<6:29:56,  7.49s/it]
PPSurf + Mesh→PC:  38%|███▊      | 1897/5018 [4:00:03<6:27:44,  7.45s/it]
PPSurf + Mesh→PC:  38%|███▊      | 1898/5018 [4:00:10<6:34:00,  7.58s/it]
PPSurf + Mesh→PC:  38%|███▊      | 1899/5018 [4:00:18<6:30:51,  7.52s/it]
PPSurf + Mesh→PC:  38%|███▊      | 1900/5018 [4:00:25<6:30:03,  7.51s/it]
PPSurf + Mesh→PC:  38%|███▊      | 1901/5018 [4:00:33<6:31:01,  7.53s/it]
PPSurf + Mesh→PC:  38%|███▊      | 1902/5018 [4:00:40<6:25:37,  7.43s/it]
PPSurf + Mesh→PC:  38%|███▊      | 1903/5018 [4:00:47<6:24:36,  7.41s/it]
PPSurf + Mesh→PC:  38%|███▊      | 1904/5018 [4:00:55<6:24:51,  7.42s/it]
PPSurf + Mesh→PC:  38%|███▊      | 1905/5018 [4:01:02<6:26:20,  7.45s/it]
PPSurf + Mesh→PC:  38%|███▊      | 1906/5018 [4:01:10<6:27:34,  7.47s/it]
PPSurf + Mesh→PC:  38%|███▊      | 1907/5018 [4:01:17<6:25:02,  7.43s/it]
PPSurf + Mesh→PC:  38%|███▊      | 1908/5018 [4:01:25<6:24:31,  7.42s/it]
PPSurf + Mesh→PC:  38%|███▊      | 1909/5018 [4:01:32<6:27:43,  7.48s/it]
PPSurf + Mesh→PC:  38%|███▊      | 1910/5018 [4:01:40<6:29:17,  7.52s/it]
PPSurf + Mesh→PC:  38%|███▊      | 1911/5018 [4:01:47<6:30:56,  7.55s/it]
PPSurf + Mesh→PC:  38%|███▊      | 1912/5018 [4:01:55<6:27:01,  7.48s/it]
PPSurf + Mesh→PC:  38%|███▊      | 1913/5018 [4:02:03<6:32:55,  7.59s/it]
PPSurf + Mesh→PC:  38%|███▊      | 1914/5018 [4:02:10<6:31:24,  7.57s/it]
PPSurf + Mesh→PC:  38%|███▊      | 1915/5018 [4:02:17<6:27:18,  7.49s/it]
PPSurf + Mesh→PC:  38%|███▊      | 1916/5018 [4:02:25<6:25:21,  7.45s/it]
PPSurf + Mesh→PC:  38%|███▊      | 1917/5018 [4:02:32<6:26:15,  7.47s/it]
PPSurf + Mesh→PC:  38%|███▊      | 1918/5018 [4:02:40<6:29:56,  7.55s/it]
PPSurf + Mesh→PC:  38%|███▊      | 1919/5018 [4:02:48<6:31:08,  7.57s/it]
PPSurf + Mesh→PC:  38%|███▊      | 1920/5018 [4:02:55<6:32:26,  7.60s/it]
PPSurf + Mesh→PC:  38%|███▊      | 1921/5018 [4:03:03<6:37:44,  7.71s/it]
PPSurf + Mesh→PC:  38%|███▊      | 1922/5018 [4:03:11<6:33:36,  7.63s/it]
PPSurf + Mesh→PC:  38%|███▊      | 1923/5018 [4:03:18<6:32:01,  7.60s/it]
PPSurf + Mesh→PC:  38%|███▊      | 1924/5018 [4:03:26<6:32:25,  7.61s/it]
PPSurf + Mesh→PC:  38%|███▊      | 1925/5018 [4:03:33<6:31:36,  7.60s/it]
PPSurf + Mesh→PC:  38%|███▊      | 1926/5018 [4:03:41<6:30:50,  7.58s/it]
PPSurf + Mesh→PC:  38%|███▊      | 1927/5018 [4:03:49<6:29:37,  7.56s/it]
PPSurf + Mesh→PC:  38%|███▊      | 1928/5018 [4:03:56<6:27:02,  7.52s/it]
PPSurf + Mesh→PC:  38%|███▊      | 1929/5018 [4:04:03<6:27:25,  7.53s/it]
PPSurf + Mesh→PC:  38%|███▊      | 1930/5018 [4:04:11<6:26:46,  7.51s/it]
PPSurf + Mesh→PC:  38%|███▊      | 1931/5018 [4:04:18<6:24:07,  7.47s/it]
PPSurf + Mesh→PC:  39%|███▊      | 1932/5018 [4:04:26<6:23:43,  7.46s/it]
PPSurf + Mesh→PC:  39%|███▊      | 1933/5018 [4:04:33<6:26:27,  7.52s/it]
PPSurf + Mesh→PC:  39%|███▊      | 1934/5018 [4:04:41<6:26:05,  7.51s/it]
PPSurf + Mesh→PC:  39%|███▊      | 1935/5018 [4:04:48<6:24:27,  7.48s/it]
PPSurf + Mesh→PC:  39%|███▊      | 1936/5018 [4:04:56<6:28:33,  7.56s/it]
PPSurf + Mesh→PC:  39%|███▊      | 1937/5018 [4:05:03<6:22:01,  7.44s/it]
PPSurf + Mesh→PC:  39%|███▊      | 1938/5018 [4:05:11<6:24:47,  7.50s/it]
PPSurf + Mesh→PC:  39%|███▊      | 1939/5018 [4:05:18<6:24:54,  7.50s/it]
PPSurf + Mesh→PC:  39%|███▊      | 1940/5018 [4:05:26<6:24:52,  7.50s/it]
PPSurf + Mesh→PC:  39%|███▊      | 1941/5018 [4:05:33<6:20:47,  7.43s/it]
PPSurf + Mesh→PC:  39%|███▊      | 1942/5018 [4:05:40<6:18:06,  7.38s/it]
PPSurf + Mesh→PC:  39%|███▊      | 1943/5018 [4:05:48<6:19:04,  7.40s/it]
PPSurf + Mesh→PC:  39%|███▊      | 1944/5018 [4:05:55<6:21:26,  7.45s/it]
PPSurf + Mesh→PC:  39%|███▉      | 1945/5018 [4:06:03<6:24:09,  7.50s/it]
PPSurf + Mesh→PC:  39%|███▉      | 1946/5018 [4:06:11<6:25:40,  7.53s/it]
PPSurf + Mesh→PC:  39%|███▉      | 1947/5018 [4:06:19<6:31:19,  7.65s/it]
PPSurf + Mesh→PC:  39%|███▉      | 1948/5018 [4:06:26<6:24:07,  7.51s/it]
PPSurf + Mesh→PC:  39%|███▉      | 1949/5018 [4:06:33<6:25:27,  7.54s/it]
PPSurf + Mesh→PC:  39%|███▉      | 1950/5018 [4:06:41<6:27:19,  7.57s/it]
PPSurf + Mesh→PC:  39%|███▉      | 1951/5018 [4:06:49<6:26:29,  7.56s/it]
PPSurf + Mesh→PC:  39%|███▉      | 1952/5018 [4:06:56<6:24:44,  7.53s/it]
PPSurf + Mesh→PC:  39%|███▉      | 1953/5018 [4:07:04<6:29:03,  7.62s/it]
PPSurf + Mesh→PC:  39%|███▉      | 1954/5018 [4:07:11<6:26:50,  7.58s/it]
PPSurf + Mesh→PC:  39%|███▉      | 1955/5018 [4:07:19<6:21:34,  7.47s/it]
PPSurf + Mesh→PC:  39%|███▉      | 1956/5018 [4:07:26<6:19:17,  7.43s/it]
PPSurf + Mesh→PC:  39%|███▉      | 1957/5018 [4:07:33<6:21:39,  7.48s/it]
PPSurf + Mesh→PC:  39%|███▉      | 1958/5018 [4:07:41<6:22:20,  7.50s/it]
PPSurf + Mesh→PC:  39%|███▉      | 1959/5018 [4:07:49<6:24:41,  7.55s/it]
PPSurf + Mesh→PC:  39%|███▉      | 1960/5018 [4:07:56<6:19:22,  7.44s/it]
PPSurf + Mesh→PC:  39%|███▉      | 1961/5018 [4:08:03<6:19:47,  7.45s/it]
PPSurf + Mesh→PC:  39%|███▉      | 1962/5018 [4:08:11<6:23:25,  7.53s/it]
PPSurf + Mesh→PC:  39%|███▉      | 1963/5018 [4:08:18<6:21:58,  7.50s/it]
PPSurf + Mesh→PC:  39%|███▉      | 1964/5018 [4:08:26<6:25:41,  7.58s/it]
PPSurf + Mesh→PC:  39%|███▉      | 1965/5018 [4:08:34<6:21:39,  7.50s/it]
PPSurf + Mesh→PC:  39%|███▉      | 1966/5018 [4:08:41<6:20:47,  7.49s/it]
PPSurf + Mesh→PC:  39%|███▉      | 1967/5018 [4:08:49<6:27:09,  7.61s/it]
PPSurf + Mesh→PC:  39%|███▉      | 1968/5018 [4:08:56<6:26:25,  7.60s/it]
PPSurf + Mesh→PC:  39%|███▉      | 1969/5018 [4:09:04<6:24:58,  7.58s/it]
PPSurf + Mesh→PC:  39%|███▉      | 1970/5018 [4:09:12<6:29:24,  7.67s/it]
PPSurf + Mesh→PC:  39%|███▉      | 1971/5018 [4:09:19<6:27:12,  7.62s/it]
PPSurf + Mesh→PC:  39%|███▉      | 1972/5018 [4:09:27<6:22:32,  7.54s/it]
PPSurf + Mesh→PC:  39%|███▉      | 1973/5018 [4:09:34<6:21:59,  7.53s/it]
PPSurf + Mesh→PC:  39%|███▉      | 1974/5018 [4:09:42<6:21:25,  7.52s/it]
PPSurf + Mesh→PC:  39%|███▉      | 1975/5018 [4:09:49<6:20:24,  7.50s/it]
PPSurf + Mesh→PC:  39%|███▉      | 1976/5018 [4:09:57<6:21:07,  7.52s/it]
PPSurf + Mesh→PC:  39%|███▉      | 1977/5018 [4:10:04<6:20:00,  7.50s/it]
PPSurf + Mesh→PC:  39%|███▉      | 1978/5018 [4:10:12<6:19:52,  7.50s/it]
PPSurf + Mesh→PC:  39%|███▉      | 1979/5018 [4:10:19<6:20:28,  7.51s/it]
PPSurf + Mesh→PC:  39%|███▉      | 1980/5018 [4:10:27<6:19:26,  7.49s/it]
PPSurf + Mesh→PC:  39%|███▉      | 1981/5018 [4:10:35<6:25:51,  7.62s/it]
PPSurf + Mesh→PC:  39%|███▉      | 1982/5018 [4:10:42<6:22:47,  7.57s/it]
PPSurf + Mesh→PC:  40%|███▉      | 1983/5018 [4:10:50<6:27:23,  7.66s/it]
PPSurf + Mesh→PC:  40%|███▉      | 1984/5018 [4:10:58<6:31:20,  7.74s/it]
PPSurf + Mesh→PC:  40%|███▉      | 1985/5018 [4:11:05<6:26:56,  7.65s/it]
PPSurf + Mesh→PC:  40%|███▉      | 1986/5018 [4:11:13<6:24:22,  7.61s/it]
PPSurf + Mesh→PC:  40%|███▉      | 1987/5018 [4:11:21<6:33:35,  7.79s/it]
PPSurf + Mesh→PC:  40%|███▉      | 1988/5018 [4:11:29<6:31:24,  7.75s/it]
PPSurf + Mesh→PC:  40%|███▉      | 1989/5018 [4:11:36<6:25:59,  7.65s/it]
PPSurf + Mesh→PC:  40%|███▉      | 1990/5018 [4:11:44<6:24:22,  7.62s/it]
PPSurf + Mesh→PC:  40%|███▉      | 1991/5018 [4:11:51<6:21:24,  7.56s/it]
PPSurf + Mesh→PC:  40%|███▉      | 1992/5018 [4:11:59<6:19:57,  7.53s/it]
PPSurf + Mesh→PC:  40%|███▉      | 1993/5018 [4:12:06<6:17:17,  7.48s/it]
PPSurf + Mesh→PC:  40%|███▉      | 1994/5018 [4:12:13<6:15:07,  7.44s/it]
PPSurf + Mesh→PC:  40%|███▉      | 1995/5018 [4:12:21<6:22:41,  7.60s/it]
PPSurf + Mesh→PC:  40%|███▉      | 1996/5018 [4:12:29<6:21:09,  7.57s/it]
PPSurf + Mesh→PC:  40%|███▉      | 1997/5018 [4:12:36<6:21:40,  7.58s/it]
PPSurf + Mesh→PC:  40%|███▉      | 1998/5018 [4:12:44<6:25:06,  7.65s/it]
PPSurf + Mesh→PC:  40%|███▉      | 1999/5018 [4:12:51<6:20:08,  7.55s/it]
PPSurf + Mesh→PC:  40%|███▉      | 2000/5018 [4:12:59<6:18:42,  7.53s/it]
PPSurf + Mesh→PC:  40%|███▉      | 2001/5018 [4:13:07<6:21:51,  7.59s/it]
PPSurf + Mesh→PC:  40%|███▉      | 2002/5018 [4:13:14<6:20:42,  7.57s/it]
PPSurf + Mesh→PC:  40%|███▉      | 2003/5018 [4:13:22<6:17:13,  7.51s/it]
PPSurf + Mesh→PC:  40%|███▉      | 2004/5018 [4:13:29<6:17:53,  7.52s/it]
PPSurf + Mesh→PC:  40%|███▉      | 2005/5018 [4:13:36<6:15:47,  7.48s/it]
PPSurf + Mesh→PC:  40%|███▉      | 2006/5018 [4:13:44<6:14:41,  7.46s/it]
PPSurf + Mesh→PC:  40%|███▉      | 2007/5018 [4:13:52<6:18:20,  7.54s/it]
PPSurf + Mesh→PC:  40%|████      | 2008/5018 [4:13:59<6:15:38,  7.49s/it]
PPSurf + Mesh→PC:  40%|████      | 2009/5018 [4:14:06<6:15:46,  7.49s/it]
PPSurf + Mesh→PC:  40%|████      | 2010/5018 [4:14:14<6:12:39,  7.43s/it]
PPSurf + Mesh→PC:  40%|████      | 2011/5018 [4:14:21<6:16:41,  7.52s/it]
PPSurf + Mesh→PC:  40%|████      | 2012/5018 [4:14:29<6:17:09,  7.53s/it]
PPSurf + Mesh→PC:  40%|████      | 2013/5018 [4:14:37<6:16:27,  7.52s/it]
PPSurf + Mesh→PC:  40%|████      | 2014/5018 [4:14:44<6:18:39,  7.56s/it]
PPSurf + Mesh→PC:  40%|████      | 2015/5018 [4:14:52<6:17:55,  7.55s/it]
PPSurf + Mesh→PC:  40%|████      | 2016/5018 [4:14:59<6:17:32,  7.55s/it]
PPSurf + Mesh→PC:  40%|████      | 2017/5018 [4:15:07<6:18:28,  7.57s/it]
PPSurf + Mesh→PC:  40%|████      | 2018/5018 [4:15:14<6:18:13,  7.56s/it]
PPSurf + Mesh→PC:  40%|████      | 2019/5018 [4:15:22<6:21:25,  7.63s/it]
PPSurf + Mesh→PC:  40%|████      | 2020/5018 [4:15:30<6:24:09,  7.69s/it]
PPSurf + Mesh→PC:  40%|████      | 2021/5018 [4:15:38<6:22:58,  7.67s/it]
PPSurf + Mesh→PC:  40%|████      | 2022/5018 [4:15:45<6:20:36,  7.62s/it]
PPSurf + Mesh→PC:  40%|████      | 2023/5018 [4:15:53<6:24:36,  7.70s/it]
PPSurf + Mesh→PC:  40%|████      | 2024/5018 [4:16:01<6:21:56,  7.65s/it]
PPSurf + Mesh→PC:  40%|████      | 2025/5018 [4:16:08<6:21:44,  7.65s/it]
PPSurf + Mesh→PC:  40%|████      | 2026/5018 [4:16:16<6:18:38,  7.59s/it]
PPSurf + Mesh→PC:  40%|████      | 2027/5018 [4:16:23<6:15:52,  7.54s/it]
PPSurf + Mesh→PC:  40%|████      | 2028/5018 [4:16:31<6:17:02,  7.57s/it]
PPSurf + Mesh→PC:  40%|████      | 2029/5018 [4:16:38<6:14:26,  7.52s/it]
PPSurf + Mesh→PC:  40%|████      | 2030/5018 [4:16:46<6:17:48,  7.59s/it]
PPSurf + Mesh→PC:  40%|████      | 2031/5018 [4:16:53<6:17:11,  7.58s/it]
PPSurf + Mesh→PC:  40%|████      | 2032/5018 [4:17:01<6:17:15,  7.58s/it]
PPSurf + Mesh→PC:  41%|████      | 2033/5018 [4:17:09<6:14:59,  7.54s/it]
PPSurf + Mesh→PC:  41%|████      | 2034/5018 [4:17:16<6:16:33,  7.57s/it]
PPSurf + Mesh→PC:  41%|████      | 2035/5018 [4:17:24<6:15:03,  7.54s/it]
PPSurf + Mesh→PC:  41%|████      | 2036/5018 [4:17:31<6:14:08,  7.53s/it]
PPSurf + Mesh→PC:  41%|████      | 2037/5018 [4:17:39<6:19:47,  7.64s/it]
PPSurf + Mesh→PC:  41%|████      | 2038/5018 [4:17:47<6:17:42,  7.61s/it]
PPSurf + Mesh→PC:  41%|████      | 2039/5018 [4:17:54<6:17:56,  7.61s/it]
PPSurf + Mesh→PC:  41%|████      | 2040/5018 [4:18:02<6:23:20,  7.72s/it]
PPSurf + Mesh→PC:  41%|████      | 2041/5018 [4:18:10<6:18:22,  7.63s/it]
PPSurf + Mesh→PC:  41%|████      | 2042/5018 [4:18:17<6:20:45,  7.68s/it]
PPSurf + Mesh→PC:  41%|████      | 2043/5018 [4:18:25<6:20:14,  7.67s/it]
PPSurf + Mesh→PC:  41%|████      | 2044/5018 [4:18:33<6:17:32,  7.62s/it]
PPSurf + Mesh→PC:  41%|████      | 2045/5018 [4:18:40<6:15:40,  7.58s/it]
PPSurf + Mesh→PC:  41%|████      | 2046/5018 [4:18:47<6:14:02,  7.55s/it]
PPSurf + Mesh→PC:  41%|████      | 2047/5018 [4:18:55<6:17:58,  7.63s/it]
PPSurf + Mesh→PC:  41%|████      | 2048/5018 [4:19:02<6:09:34,  7.47s/it]
PPSurf + Mesh→PC:  41%|████      | 2049/5018 [4:19:10<6:18:27,  7.65s/it]
PPSurf + Mesh→PC:  41%|████      | 2050/5018 [4:19:18<6:14:51,  7.58s/it]
PPSurf + Mesh→PC:  41%|████      | 2051/5018 [4:19:25<6:15:09,  7.59s/it]
PPSurf + Mesh→PC:  41%|████      | 2052/5018 [4:19:33<6:12:42,  7.54s/it]
PPSurf + Mesh→PC:  41%|████      | 2053/5018 [4:19:40<6:06:56,  7.43s/it]
PPSurf + Mesh→PC:  41%|████      | 2054/5018 [4:19:47<6:05:59,  7.41s/it]
PPSurf + Mesh→PC:  41%|████      | 2055/5018 [4:19:55<6:09:25,  7.48s/it]
PPSurf + Mesh→PC:  41%|████      | 2056/5018 [4:20:03<6:12:54,  7.55s/it]
PPSurf + Mesh→PC:  41%|████      | 2057/5018 [4:20:11<6:14:49,  7.60s/it]
PPSurf + Mesh→PC:  41%|████      | 2058/5018 [4:20:18<6:10:09,  7.50s/it]
PPSurf + Mesh→PC:  41%|████      | 2059/5018 [4:20:25<6:10:11,  7.51s/it]
PPSurf + Mesh→PC:  41%|████      | 2060/5018 [4:20:33<6:12:25,  7.55s/it]
PPSurf + Mesh→PC:  41%|████      | 2061/5018 [4:20:40<6:09:11,  7.49s/it]
PPSurf + Mesh→PC:  41%|████      | 2062/5018 [4:20:48<6:10:54,  7.53s/it]
PPSurf + Mesh→PC:  41%|████      | 2063/5018 [4:20:56<6:12:08,  7.56s/it]
PPSurf + Mesh→PC:  41%|████      | 2064/5018 [4:21:03<6:13:56,  7.60s/it]
PPSurf + Mesh→PC:  41%|████      | 2065/5018 [4:21:11<6:12:01,  7.56s/it]
PPSurf + Mesh→PC:  41%|████      | 2066/5018 [4:21:18<6:10:01,  7.52s/it]
PPSurf + Mesh→PC:  41%|████      | 2067/5018 [4:21:26<6:19:21,  7.71s/it]
PPSurf + Mesh→PC:  41%|████      | 2068/5018 [4:21:34<6:21:55,  7.77s/it]
PPSurf + Mesh→PC:  41%|████      | 2069/5018 [4:21:42<6:18:27,  7.70s/it]
PPSurf + Mesh→PC:  41%|████▏     | 2070/5018 [4:21:49<6:15:54,  7.65s/it]
PPSurf + Mesh→PC:  41%|████▏     | 2071/5018 [4:21:57<6:16:37,  7.67s/it]
PPSurf + Mesh→PC:  41%|████▏     | 2072/5018 [4:22:04<6:12:47,  7.59s/it]
PPSurf + Mesh→PC:  41%|████▏     | 2073/5018 [4:22:12<6:10:40,  7.55s/it]
PPSurf + Mesh→PC:  41%|████▏     | 2074/5018 [4:22:20<6:14:03,  7.62s/it]
PPSurf + Mesh→PC:  41%|████▏     | 2075/5018 [4:22:28<6:18:36,  7.72s/it]
PPSurf + Mesh→PC:  41%|████▏     | 2076/5018 [4:22:35<6:12:29,  7.60s/it]
PPSurf + Mesh→PC:  41%|████▏     | 2077/5018 [4:22:42<6:09:37,  7.54s/it]
PPSurf + Mesh→PC:  41%|████▏     | 2078/5018 [4:22:50<6:14:42,  7.65s/it]
PPSurf + Mesh→PC:  41%|████▏     | 2079/5018 [4:22:58<6:11:29,  7.58s/it]
PPSurf + Mesh→PC:  41%|████▏     | 2080/5018 [4:23:05<6:08:24,  7.52s/it]
PPSurf + Mesh→PC:  41%|████▏     | 2081/5018 [4:23:13<6:10:30,  7.57s/it]
PPSurf + Mesh→PC:  41%|████▏     | 2082/5018 [4:23:20<6:07:38,  7.51s/it]
PPSurf + Mesh→PC:  42%|████▏     | 2083/5018 [4:23:27<6:05:08,  7.46s/it]
PPSurf + Mesh→PC:  42%|████▏     | 2084/5018 [4:23:35<6:06:44,  7.50s/it]
PPSurf + Mesh→PC:  42%|████▏     | 2085/5018 [4:23:42<6:05:43,  7.48s/it]
PPSurf + Mesh→PC:  42%|████▏     | 2086/5018 [4:23:50<6:10:54,  7.59s/it]
PPSurf + Mesh→PC:  42%|████▏     | 2087/5018 [4:23:58<6:05:39,  7.49s/it]
PPSurf + Mesh→PC:  42%|████▏     | 2088/5018 [4:24:05<6:03:35,  7.45s/it]
PPSurf + Mesh→PC:  42%|████▏     | 2089/5018 [4:24:13<6:07:16,  7.52s/it]
PPSurf + Mesh→PC:  42%|████▏     | 2090/5018 [4:24:20<6:11:01,  7.60s/it]
PPSurf + Mesh→PC:  42%|████▏     | 2091/5018 [4:24:28<6:17:57,  7.75s/it]
PPSurf + Mesh→PC:  42%|████▏     | 2092/5018 [4:24:36<6:17:29,  7.74s/it]
PPSurf + Mesh→PC:  42%|████▏     | 2093/5018 [4:24:44<6:20:09,  7.80s/it]
PPSurf + Mesh→PC:  42%|████▏     | 2094/5018 [4:24:52<6:20:07,  7.80s/it]
PPSurf + Mesh→PC:  42%|████▏     | 2095/5018 [4:25:00<6:21:20,  7.83s/it]
PPSurf + Mesh→PC:  42%|████▏     | 2096/5018 [4:25:07<6:18:48,  7.78s/it]
PPSurf + Mesh→PC:  42%|████▏     | 2097/5018 [4:25:16<6:22:06,  7.85s/it]
PPSurf + Mesh→PC:  42%|████▏     | 2098/5018 [4:25:23<6:21:26,  7.84s/it]
PPSurf + Mesh→PC:  42%|████▏     | 2099/5018 [4:25:31<6:19:07,  7.79s/it]
PPSurf + Mesh→PC:  42%|████▏     | 2100/5018 [4:25:39<6:21:49,  7.85s/it]
PPSurf + Mesh→PC:  42%|████▏     | 2101/5018 [4:25:47<6:18:14,  7.78s/it]
PPSurf + Mesh→PC:  42%|████▏     | 2102/5018 [4:25:54<6:17:51,  7.77s/it]
PPSurf + Mesh→PC:  42%|████▏     | 2103/5018 [4:26:02<6:15:49,  7.74s/it]
PPSurf + Mesh→PC:  42%|████▏     | 2104/5018 [4:26:10<6:15:40,  7.74s/it]
PPSurf + Mesh→PC:  42%|████▏     | 2105/5018 [4:26:17<6:15:05,  7.73s/it]
PPSurf + Mesh→PC:  42%|████▏     | 2106/5018 [4:26:25<6:15:37,  7.74s/it]
PPSurf + Mesh→PC:  42%|████▏     | 2107/5018 [4:26:33<6:15:23,  7.74s/it]
PPSurf + Mesh→PC:  42%|████▏     | 2108/5018 [4:26:41<6:14:23,  7.72s/it]
PPSurf + Mesh→PC:  42%|████▏     | 2109/5018 [4:26:49<6:17:33,  7.79s/it]
PPSurf + Mesh→PC:  42%|████▏     | 2110/5018 [4:26:56<6:14:14,  7.72s/it]
PPSurf + Mesh→PC:  42%|████▏     | 2111/5018 [4:27:04<6:14:56,  7.74s/it]
PPSurf + Mesh→PC:  42%|████▏     | 2112/5018 [4:27:12<6:15:08,  7.75s/it]
PPSurf + Mesh→PC:  42%|████▏     | 2113/5018 [4:27:20<6:16:23,  7.77s/it]
PPSurf + Mesh→PC:  42%|████▏     | 2114/5018 [4:27:27<6:17:14,  7.79s/it]
PPSurf + Mesh→PC:  42%|████▏     | 2115/5018 [4:27:35<6:14:58,  7.75s/it]
PPSurf + Mesh→PC:  42%|████▏     | 2116/5018 [4:27:43<6:13:46,  7.73s/it]
PPSurf + Mesh→PC:  42%|████▏     | 2117/5018 [4:27:51<6:18:38,  7.83s/it]
PPSurf + Mesh→PC:  42%|████▏     | 2118/5018 [4:27:58<6:15:17,  7.76s/it]
PPSurf + Mesh→PC:  42%|████▏     | 2119/5018 [4:28:06<6:18:03,  7.82s/it]
PPSurf + Mesh→PC:  42%|████▏     | 2120/5018 [4:28:15<6:22:50,  7.93s/it]
PPSurf + Mesh→PC:  42%|████▏     | 2121/5018 [4:28:22<6:16:34,  7.80s/it]
PPSurf + Mesh→PC:  42%|████▏     | 2122/5018 [4:28:30<6:16:02,  7.79s/it]
PPSurf + Mesh→PC:  42%|████▏     | 2123/5018 [4:28:38<6:15:25,  7.78s/it]
PPSurf + Mesh→PC:  42%|████▏     | 2124/5018 [4:28:45<6:13:45,  7.75s/it]
PPSurf + Mesh→PC:  42%|████▏     | 2125/5018 [4:28:53<6:15:22,  7.79s/it]
PPSurf + Mesh→PC:  42%|████▏     | 2126/5018 [4:29:01<6:12:26,  7.73s/it]
PPSurf + Mesh→PC:  42%|████▏     | 2127/5018 [4:29:08<6:12:36,  7.73s/it]
PPSurf + Mesh→PC:  42%|████▏     | 2128/5018 [4:29:16<6:11:48,  7.72s/it]
PPSurf + Mesh→PC:  42%|████▏     | 2129/5018 [4:29:24<6:10:27,  7.69s/it]
PPSurf + Mesh→PC:  42%|████▏     | 2130/5018 [4:29:32<6:12:47,  7.75s/it]
PPSurf + Mesh→PC:  42%|████▏     | 2131/5018 [4:29:39<6:10:12,  7.69s/it]
PPSurf + Mesh→PC:  42%|████▏     | 2132/5018 [4:29:47<6:10:30,  7.70s/it]
PPSurf + Mesh→PC:  43%|████▎     | 2133/5018 [4:29:55<6:12:04,  7.74s/it]
PPSurf + Mesh→PC:  43%|████▎     | 2134/5018 [4:30:02<6:11:03,  7.72s/it]
PPSurf + Mesh→PC:  43%|████▎     | 2135/5018 [4:30:10<6:12:06,  7.74s/it]
PPSurf + Mesh→PC:  43%|████▎     | 2136/5018 [4:30:18<6:12:59,  7.77s/it]
PPSurf + Mesh→PC:  43%|████▎     | 2137/5018 [4:30:26<6:21:24,  7.94s/it]
PPSurf + Mesh→PC:  43%|████▎     | 2138/5018 [4:30:34<6:20:42,  7.93s/it]
PPSurf + Mesh→PC:  43%|████▎     | 2139/5018 [4:30:42<6:21:31,  7.95s/it]
PPSurf + Mesh→PC:  43%|████▎     | 2140/5018 [4:30:50<6:18:23,  7.89s/it]
PPSurf + Mesh→PC:  43%|████▎     | 2141/5018 [4:30:57<6:10:13,  7.72s/it]
PPSurf + Mesh→PC:  43%|████▎     | 2142/5018 [4:31:05<6:02:05,  7.55s/it]
PPSurf + Mesh→PC:  43%|████▎     | 2143/5018 [4:31:12<6:03:24,  7.58s/it]
PPSurf + Mesh→PC:  43%|████▎     | 2144/5018 [4:31:20<6:01:09,  7.54s/it]
PPSurf + Mesh→PC:  43%|████▎     | 2145/5018 [4:31:27<6:02:34,  7.57s/it]
PPSurf + Mesh→PC:  43%|████▎     | 2146/5018 [4:31:35<6:03:46,  7.60s/it]
PPSurf + Mesh→PC:  43%|████▎     | 2147/5018 [4:31:42<6:02:54,  7.58s/it]
PPSurf + Mesh→PC:  43%|████▎     | 2148/5018 [4:31:50<6:02:13,  7.57s/it]
PPSurf + Mesh→PC:  43%|████▎     | 2149/5018 [4:31:57<5:58:42,  7.50s/it]
PPSurf + Mesh→PC:  43%|████▎     | 2150/5018 [4:32:05<6:00:35,  7.54s/it]
PPSurf + Mesh→PC:  43%|████▎     | 2151/5018 [4:32:13<6:01:52,  7.57s/it]
PPSurf + Mesh→PC:  43%|████▎     | 2152/5018 [4:32:20<6:01:31,  7.57s/it]
PPSurf + Mesh→PC:  43%|████▎     | 2153/5018 [4:32:28<6:02:47,  7.60s/it]
PPSurf + Mesh→PC:  43%|████▎     | 2154/5018 [4:32:35<6:01:55,  7.58s/it]
PPSurf + Mesh→PC:  43%|████▎     | 2155/5018 [4:32:43<6:06:38,  7.68s/it]
PPSurf + Mesh→PC:  43%|████▎     | 2156/5018 [4:32:51<6:10:07,  7.76s/it]
PPSurf + Mesh→PC:  43%|████▎     | 2157/5018 [4:32:59<6:08:03,  7.72s/it]
PPSurf + Mesh→PC:  43%|████▎     | 2158/5018 [4:33:06<6:03:59,  7.64s/it]
PPSurf + Mesh→PC:  43%|████▎     | 2159/5018 [4:33:14<6:08:07,  7.73s/it]
PPSurf + Mesh→PC:  43%|████▎     | 2160/5018 [4:33:22<6:02:01,  7.60s/it]
PPSurf + Mesh→PC:  43%|████▎     | 2161/5018 [4:33:29<6:01:29,  7.59s/it]
PPSurf + Mesh→PC:  43%|████▎     | 2162/5018 [4:33:37<6:00:15,  7.57s/it]
PPSurf + Mesh→PC:  43%|████▎     | 2163/5018 [4:33:44<6:00:39,  7.58s/it]
PPSurf + Mesh→PC:  43%|████▎     | 2164/5018 [4:33:52<6:00:09,  7.57s/it]
PPSurf + Mesh→PC:  43%|████▎     | 2165/5018 [4:33:59<6:00:05,  7.57s/it]
PPSurf + Mesh→PC:  43%|████▎     | 2166/5018 [4:34:07<5:57:57,  7.53s/it]
PPSurf + Mesh→PC:  43%|████▎     | 2167/5018 [4:34:14<5:59:27,  7.56s/it]
PPSurf + Mesh→PC:  43%|████▎     | 2168/5018 [4:34:22<5:58:52,  7.56s/it]
PPSurf + Mesh→PC:  43%|████▎     | 2169/5018 [4:34:30<6:05:20,  7.69s/it]
PPSurf + Mesh→PC:  43%|████▎     | 2170/5018 [4:34:38<6:03:15,  7.65s/it]
PPSurf + Mesh→PC:  43%|████▎     | 2171/5018 [4:34:45<6:06:24,  7.72s/it]
PPSurf + Mesh→PC:  43%|████▎     | 2172/5018 [4:34:53<6:04:44,  7.69s/it]
PPSurf + Mesh→PC:  43%|████▎     | 2173/5018 [4:35:01<6:07:30,  7.75s/it]
PPSurf + Mesh→PC:  43%|████▎     | 2174/5018 [4:35:08<6:04:20,  7.69s/it]
PPSurf + Mesh→PC:  43%|████▎     | 2175/5018 [4:35:16<6:02:19,  7.65s/it]
PPSurf + Mesh→PC:  43%|████▎     | 2176/5018 [4:35:24<6:02:24,  7.65s/it]
PPSurf + Mesh→PC:  43%|████▎     | 2177/5018 [4:35:31<6:03:35,  7.68s/it]
PPSurf + Mesh→PC:  43%|████▎     | 2178/5018 [4:35:39<6:00:54,  7.62s/it]
PPSurf + Mesh→PC:  43%|████▎     | 2179/5018 [4:35:47<6:01:15,  7.63s/it]
PPSurf + Mesh→PC:  43%|████▎     | 2180/5018 [4:35:54<6:02:07,  7.66s/it]
PPSurf + Mesh→PC:  43%|████▎     | 2181/5018 [4:36:02<6:03:00,  7.68s/it]
PPSurf + Mesh→PC:  43%|████▎     | 2182/5018 [4:36:10<6:03:18,  7.69s/it]
PPSurf + Mesh→PC:  44%|████▎     | 2183/5018 [4:36:17<5:59:38,  7.61s/it]
PPSurf + Mesh→PC:  44%|████▎     | 2184/5018 [4:36:25<6:03:35,  7.70s/it]
PPSurf + Mesh→PC:  44%|████▎     | 2185/5018 [4:36:33<6:06:35,  7.76s/it]
PPSurf + Mesh→PC:  44%|████▎     | 2186/5018 [4:36:41<6:10:47,  7.86s/it]
PPSurf + Mesh→PC:  44%|████▎     | 2187/5018 [4:36:49<6:08:53,  7.82s/it]
PPSurf + Mesh→PC:  44%|████▎     | 2188/5018 [4:36:57<6:12:02,  7.89s/it]
PPSurf + Mesh→PC:  44%|████▎     | 2189/5018 [4:37:05<6:13:14,  7.92s/it]
PPSurf + Mesh→PC:  44%|████▎     | 2190/5018 [4:37:13<6:09:47,  7.85s/it]
PPSurf + Mesh→PC:  44%|████▎     | 2191/5018 [4:37:21<6:14:46,  7.95s/it]
PPSurf + Mesh→PC:  44%|████▎     | 2192/5018 [4:37:28<6:10:23,  7.86s/it]
PPSurf + Mesh→PC:  44%|████▎     | 2193/5018 [4:37:36<6:09:20,  7.84s/it]
PPSurf + Mesh→PC:  44%|████▎     | 2194/5018 [4:37:44<6:06:36,  7.79s/it]
PPSurf + Mesh→PC:  44%|████▎     | 2195/5018 [4:37:52<6:11:34,  7.90s/it]
PPSurf + Mesh→PC:  44%|████▍     | 2196/5018 [4:38:00<6:09:01,  7.85s/it]
PPSurf + Mesh→PC:  44%|████▍     | 2197/5018 [4:38:08<6:09:57,  7.87s/it]
PPSurf + Mesh→PC:  44%|████▍     | 2198/5018 [4:38:16<6:12:05,  7.92s/it]
PPSurf + Mesh→PC:  44%|████▍     | 2199/5018 [4:38:23<6:10:33,  7.89s/it]
PPSurf + Mesh→PC:  44%|████▍     | 2200/5018 [4:38:31<6:11:49,  7.92s/it]
PPSurf + Mesh→PC:  44%|████▍     | 2201/5018 [4:38:39<6:09:00,  7.86s/it]
PPSurf + Mesh→PC:  44%|████▍     | 2202/5018 [4:38:47<6:13:43,  7.96s/it]
PPSurf + Mesh→PC:  44%|████▍     | 2203/5018 [4:38:55<6:08:22,  7.85s/it]
PPSurf + Mesh→PC:  44%|████▍     | 2204/5018 [4:39:03<6:09:23,  7.88s/it]
PPSurf + Mesh→PC:  44%|████▍     | 2205/5018 [4:39:11<6:08:04,  7.85s/it]
PPSurf + Mesh→PC:  44%|████▍     | 2206/5018 [4:39:19<6:08:57,  7.87s/it]
PPSurf + Mesh→PC:  44%|████▍     | 2207/5018 [4:39:26<6:05:58,  7.81s/it]
PPSurf + Mesh→PC:  44%|████▍     | 2208/5018 [4:39:34<6:07:39,  7.85s/it]
PPSurf + Mesh→PC:  44%|████▍     | 2209/5018 [4:39:42<6:03:11,  7.76s/it]
PPSurf + Mesh→PC:  44%|████▍     | 2210/5018 [4:39:50<6:07:39,  7.86s/it]
PPSurf + Mesh→PC:  44%|████▍     | 2211/5018 [4:39:58<6:05:59,  7.82s/it]
PPSurf + Mesh→PC:  44%|████▍     | 2212/5018 [4:40:05<6:06:04,  7.83s/it]
PPSurf + Mesh→PC:  44%|████▍     | 2213/5018 [4:40:14<6:11:38,  7.95s/it]
PPSurf + Mesh→PC:  44%|████▍     | 2214/5018 [4:40:21<6:08:25,  7.88s/it]
PPSurf + Mesh→PC:  44%|████▍     | 2215/5018 [4:40:29<6:05:55,  7.83s/it]
PPSurf + Mesh→PC:  44%|████▍     | 2216/5018 [4:40:37<6:08:28,  7.89s/it]
PPSurf + Mesh→PC:  44%|████▍     | 2217/5018 [4:40:45<6:10:11,  7.93s/it]
PPSurf + Mesh→PC:  44%|████▍     | 2218/5018 [4:40:53<6:15:03,  8.04s/it]
PPSurf + Mesh→PC:  44%|████▍     | 2219/5018 [4:41:01<6:13:03,  8.00s/it]
PPSurf + Mesh→PC:  44%|████▍     | 2220/5018 [4:41:09<6:11:31,  7.97s/it]
PPSurf + Mesh→PC:  44%|████▍     | 2221/5018 [4:41:17<6:14:00,  8.02s/it]
PPSurf + Mesh→PC:  44%|████▍     | 2222/5018 [4:41:25<6:09:03,  7.92s/it]
PPSurf + Mesh→PC:  44%|████▍     | 2223/5018 [4:41:33<6:12:28,  8.00s/it]
PPSurf + Mesh→PC:  44%|████▍     | 2224/5018 [4:41:41<6:10:09,  7.95s/it]
PPSurf + Mesh→PC:  44%|████▍     | 2225/5018 [4:41:49<6:10:25,  7.96s/it]
PPSurf + Mesh→PC:  44%|████▍     | 2226/5018 [4:41:57<6:16:10,  8.08s/it]
PPSurf + Mesh→PC:  44%|████▍     | 2227/5018 [4:42:05<6:09:01,  7.93s/it]
PPSurf + Mesh→PC:  44%|████▍     | 2228/5018 [4:42:13<6:07:50,  7.91s/it]
PPSurf + Mesh→PC:  44%|████▍     | 2229/5018 [4:42:21<6:08:14,  7.92s/it]
PPSurf + Mesh→PC:  44%|████▍     | 2230/5018 [4:42:29<6:05:46,  7.87s/it]
PPSurf + Mesh→PC:  44%|████▍     | 2231/5018 [4:42:37<6:06:13,  7.88s/it]
PPSurf + Mesh→PC:  44%|████▍     | 2232/5018 [4:42:45<6:10:12,  7.97s/it]
PPSurf + Mesh→PC:  44%|████▍     | 2233/5018 [4:42:53<6:12:27,  8.02s/it]
PPSurf + Mesh→PC:  45%|████▍     | 2234/5018 [4:43:01<6:19:11,  8.17s/it]
PPSurf + Mesh→PC:  45%|████▍     | 2235/5018 [4:43:09<6:11:04,  8.00s/it]
PPSurf + Mesh→PC:  45%|████▍     | 2236/5018 [4:43:17<6:10:13,  7.98s/it]
PPSurf + Mesh→PC:  45%|████▍     | 2237/5018 [4:43:24<6:03:50,  7.85s/it]
PPSurf + Mesh→PC:  45%|████▍     | 2238/5018 [4:43:33<6:08:06,  7.94s/it]
PPSurf + Mesh→PC:  45%|████▍     | 2239/5018 [4:43:40<6:03:22,  7.85s/it]
PPSurf + Mesh→PC:  45%|████▍     | 2240/5018 [4:43:48<6:02:31,  7.83s/it]
PPSurf + Mesh→PC:  45%|████▍     | 2241/5018 [4:43:56<6:00:03,  7.78s/it]
PPSurf + Mesh→PC:  45%|████▍     | 2242/5018 [4:44:04<6:07:50,  7.95s/it]
PPSurf + Mesh→PC:  45%|████▍     | 2243/5018 [4:44:12<6:04:17,  7.88s/it]
PPSurf + Mesh→PC:  45%|████▍     | 2244/5018 [4:44:20<6:04:38,  7.89s/it]
PPSurf + Mesh→PC:  45%|████▍     | 2245/5018 [4:44:27<6:01:08,  7.81s/it]
PPSurf + Mesh→PC:  45%|████▍     | 2246/5018 [4:44:35<6:04:49,  7.90s/it]
PPSurf + Mesh→PC:  45%|████▍     | 2247/5018 [4:44:43<5:59:45,  7.79s/it]
PPSurf + Mesh→PC:  45%|████▍     | 2248/5018 [4:44:51<5:59:25,  7.79s/it]
PPSurf + Mesh→PC:  45%|████▍     | 2249/5018 [4:44:58<5:57:42,  7.75s/it]
PPSurf + Mesh→PC:  45%|████▍     | 2250/5018 [4:45:06<5:59:13,  7.79s/it]
PPSurf + Mesh→PC:  45%|████▍     | 2251/5018 [4:45:14<6:03:07,  7.87s/it]
PPSurf + Mesh→PC:  45%|████▍     | 2252/5018 [4:45:22<6:00:46,  7.83s/it]
PPSurf + Mesh→PC:  45%|████▍     | 2253/5018 [4:45:30<6:05:44,  7.94s/it]
PPSurf + Mesh→PC:  45%|████▍     | 2254/5018 [4:45:38<6:06:38,  7.96s/it]
PPSurf + Mesh→PC:  45%|████▍     | 2255/5018 [4:45:46<6:08:48,  8.01s/it]
PPSurf + Mesh→PC:  45%|████▍     | 2256/5018 [4:45:54<6:06:51,  7.97s/it]
PPSurf + Mesh→PC:  45%|████▍     | 2257/5018 [4:46:02<6:03:25,  7.90s/it]
PPSurf + Mesh→PC:  45%|████▍     | 2258/5018 [4:46:10<6:05:42,  7.95s/it]
PPSurf + Mesh→PC:  45%|████▌     | 2259/5018 [4:46:18<6:01:12,  7.86s/it]
PPSurf + Mesh→PC:  45%|████▌     | 2260/5018 [4:46:26<6:02:07,  7.88s/it]
PPSurf + Mesh→PC:  45%|████▌     | 2261/5018 [4:46:34<6:07:02,  7.99s/it]
PPSurf + Mesh→PC:  45%|████▌     | 2262/5018 [4:46:42<6:03:00,  7.90s/it]
PPSurf + Mesh→PC:  45%|████▌     | 2263/5018 [4:46:49<6:01:25,  7.87s/it]
PPSurf + Mesh→PC:  45%|████▌     | 2264/5018 [4:46:57<5:59:54,  7.84s/it]
PPSurf + Mesh→PC:  45%|████▌     | 2265/5018 [4:47:05<5:59:24,  7.83s/it]
PPSurf + Mesh→PC:  45%|████▌     | 2266/5018 [4:47:13<5:57:49,  7.80s/it]
PPSurf + Mesh→PC:  45%|████▌     | 2267/5018 [4:47:21<5:58:52,  7.83s/it]
PPSurf + Mesh→PC:  45%|████▌     | 2268/5018 [4:47:28<5:58:18,  7.82s/it]
PPSurf + Mesh→PC:  45%|████▌     | 2269/5018 [4:47:37<6:05:07,  7.97s/it]
PPSurf + Mesh→PC:  45%|████▌     | 2270/5018 [4:47:45<6:04:44,  7.96s/it]
PPSurf + Mesh→PC:  45%|████▌     | 2271/5018 [4:47:53<6:04:34,  7.96s/it]
PPSurf + Mesh→PC:  45%|████▌     | 2272/5018 [4:48:01<6:05:55,  8.00s/it]
PPSurf + Mesh→PC:  45%|████▌     | 2273/5018 [4:48:08<6:02:25,  7.92s/it]
PPSurf + Mesh→PC:  45%|████▌     | 2274/5018 [4:48:16<6:02:28,  7.93s/it]
PPSurf + Mesh→PC:  45%|████▌     | 2275/5018 [4:48:24<6:01:38,  7.91s/it]
PPSurf + Mesh→PC:  45%|████▌     | 2276/5018 [4:48:32<6:01:53,  7.92s/it]
PPSurf + Mesh→PC:  45%|████▌     | 2277/5018 [4:48:40<6:03:10,  7.95s/it]
PPSurf + Mesh→PC:  45%|████▌     | 2278/5018 [4:48:48<6:04:46,  7.99s/it]
PPSurf + Mesh→PC:  45%|████▌     | 2279/5018 [4:48:56<6:02:18,  7.94s/it]
PPSurf + Mesh→PC:  45%|████▌     | 2280/5018 [4:49:04<6:02:18,  7.94s/it]
PPSurf + Mesh→PC:  45%|████▌     | 2281/5018 [4:49:12<5:58:36,  7.86s/it]
PPSurf + Mesh→PC:  45%|████▌     | 2282/5018 [4:49:20<6:00:47,  7.91s/it]
PPSurf + Mesh→PC:  45%|████▌     | 2283/5018 [4:49:28<6:04:17,  7.99s/it]
PPSurf + Mesh→PC:  46%|████▌     | 2284/5018 [4:49:36<6:00:10,  7.90s/it]
PPSurf + Mesh→PC:  46%|████▌     | 2285/5018 [4:49:44<6:05:23,  8.02s/it]
PPSurf + Mesh→PC:  46%|████▌     | 2286/5018 [4:49:52<6:06:39,  8.05s/it]
PPSurf + Mesh→PC:  46%|████▌     | 2287/5018 [4:50:00<6:02:07,  7.96s/it]
PPSurf + Mesh→PC:  46%|████▌     | 2288/5018 [4:50:08<6:03:35,  7.99s/it]
PPSurf + Mesh→PC:  46%|████▌     | 2289/5018 [4:50:16<6:04:36,  8.02s/it]
PPSurf + Mesh→PC:  46%|████▌     | 2290/5018 [4:50:24<6:03:02,  7.98s/it]
PPSurf + Mesh→PC:  46%|████▌     | 2291/5018 [4:50:32<6:02:35,  7.98s/it]
PPSurf + Mesh→PC:  46%|████▌     | 2292/5018 [4:50:39<5:58:52,  7.90s/it]
PPSurf + Mesh→PC:  46%|████▌     | 2293/5018 [4:50:48<6:01:18,  7.96s/it]
PPSurf + Mesh→PC:  46%|████▌     | 2294/5018 [4:50:55<6:00:17,  7.94s/it]
PPSurf + Mesh→PC:  46%|████▌     | 2295/5018 [4:51:04<6:03:12,  8.00s/it]
PPSurf + Mesh→PC:  46%|████▌     | 2296/5018 [4:51:12<6:02:19,  7.99s/it]
PPSurf + Mesh→PC:  46%|████▌     | 2297/5018 [4:51:20<6:01:33,  7.97s/it]
PPSurf + Mesh→PC:  46%|████▌     | 2298/5018 [4:51:28<6:03:03,  8.01s/it]
PPSurf + Mesh→PC:  46%|████▌     | 2299/5018 [4:51:36<6:02:27,  8.00s/it]
PPSurf + Mesh→PC:  46%|████▌     | 2300/5018 [4:51:43<5:59:42,  7.94s/it]
PPSurf + Mesh→PC:  46%|████▌     | 2301/5018 [4:51:52<6:04:47,  8.06s/it]
PPSurf + Mesh→PC:  46%|████▌     | 2302/5018 [4:51:59<5:59:17,  7.94s/it]
PPSurf + Mesh→PC:  46%|████▌     | 2303/5018 [4:52:07<5:58:41,  7.93s/it]
PPSurf + Mesh→PC:  46%|████▌     | 2304/5018 [4:52:15<5:55:38,  7.86s/it]
PPSurf + Mesh→PC:  46%|████▌     | 2305/5018 [4:52:23<5:58:11,  7.92s/it]
PPSurf + Mesh→PC:  46%|████▌     | 2306/5018 [4:52:32<6:08:24,  8.15s/it]
PPSurf + Mesh→PC:  46%|████▌     | 2307/5018 [4:52:40<6:05:15,  8.08s/it]
PPSurf + Mesh→PC:  46%|████▌     | 2308/5018 [4:52:47<6:00:48,  7.99s/it]
PPSurf + Mesh→PC:  46%|████▌     | 2309/5018 [4:52:55<5:55:34,  7.88s/it]
PPSurf + Mesh→PC:  46%|████▌     | 2310/5018 [4:53:03<6:02:29,  8.03s/it]
PPSurf + Mesh→PC:  46%|████▌     | 2311/5018 [4:53:11<5:56:09,  7.89s/it]
PPSurf + Mesh→PC:  46%|████▌     | 2312/5018 [4:53:19<5:56:18,  7.90s/it]
PPSurf + Mesh→PC:  46%|████▌     | 2313/5018 [4:53:27<6:00:13,  7.99s/it]
PPSurf + Mesh→PC:  46%|████▌     | 2314/5018 [4:53:35<5:57:18,  7.93s/it]
PPSurf + Mesh→PC:  46%|████▌     | 2315/5018 [4:53:43<5:57:41,  7.94s/it]
PPSurf + Mesh→PC:  46%|████▌     | 2316/5018 [4:53:51<6:03:52,  8.08s/it]
PPSurf + Mesh→PC:  46%|████▌     | 2317/5018 [4:53:59<5:56:53,  7.93s/it]
PPSurf + Mesh→PC:  46%|████▌     | 2318/5018 [4:54:07<5:54:19,  7.87s/it]
PPSurf + Mesh→PC:  46%|████▌     | 2319/5018 [4:54:14<5:50:31,  7.79s/it]
PPSurf + Mesh→PC:  46%|████▌     | 2320/5018 [4:54:22<5:53:37,  7.86s/it]
PPSurf + Mesh→PC:  46%|████▋     | 2321/5018 [4:54:30<5:50:29,  7.80s/it]
PPSurf + Mesh→PC:  46%|████▋     | 2322/5018 [4:54:38<5:48:34,  7.76s/it]
PPSurf + Mesh→PC:  46%|████▋     | 2323/5018 [4:54:45<5:48:24,  7.76s/it]
PPSurf + Mesh→PC:  46%|████▋     | 2324/5018 [4:54:53<5:48:35,  7.76s/it]
PPSurf + Mesh→PC:  46%|████▋     | 2325/5018 [4:55:01<5:49:27,  7.79s/it]
PPSurf + Mesh→PC:  46%|████▋     | 2326/5018 [4:55:09<5:48:04,  7.76s/it]
PPSurf + Mesh→PC:  46%|████▋     | 2327/5018 [4:55:17<5:52:08,  7.85s/it]
PPSurf + Mesh→PC:  46%|████▋     | 2328/5018 [4:55:24<5:51:06,  7.83s/it]
PPSurf + Mesh→PC:  46%|████▋     | 2329/5018 [4:55:32<5:48:15,  7.77s/it]
PPSurf + Mesh→PC:  46%|████▋     | 2330/5018 [4:55:40<5:49:43,  7.81s/it]
PPSurf + Mesh→PC:  46%|████▋     | 2331/5018 [4:55:48<5:46:49,  7.74s/it]
PPSurf + Mesh→PC:  46%|████▋     | 2332/5018 [4:55:55<5:46:36,  7.74s/it]
PPSurf + Mesh→PC:  46%|████▋     | 2333/5018 [4:56:03<5:45:49,  7.73s/it]
PPSurf + Mesh→PC:  47%|████▋     | 2334/5018 [4:56:11<5:45:48,  7.73s/it]
PPSurf + Mesh→PC:  47%|████▋     | 2335/5018 [4:56:19<5:47:38,  7.77s/it]
PPSurf + Mesh→PC:  47%|████▋     | 2336/5018 [4:56:27<5:49:24,  7.82s/it]
PPSurf + Mesh→PC:  47%|████▋     | 2337/5018 [4:56:34<5:47:34,  7.78s/it]
PPSurf + Mesh→PC:  47%|████▋     | 2338/5018 [4:56:42<5:50:42,  7.85s/it]
PPSurf + Mesh→PC:  47%|████▋     | 2339/5018 [4:56:50<5:46:32,  7.76s/it]
PPSurf + Mesh→PC:  47%|████▋     | 2340/5018 [4:56:58<5:47:12,  7.78s/it]
PPSurf + Mesh→PC:  47%|████▋     | 2341/5018 [4:57:06<5:48:24,  7.81s/it]
PPSurf + Mesh→PC:  47%|████▋     | 2342/5018 [4:57:13<5:48:23,  7.81s/it]
PPSurf + Mesh→PC:  47%|████▋     | 2343/5018 [4:57:21<5:53:04,  7.92s/it]
PPSurf + Mesh→PC:  47%|████▋     | 2344/5018 [4:57:29<5:50:26,  7.86s/it]
PPSurf + Mesh→PC:  47%|████▋     | 2345/5018 [4:57:37<5:55:18,  7.98s/it]
PPSurf + Mesh→PC:  47%|████▋     | 2346/5018 [4:57:46<5:59:25,  8.07s/it]
PPSurf + Mesh→PC:  47%|████▋     | 2347/5018 [4:57:54<5:58:38,  8.06s/it]
PPSurf + Mesh→PC:  47%|████▋     | 2348/5018 [4:58:02<5:56:35,  8.01s/it]
PPSurf + Mesh→PC:  47%|████▋     | 2349/5018 [4:58:10<5:54:17,  7.96s/it]
PPSurf + Mesh→PC:  47%|████▋     | 2350/5018 [4:58:17<5:49:36,  7.86s/it]
PPSurf + Mesh→PC:  47%|████▋     | 2351/5018 [4:58:25<5:50:06,  7.88s/it]
PPSurf + Mesh→PC:  47%|████▋     | 2352/5018 [4:58:33<5:50:16,  7.88s/it]
PPSurf + Mesh→PC:  47%|████▋     | 2353/5018 [4:58:41<5:49:42,  7.87s/it]
PPSurf + Mesh→PC:  47%|████▋     | 2354/5018 [4:58:49<5:53:12,  7.96s/it]
PPSurf + Mesh→PC:  47%|████▋     | 2355/5018 [4:58:57<5:51:51,  7.93s/it]
PPSurf + Mesh→PC:  47%|████▋     | 2356/5018 [4:59:05<5:51:33,  7.92s/it]
PPSurf + Mesh→PC:  47%|████▋     | 2357/5018 [4:59:13<5:52:59,  7.96s/it]
PPSurf + Mesh→PC:  47%|████▋     | 2358/5018 [4:59:21<5:49:51,  7.89s/it]
PPSurf + Mesh→PC:  47%|████▋     | 2359/5018 [4:59:29<5:53:21,  7.97s/it]
PPSurf + Mesh→PC:  47%|████▋     | 2360/5018 [4:59:36<5:50:22,  7.91s/it]
PPSurf + Mesh→PC:  47%|████▋     | 2361/5018 [4:59:44<5:51:00,  7.93s/it]
PPSurf + Mesh→PC:  47%|████▋     | 2362/5018 [4:59:53<5:53:42,  7.99s/it]
PPSurf + Mesh→PC:  47%|████▋     | 2363/5018 [5:00:01<5:56:17,  8.05s/it]
PPSurf + Mesh→PC:  47%|████▋     | 2364/5018 [5:00:09<5:55:06,  8.03s/it]
PPSurf + Mesh→PC:  47%|████▋     | 2365/5018 [5:00:16<5:51:28,  7.95s/it]
PPSurf + Mesh→PC:  47%|████▋     | 2366/5018 [5:00:25<5:53:01,  7.99s/it]
PPSurf + Mesh→PC:  47%|████▋     | 2367/5018 [5:00:32<5:49:44,  7.92s/it]
PPSurf + Mesh→PC:  47%|████▋     | 2368/5018 [5:00:40<5:50:53,  7.94s/it]
PPSurf + Mesh→PC:  47%|████▋     | 2369/5018 [5:00:48<5:45:58,  7.84s/it]
PPSurf + Mesh→PC:  47%|████▋     | 2370/5018 [5:00:56<5:51:56,  7.97s/it]
PPSurf + Mesh→PC:  47%|████▋     | 2371/5018 [5:01:04<5:48:47,  7.91s/it]
PPSurf + Mesh→PC:  47%|████▋     | 2372/5018 [5:01:12<5:44:19,  7.81s/it]
PPSurf + Mesh→PC:  47%|████▋     | 2373/5018 [5:01:19<5:42:25,  7.77s/it]
PPSurf + Mesh→PC:  47%|████▋     | 2374/5018 [5:01:27<5:45:10,  7.83s/it]
PPSurf + Mesh→PC:  47%|████▋     | 2375/5018 [5:01:35<5:44:20,  7.82s/it]
PPSurf + Mesh→PC:  47%|████▋     | 2376/5018 [5:01:43<5:45:58,  7.86s/it]
PPSurf + Mesh→PC:  47%|████▋     | 2377/5018 [5:01:50<5:41:54,  7.77s/it]
PPSurf + Mesh→PC:  47%|████▋     | 2378/5018 [5:01:58<5:43:10,  7.80s/it]
PPSurf + Mesh→PC:  47%|████▋     | 2379/5018 [5:02:06<5:42:04,  7.78s/it]
PPSurf + Mesh→PC:  47%|████▋     | 2380/5018 [5:02:14<5:41:52,  7.78s/it]
PPSurf + Mesh→PC:  47%|████▋     | 2381/5018 [5:02:22<5:41:56,  7.78s/it]
PPSurf + Mesh→PC:  47%|████▋     | 2382/5018 [5:02:29<5:42:07,  7.79s/it]
PPSurf + Mesh→PC:  47%|████▋     | 2383/5018 [5:02:37<5:44:23,  7.84s/it]
PPSurf + Mesh→PC:  48%|████▊     | 2384/5018 [5:02:45<5:46:04,  7.88s/it]
PPSurf + Mesh→PC:  48%|████▊     | 2385/5018 [5:02:53<5:46:10,  7.89s/it]
PPSurf + Mesh→PC:  48%|████▊     | 2386/5018 [5:03:01<5:46:14,  7.89s/it]
PPSurf + Mesh→PC:  48%|████▊     | 2387/5018 [5:03:09<5:44:20,  7.85s/it]
PPSurf + Mesh→PC:  48%|████▊     | 2388/5018 [5:03:17<5:44:43,  7.86s/it]
PPSurf + Mesh→PC:  48%|████▊     | 2389/5018 [5:03:25<5:43:09,  7.83s/it]
PPSurf + Mesh→PC:  48%|████▊     | 2390/5018 [5:03:32<5:42:53,  7.83s/it]
PPSurf + Mesh→PC:  48%|████▊     | 2391/5018 [5:03:40<5:42:31,  7.82s/it]
PPSurf + Mesh→PC:  48%|████▊     | 2392/5018 [5:03:48<5:41:42,  7.81s/it]
PPSurf + Mesh→PC:  48%|████▊     | 2393/5018 [5:03:56<5:40:22,  7.78s/it]
PPSurf + Mesh→PC:  48%|████▊     | 2394/5018 [5:04:04<5:43:20,  7.85s/it]
PPSurf + Mesh→PC:  48%|████▊     | 2395/5018 [5:04:12<5:43:24,  7.86s/it]
PPSurf + Mesh→PC:  48%|████▊     | 2396/5018 [5:04:19<5:41:48,  7.82s/it]
PPSurf + Mesh→PC:  48%|████▊     | 2397/5018 [5:04:28<5:52:33,  8.07s/it]
PPSurf + Mesh→PC:  48%|████▊     | 2398/5018 [5:04:36<5:53:34,  8.10s/it]
PPSurf + Mesh→PC:  48%|████▊     | 2399/5018 [5:04:44<5:48:12,  7.98s/it]
PPSurf + Mesh→PC:  48%|████▊     | 2400/5018 [5:04:52<5:49:21,  8.01s/it]
PPSurf + Mesh→PC:  48%|████▊     | 2401/5018 [5:05:00<5:45:01,  7.91s/it]
PPSurf + Mesh→PC:  48%|████▊     | 2402/5018 [5:05:08<5:47:34,  7.97s/it]
PPSurf + Mesh→PC:  48%|████▊     | 2403/5018 [5:05:15<5:43:43,  7.89s/it]
PPSurf + Mesh→PC:  48%|████▊     | 2404/5018 [5:05:23<5:45:58,  7.94s/it]
PPSurf + Mesh→PC:  48%|████▊     | 2405/5018 [5:05:31<5:45:04,  7.92s/it]
PPSurf + Mesh→PC:  48%|████▊     | 2406/5018 [5:05:39<5:46:39,  7.96s/it]
PPSurf + Mesh→PC:  48%|████▊     | 2407/5018 [5:05:48<5:48:39,  8.01s/it]
PPSurf + Mesh→PC:  48%|████▊     | 2408/5018 [5:05:55<5:45:28,  7.94s/it]
PPSurf + Mesh→PC:  48%|████▊     | 2409/5018 [5:06:03<5:45:14,  7.94s/it]
PPSurf + Mesh→PC:  48%|████▊     | 2410/5018 [5:06:11<5:43:20,  7.90s/it]
PPSurf + Mesh→PC:  48%|████▊     | 2411/5018 [5:06:19<5:43:36,  7.91s/it]
PPSurf + Mesh→PC:  48%|████▊     | 2412/5018 [5:06:27<5:40:34,  7.84s/it]
PPSurf + Mesh→PC:  48%|████▊     | 2413/5018 [5:06:35<5:49:27,  8.05s/it]
PPSurf + Mesh→PC:  48%|████▊     | 2414/5018 [5:06:43<5:49:50,  8.06s/it]
PPSurf + Mesh→PC:  48%|████▊     | 2415/5018 [5:06:51<5:43:49,  7.93s/it]
PPSurf + Mesh→PC:  48%|████▊     | 2416/5018 [5:06:59<5:46:12,  7.98s/it]
PPSurf + Mesh→PC:  48%|████▊     | 2417/5018 [5:07:07<5:42:55,  7.91s/it]
PPSurf + Mesh→PC:  48%|████▊     | 2418/5018 [5:07:15<5:46:27,  8.00s/it]
PPSurf + Mesh→PC:  48%|████▊     | 2419/5018 [5:07:23<5:43:37,  7.93s/it]
PPSurf + Mesh→PC:  48%|████▊     | 2420/5018 [5:07:31<5:45:36,  7.98s/it]
PPSurf + Mesh→PC:  48%|████▊     | 2421/5018 [5:07:38<5:39:57,  7.85s/it]
PPSurf + Mesh→PC:  48%|████▊     | 2422/5018 [5:07:46<5:41:25,  7.89s/it]
PPSurf + Mesh→PC:  48%|████▊     | 2423/5018 [5:07:54<5:38:48,  7.83s/it]
PPSurf + Mesh→PC:  48%|████▊     | 2424/5018 [5:08:02<5:39:50,  7.86s/it]
PPSurf + Mesh→PC:  48%|████▊     | 2425/5018 [5:08:10<5:45:08,  7.99s/it]
PPSurf + Mesh→PC:  48%|████▊     | 2426/5018 [5:08:18<5:45:01,  7.99s/it]
PPSurf + Mesh→PC:  48%|████▊     | 2427/5018 [5:08:26<5:41:31,  7.91s/it]
PPSurf + Mesh→PC:  48%|████▊     | 2428/5018 [5:08:34<5:41:47,  7.92s/it]
PPSurf + Mesh→PC:  48%|████▊     | 2429/5018 [5:08:41<5:36:51,  7.81s/it]
PPSurf + Mesh→PC:  48%|████▊     | 2430/5018 [5:08:49<5:36:28,  7.80s/it]
PPSurf + Mesh→PC:  48%|████▊     | 2431/5018 [5:08:57<5:36:42,  7.81s/it]
PPSurf + Mesh→PC:  48%|████▊     | 2432/5018 [5:09:05<5:35:41,  7.79s/it]
PPSurf + Mesh→PC:  48%|████▊     | 2433/5018 [5:09:13<5:41:10,  7.92s/it]
PPSurf + Mesh→PC:  49%|████▊     | 2434/5018 [5:09:21<5:42:18,  7.95s/it]
PPSurf + Mesh→PC:  49%|████▊     | 2435/5018 [5:09:29<5:38:50,  7.87s/it]
PPSurf + Mesh→PC:  49%|████▊     | 2436/5018 [5:09:37<5:39:42,  7.89s/it]
PPSurf + Mesh→PC:  49%|████▊     | 2437/5018 [5:09:44<5:33:32,  7.75s/it]
PPSurf + Mesh→PC:  49%|████▊     | 2438/5018 [5:09:52<5:31:39,  7.71s/it]
PPSurf + Mesh→PC:  49%|████▊     | 2439/5018 [5:10:00<5:38:35,  7.88s/it]
PPSurf + Mesh→PC:  49%|████▊     | 2440/5018 [5:10:08<5:43:27,  7.99s/it]
PPSurf + Mesh→PC:  49%|████▊     | 2441/5018 [5:10:16<5:40:14,  7.92s/it]
PPSurf + Mesh→PC:  49%|████▊     | 2442/5018 [5:10:24<5:38:41,  7.89s/it]
PPSurf + Mesh→PC:  49%|████▊     | 2443/5018 [5:10:32<5:36:19,  7.84s/it]
PPSurf + Mesh→PC:  49%|████▊     | 2444/5018 [5:10:39<5:33:34,  7.78s/it]
PPSurf + Mesh→PC:  49%|████▊     | 2445/5018 [5:10:47<5:33:23,  7.77s/it]
PPSurf + Mesh→PC:  49%|████▊     | 2446/5018 [5:10:55<5:34:31,  7.80s/it]
PPSurf + Mesh→PC:  49%|████▉     | 2447/5018 [5:11:03<5:38:50,  7.91s/it]
PPSurf + Mesh→PC:  49%|████▉     | 2448/5018 [5:11:11<5:36:44,  7.86s/it]
PPSurf + Mesh→PC:  49%|████▉     | 2449/5018 [5:11:19<5:39:37,  7.93s/it]
PPSurf + Mesh→PC:  49%|████▉     | 2450/5018 [5:11:26<5:34:08,  7.81s/it]
PPSurf + Mesh→PC:  49%|████▉     | 2451/5018 [5:11:34<5:31:34,  7.75s/it]
PPSurf + Mesh→PC:  49%|████▉     | 2452/5018 [5:11:42<5:36:22,  7.87s/it]
PPSurf + Mesh→PC:  49%|████▉     | 2453/5018 [5:11:50<5:40:53,  7.97s/it]
PPSurf + Mesh→PC:  49%|████▉     | 2454/5018 [5:11:58<5:37:04,  7.89s/it]
PPSurf + Mesh→PC:  49%|████▉     | 2455/5018 [5:12:06<5:34:29,  7.83s/it]
PPSurf + Mesh→PC:  49%|████▉     | 2456/5018 [5:12:13<5:32:01,  7.78s/it]
PPSurf + Mesh→PC:  49%|████▉     | 2457/5018 [5:12:21<5:25:35,  7.63s/it]
PPSurf + Mesh→PC:  49%|████▉     | 2458/5018 [5:12:29<5:31:05,  7.76s/it]
PPSurf + Mesh→PC:  49%|████▉     | 2459/5018 [5:12:37<5:37:24,  7.91s/it]
PPSurf + Mesh→PC:  49%|████▉     | 2460/5018 [5:12:45<5:38:14,  7.93s/it]
PPSurf + Mesh→PC:  49%|████▉     | 2461/5018 [5:12:53<5:35:53,  7.88s/it]
PPSurf + Mesh→PC:  49%|████▉     | 2462/5018 [5:13:01<5:37:02,  7.91s/it]
PPSurf + Mesh→PC:  49%|████▉     | 2463/5018 [5:13:08<5:33:59,  7.84s/it]
PPSurf + Mesh→PC:  49%|████▉     | 2464/5018 [5:13:16<5:30:55,  7.77s/it]
PPSurf + Mesh→PC:  49%|████▉     | 2465/5018 [5:13:24<5:33:10,  7.83s/it]
PPSurf + Mesh→PC:  49%|████▉     | 2466/5018 [5:13:32<5:39:16,  7.98s/it]
PPSurf + Mesh→PC:  49%|████▉     | 2467/5018 [5:13:40<5:35:41,  7.90s/it]
PPSurf + Mesh→PC:  49%|████▉     | 2468/5018 [5:13:48<5:32:41,  7.83s/it]
PPSurf + Mesh→PC:  49%|████▉     | 2469/5018 [5:13:55<5:29:38,  7.76s/it]
PPSurf + Mesh→PC:  49%|████▉     | 2470/5018 [5:14:03<5:29:50,  7.77s/it]
PPSurf + Mesh→PC:  49%|████▉     | 2471/5018 [5:14:11<5:33:09,  7.85s/it]
PPSurf + Mesh→PC:  49%|████▉     | 2472/5018 [5:14:19<5:35:15,  7.90s/it]
PPSurf + Mesh→PC:  49%|████▉     | 2473/5018 [5:14:27<5:38:44,  7.99s/it]
PPSurf + Mesh→PC:  49%|████▉     | 2474/5018 [5:14:35<5:36:02,  7.93s/it]
PPSurf + Mesh→PC:  49%|████▉     | 2475/5018 [5:14:43<5:40:56,  8.04s/it]
PPSurf + Mesh→PC:  49%|████▉     | 2476/5018 [5:14:51<5:36:03,  7.93s/it]
PPSurf + Mesh→PC:  49%|████▉     | 2477/5018 [5:14:59<5:37:29,  7.97s/it]
PPSurf + Mesh→PC:  49%|████▉     | 2478/5018 [5:15:07<5:40:46,  8.05s/it]
PPSurf + Mesh→PC:  49%|████▉     | 2479/5018 [5:15:15<5:39:43,  8.03s/it]
PPSurf + Mesh→PC:  49%|████▉     | 2480/5018 [5:15:23<5:35:53,  7.94s/it]
PPSurf + Mesh→PC:  49%|████▉     | 2481/5018 [5:15:31<5:31:29,  7.84s/it]
PPSurf + Mesh→PC:  49%|████▉     | 2482/5018 [5:15:39<5:31:49,  7.85s/it]
PPSurf + Mesh→PC:  49%|████▉     | 2483/5018 [5:15:46<5:31:33,  7.85s/it]
PPSurf + Mesh→PC:  50%|████▉     | 2484/5018 [5:15:54<5:28:01,  7.77s/it]
PPSurf + Mesh→PC:  50%|████▉     | 2485/5018 [5:16:02<5:25:30,  7.71s/it]
PPSurf + Mesh→PC:  50%|████▉     | 2486/5018 [5:16:10<5:33:10,  7.89s/it]
PPSurf + Mesh→PC:  50%|████▉     | 2487/5018 [5:16:18<5:35:07,  7.94s/it]
PPSurf + Mesh→PC:  50%|████▉     | 2488/5018 [5:16:26<5:34:46,  7.94s/it]
PPSurf + Mesh→PC:  50%|████▉     | 2489/5018 [5:16:33<5:29:50,  7.83s/it]
PPSurf + Mesh→PC:  50%|████▉     | 2490/5018 [5:16:42<5:34:59,  7.95s/it]
PPSurf + Mesh→PC:  50%|████▉     | 2491/5018 [5:16:50<5:36:59,  8.00s/it]
PPSurf + Mesh→PC:  50%|████▉     | 2492/5018 [5:16:57<5:29:16,  7.82s/it]
PPSurf + Mesh→PC:  50%|████▉     | 2493/5018 [5:17:05<5:32:49,  7.91s/it]
PPSurf + Mesh→PC:  50%|████▉     | 2494/5018 [5:17:13<5:29:55,  7.84s/it]
PPSurf + Mesh→PC:  50%|████▉     | 2495/5018 [5:17:21<5:33:15,  7.93s/it]
PPSurf + Mesh→PC:  50%|████▉     | 2496/5018 [5:17:29<5:35:06,  7.97s/it]
PPSurf + Mesh→PC:  50%|████▉     | 2497/5018 [5:17:37<5:27:36,  7.80s/it]
PPSurf + Mesh→PC:  50%|████▉     | 2498/5018 [5:17:45<5:31:00,  7.88s/it]
PPSurf + Mesh→PC:  50%|████▉     | 2499/5018 [5:17:52<5:29:33,  7.85s/it]
PPSurf + Mesh→PC:  50%|████▉     | 2500/5018 [5:18:00<5:27:14,  7.80s/it]
PPSurf + Mesh→PC:  50%|████▉     | 2501/5018 [5:18:08<5:31:51,  7.91s/it]
PPSurf + Mesh→PC:  50%|████▉     | 2502/5018 [5:18:16<5:33:16,  7.95s/it]
PPSurf + Mesh→PC:  50%|████▉     | 2503/5018 [5:18:24<5:31:18,  7.90s/it]
PPSurf + Mesh→PC:  50%|████▉     | 2504/5018 [5:18:32<5:32:32,  7.94s/it]
PPSurf + Mesh→PC:  50%|████▉     | 2505/5018 [5:18:40<5:34:18,  7.98s/it]
PPSurf + Mesh→PC:  50%|████▉     | 2506/5018 [5:18:49<5:38:08,  8.08s/it]
PPSurf + Mesh→PC:  50%|████▉     | 2507/5018 [5:18:57<5:38:52,  8.10s/it]
PPSurf + Mesh→PC:  50%|████▉     | 2508/5018 [5:19:05<5:38:25,  8.09s/it]
PPSurf + Mesh→PC:  50%|█████     | 2509/5018 [5:19:13<5:35:43,  8.03s/it]
PPSurf + Mesh→PC:  50%|█████     | 2510/5018 [5:19:20<5:32:07,  7.95s/it]
PPSurf + Mesh→PC:  50%|█████     | 2511/5018 [5:19:28<5:32:10,  7.95s/it]
PPSurf + Mesh→PC:  50%|█████     | 2512/5018 [5:19:36<5:33:21,  7.98s/it]
PPSurf + Mesh→PC:  50%|█████     | 2513/5018 [5:19:45<5:35:17,  8.03s/it]
PPSurf + Mesh→PC:  50%|█████     | 2514/5018 [5:19:53<5:38:06,  8.10s/it]
PPSurf + Mesh→PC:  50%|█████     | 2515/5018 [5:20:01<5:36:54,  8.08s/it]
PPSurf + Mesh→PC:  50%|█████     | 2516/5018 [5:20:09<5:32:09,  7.97s/it]
PPSurf + Mesh→PC:  50%|█████     | 2517/5018 [5:20:17<5:32:24,  7.97s/it]
PPSurf + Mesh→PC:  50%|█████     | 2518/5018 [5:20:24<5:29:22,  7.90s/it]
PPSurf + Mesh→PC:  50%|█████     | 2519/5018 [5:20:32<5:28:02,  7.88s/it]
PPSurf + Mesh→PC:  50%|█████     | 2520/5018 [5:20:40<5:28:35,  7.89s/it]
PPSurf + Mesh→PC:  50%|█████     | 2521/5018 [5:20:48<5:26:08,  7.84s/it]
PPSurf + Mesh→PC:  50%|█████     | 2522/5018 [5:20:56<5:34:38,  8.04s/it]
PPSurf + Mesh→PC:  50%|█████     | 2523/5018 [5:21:04<5:30:11,  7.94s/it]
PPSurf + Mesh→PC:  50%|█████     | 2524/5018 [5:21:12<5:34:39,  8.05s/it]
PPSurf + Mesh→PC:  50%|█████     | 2525/5018 [5:21:21<5:37:51,  8.13s/it]
PPSurf + Mesh→PC:  50%|█████     | 2526/5018 [5:21:29<5:36:03,  8.09s/it]
PPSurf + Mesh→PC:  50%|█████     | 2527/5018 [5:21:37<5:38:03,  8.14s/it]
PPSurf + Mesh→PC:  50%|█████     | 2528/5018 [5:21:45<5:38:11,  8.15s/it]
PPSurf + Mesh→PC:  50%|█████     | 2529/5018 [5:21:53<5:35:24,  8.09s/it]
PPSurf + Mesh→PC:  50%|█████     | 2530/5018 [5:22:01<5:37:04,  8.13s/it]
PPSurf + Mesh→PC:  50%|█████     | 2531/5018 [5:22:10<5:42:13,  8.26s/it]
PPSurf + Mesh→PC:  50%|█████     | 2532/5018 [5:22:18<5:38:02,  8.16s/it]
PPSurf + Mesh→PC:  50%|█████     | 2533/5018 [5:22:26<5:38:06,  8.16s/it]
PPSurf + Mesh→PC:  50%|█████     | 2534/5018 [5:22:34<5:33:26,  8.05s/it]
PPSurf + Mesh→PC:  51%|█████     | 2535/5018 [5:22:42<5:34:21,  8.08s/it]
PPSurf + Mesh→PC:  51%|█████     | 2536/5018 [5:22:49<5:28:09,  7.93s/it]
PPSurf + Mesh→PC:  51%|█████     | 2537/5018 [5:22:57<5:29:57,  7.98s/it]
PPSurf + Mesh→PC:  51%|█████     | 2538/5018 [5:23:06<5:32:57,  8.06s/it]
PPSurf + Mesh→PC:  51%|█████     | 2539/5018 [5:23:13<5:28:39,  7.95s/it]
PPSurf + Mesh→PC:  51%|█████     | 2540/5018 [5:23:22<5:31:14,  8.02s/it]
PPSurf + Mesh→PC:  51%|█████     | 2541/5018 [5:23:30<5:32:17,  8.05s/it]
PPSurf + Mesh→PC:  51%|█████     | 2542/5018 [5:23:38<5:34:25,  8.10s/it]
PPSurf + Mesh→PC:  51%|█████     | 2543/5018 [5:23:46<5:34:10,  8.10s/it]
PPSurf + Mesh→PC:  51%|█████     | 2544/5018 [5:23:54<5:29:14,  7.98s/it]
PPSurf + Mesh→PC:  51%|█████     | 2545/5018 [5:24:02<5:30:39,  8.02s/it]
PPSurf + Mesh→PC:  51%|█████     | 2546/5018 [5:24:10<5:29:27,  8.00s/it]
PPSurf + Mesh→PC:  51%|█████     | 2547/5018 [5:24:17<5:23:13,  7.85s/it]
PPSurf + Mesh→PC:  51%|█████     | 2548/5018 [5:24:26<5:28:31,  7.98s/it]
PPSurf + Mesh→PC:  51%|█████     | 2549/5018 [5:24:34<5:33:13,  8.10s/it]
PPSurf + Mesh→PC:  51%|█████     | 2550/5018 [5:24:42<5:30:19,  8.03s/it]
PPSurf + Mesh→PC:  51%|█████     | 2551/5018 [5:24:50<5:32:47,  8.09s/it]
PPSurf + Mesh→PC:  51%|█████     | 2552/5018 [5:24:58<5:31:12,  8.06s/it]
PPSurf + Mesh→PC:  51%|█████     | 2553/5018 [5:25:06<5:35:51,  8.18s/it]
PPSurf + Mesh→PC:  51%|█████     | 2554/5018 [5:25:15<5:38:09,  8.23s/it]
PPSurf + Mesh→PC:  51%|█████     | 2555/5018 [5:25:22<5:30:07,  8.04s/it]
PPSurf + Mesh→PC:  51%|█████     | 2556/5018 [5:25:31<5:32:13,  8.10s/it]
PPSurf + Mesh→PC:  51%|█████     | 2557/5018 [5:25:39<5:31:49,  8.09s/it]
PPSurf + Mesh→PC:  51%|█████     | 2558/5018 [5:25:47<5:34:38,  8.16s/it]
PPSurf + Mesh→PC:  51%|█████     | 2559/5018 [5:25:55<5:33:49,  8.15s/it]
PPSurf + Mesh→PC:  51%|█████     | 2560/5018 [5:26:03<5:29:35,  8.05s/it]
PPSurf + Mesh→PC:  51%|█████     | 2561/5018 [5:26:11<5:24:32,  7.93s/it]
PPSurf + Mesh→PC:  51%|█████     | 2562/5018 [5:26:19<5:24:26,  7.93s/it]
PPSurf + Mesh→PC:  51%|█████     | 2563/5018 [5:26:26<5:22:28,  7.88s/it]
PPSurf + Mesh→PC:  51%|█████     | 2564/5018 [5:26:34<5:22:41,  7.89s/it]
PPSurf + Mesh→PC:  51%|█████     | 2565/5018 [5:26:43<5:28:19,  8.03s/it]
PPSurf + Mesh→PC:  51%|█████     | 2566/5018 [5:26:51<5:28:20,  8.03s/it]
PPSurf + Mesh→PC:  51%|█████     | 2567/5018 [5:26:59<5:26:06,  7.98s/it]
PPSurf + Mesh→PC:  51%|█████     | 2568/5018 [5:27:07<5:35:12,  8.21s/it]
PPSurf + Mesh→PC:  51%|█████     | 2569/5018 [5:27:15<5:31:56,  8.13s/it]
PPSurf + Mesh→PC:  51%|█████     | 2570/5018 [5:27:24<5:40:00,  8.33s/it]
PPSurf + Mesh→PC:  51%|█████     | 2571/5018 [5:27:33<5:43:56,  8.43s/it]
PPSurf + Mesh→PC:  51%|█████▏    | 2572/5018 [5:27:41<5:44:19,  8.45s/it]
PPSurf + Mesh→PC:  51%|█████▏    | 2573/5018 [5:27:50<5:43:09,  8.42s/it]
PPSurf + Mesh→PC:  51%|█████▏    | 2574/5018 [5:27:58<5:41:13,  8.38s/it]
PPSurf + Mesh→PC:  51%|█████▏    | 2575/5018 [5:28:06<5:38:01,  8.30s/it]
PPSurf + Mesh→PC:  51%|█████▏    | 2576/5018 [5:28:14<5:31:08,  8.14s/it]
PPSurf + Mesh→PC:  51%|█████▏    | 2577/5018 [5:28:22<5:34:10,  8.21s/it]
PPSurf + Mesh→PC:  51%|█████▏    | 2578/5018 [5:28:30<5:32:08,  8.17s/it]
PPSurf + Mesh→PC:  51%|█████▏    | 2579/5018 [5:28:38<5:25:55,  8.02s/it]
PPSurf + Mesh→PC:  51%|█████▏    | 2580/5018 [5:28:46<5:30:11,  8.13s/it]
PPSurf + Mesh→PC:  51%|█████▏    | 2581/5018 [5:28:54<5:24:16,  7.98s/it]
PPSurf + Mesh→PC:  51%|█████▏    | 2582/5018 [5:29:02<5:30:24,  8.14s/it]
PPSurf + Mesh→PC:  51%|█████▏    | 2583/5018 [5:29:10<5:27:30,  8.07s/it]
PPSurf + Mesh→PC:  51%|█████▏    | 2584/5018 [5:29:18<5:28:03,  8.09s/it]
PPSurf + Mesh→PC:  52%|█████▏    | 2585/5018 [5:29:26<5:26:05,  8.04s/it]
PPSurf + Mesh→PC:  52%|█████▏    | 2586/5018 [5:29:34<5:25:44,  8.04s/it]
PPSurf + Mesh→PC:  52%|█████▏    | 2587/5018 [5:29:42<5:23:11,  7.98s/it]
PPSurf + Mesh→PC:  52%|█████▏    | 2588/5018 [5:29:50<5:20:31,  7.91s/it]
PPSurf + Mesh→PC:  52%|█████▏    | 2589/5018 [5:29:58<5:22:11,  7.96s/it]
PPSurf + Mesh→PC:  52%|█████▏    | 2590/5018 [5:30:06<5:22:24,  7.97s/it]
PPSurf + Mesh→PC:  52%|█████▏    | 2591/5018 [5:30:14<5:22:00,  7.96s/it]
PPSurf + Mesh→PC:  52%|█████▏    | 2592/5018 [5:30:22<5:21:43,  7.96s/it]
PPSurf + Mesh→PC:  52%|█████▏    | 2593/5018 [5:30:30<5:25:14,  8.05s/it]
PPSurf + Mesh→PC:  52%|█████▏    | 2594/5018 [5:30:38<5:26:42,  8.09s/it]
PPSurf + Mesh→PC:  52%|█████▏    | 2595/5018 [5:30:46<5:24:43,  8.04s/it]
PPSurf + Mesh→PC:  52%|█████▏    | 2596/5018 [5:30:54<5:24:53,  8.05s/it]
PPSurf + Mesh→PC:  52%|█████▏    | 2597/5018 [5:31:02<5:24:06,  8.03s/it]
PPSurf + Mesh→PC:  52%|█████▏    | 2598/5018 [5:31:10<5:22:20,  7.99s/it]
PPSurf + Mesh→PC:  52%|█████▏    | 2599/5018 [5:31:18<5:22:58,  8.01s/it]
PPSurf + Mesh→PC:  52%|█████▏    | 2600/5018 [5:31:26<5:24:18,  8.05s/it]
PPSurf + Mesh→PC:  52%|█████▏    | 2601/5018 [5:31:34<5:24:01,  8.04s/it]
PPSurf + Mesh→PC:  52%|█████▏    | 2602/5018 [5:31:42<5:22:18,  8.00s/it]
PPSurf + Mesh→PC:  52%|█████▏    | 2603/5018 [5:31:50<5:21:22,  7.98s/it]
PPSurf + Mesh→PC:  52%|█████▏    | 2604/5018 [5:31:58<5:21:40,  8.00s/it]
PPSurf + Mesh→PC:  52%|█████▏    | 2605/5018 [5:32:07<5:25:00,  8.08s/it]
PPSurf + Mesh→PC:  52%|█████▏    | 2606/5018 [5:32:15<5:27:00,  8.13s/it]
PPSurf + Mesh→PC:  52%|█████▏    | 2607/5018 [5:32:23<5:31:35,  8.25s/it]
PPSurf + Mesh→PC:  52%|█████▏    | 2608/5018 [5:32:32<5:32:37,  8.28s/it]
PPSurf + Mesh→PC:  52%|█████▏    | 2609/5018 [5:32:40<5:31:08,  8.25s/it]
PPSurf + Mesh→PC:  52%|█████▏    | 2610/5018 [5:32:48<5:26:01,  8.12s/it]
PPSurf + Mesh→PC:  52%|█████▏    | 2611/5018 [5:32:56<5:26:06,  8.13s/it]
PPSurf + Mesh→PC:  52%|█████▏    | 2612/5018 [5:33:04<5:27:35,  8.17s/it]
PPSurf + Mesh→PC:  52%|█████▏    | 2613/5018 [5:33:12<5:21:38,  8.02s/it]
PPSurf + Mesh→PC:  52%|█████▏    | 2614/5018 [5:33:20<5:19:37,  7.98s/it]
PPSurf + Mesh→PC:  52%|█████▏    | 2615/5018 [5:33:28<5:19:21,  7.97s/it]
PPSurf + Mesh→PC:  52%|█████▏    | 2616/5018 [5:33:36<5:22:57,  8.07s/it]
PPSurf + Mesh→PC:  52%|█████▏    | 2617/5018 [5:33:44<5:22:52,  8.07s/it]
PPSurf + Mesh→PC:  52%|█████▏    | 2618/5018 [5:33:52<5:22:04,  8.05s/it]
PPSurf + Mesh→PC:  52%|█████▏    | 2619/5018 [5:34:00<5:21:54,  8.05s/it]
PPSurf + Mesh→PC:  52%|█████▏    | 2620/5018 [5:34:08<5:21:22,  8.04s/it]
PPSurf + Mesh→PC:  52%|█████▏    | 2621/5018 [5:34:16<5:17:35,  7.95s/it]
PPSurf + Mesh→PC:  52%|█████▏    | 2622/5018 [5:34:24<5:19:25,  8.00s/it]
PPSurf + Mesh→PC:  52%|█████▏    | 2623/5018 [5:34:32<5:16:51,  7.94s/it]
PPSurf + Mesh→PC:  52%|█████▏    | 2624/5018 [5:34:40<5:19:36,  8.01s/it]
PPSurf + Mesh→PC:  52%|█████▏    | 2625/5018 [5:34:48<5:16:08,  7.93s/it]
PPSurf + Mesh→PC:  52%|█████▏    | 2626/5018 [5:34:56<5:17:20,  7.96s/it]
PPSurf + Mesh→PC:  52%|█████▏    | 2627/5018 [5:35:04<5:26:11,  8.19s/it]
PPSurf + Mesh→PC:  52%|█████▏    | 2628/5018 [5:35:12<5:23:42,  8.13s/it]
PPSurf + Mesh→PC:  52%|█████▏    | 2629/5018 [5:35:21<5:28:30,  8.25s/it]
PPSurf + Mesh→PC:  52%|█████▏    | 2630/5018 [5:35:29<5:23:40,  8.13s/it]
PPSurf + Mesh→PC:  52%|█████▏    | 2631/5018 [5:35:37<5:29:05,  8.27s/it]
PPSurf + Mesh→PC:  52%|█████▏    | 2632/5018 [5:35:45<5:26:37,  8.21s/it]
PPSurf + Mesh→PC:  52%|█████▏    | 2633/5018 [5:35:54<5:33:26,  8.39s/it]
PPSurf + Mesh→PC:  52%|█████▏    | 2634/5018 [5:36:02<5:30:44,  8.32s/it]
PPSurf + Mesh→PC:  53%|█████▎    | 2635/5018 [5:36:11<5:35:31,  8.45s/it]
PPSurf + Mesh→PC:  53%|█████▎    | 2636/5018 [5:36:19<5:32:55,  8.39s/it]
PPSurf + Mesh→PC:  53%|█████▎    | 2637/5018 [5:36:28<5:38:44,  8.54s/it]
PPSurf + Mesh→PC:  53%|█████▎    | 2638/5018 [5:36:36<5:31:02,  8.35s/it]
PPSurf + Mesh→PC:  53%|█████▎    | 2639/5018 [5:36:45<5:35:06,  8.45s/it]
PPSurf + Mesh→PC:  53%|█████▎    | 2640/5018 [5:36:53<5:35:37,  8.47s/it]
PPSurf + Mesh→PC:  53%|█████▎    | 2641/5018 [5:37:02<5:40:27,  8.59s/it]
PPSurf + Mesh→PC:  53%|█████▎    | 2642/5018 [5:37:10<5:35:28,  8.47s/it]
PPSurf + Mesh→PC:  53%|█████▎    | 2643/5018 [5:37:19<5:30:22,  8.35s/it]
PPSurf + Mesh→PC:  53%|█████▎    | 2644/5018 [5:37:27<5:28:43,  8.31s/it]
PPSurf + Mesh→PC:  53%|█████▎    | 2645/5018 [5:37:35<5:30:52,  8.37s/it]
PPSurf + Mesh→PC:  53%|█████▎    | 2646/5018 [5:37:43<5:28:44,  8.32s/it]
PPSurf + Mesh→PC:  53%|█████▎    | 2647/5018 [5:37:52<5:28:54,  8.32s/it]
PPSurf + Mesh→PC:  53%|█████▎    | 2648/5018 [5:38:00<5:28:18,  8.31s/it]
PPSurf + Mesh→PC:  53%|█████▎    | 2649/5018 [5:38:08<5:19:57,  8.10s/it]
PPSurf + Mesh→PC:  53%|█████▎    | 2650/5018 [5:38:16<5:22:25,  8.17s/it]
PPSurf + Mesh→PC:  53%|█████▎    | 2651/5018 [5:38:24<5:24:18,  8.22s/it]
PPSurf + Mesh→PC:  53%|█████▎    | 2652/5018 [5:38:33<5:28:56,  8.34s/it]
PPSurf + Mesh→PC:  53%|█████▎    | 2653/5018 [5:38:41<5:28:40,  8.34s/it]
PPSurf + Mesh→PC:  53%|█████▎    | 2654/5018 [5:38:49<5:23:25,  8.21s/it]
PPSurf + Mesh→PC:  53%|█████▎    | 2655/5018 [5:38:57<5:23:06,  8.20s/it]
PPSurf + Mesh→PC:  53%|█████▎    | 2656/5018 [5:39:06<5:23:25,  8.22s/it]
PPSurf + Mesh→PC:  53%|█████▎    | 2657/5018 [5:39:14<5:22:48,  8.20s/it]
PPSurf + Mesh→PC:  53%|█████▎    | 2658/5018 [5:39:22<5:20:31,  8.15s/it]
PPSurf + Mesh→PC:  53%|█████▎    | 2659/5018 [5:39:30<5:18:30,  8.10s/it]
PPSurf + Mesh→PC:  53%|█████▎    | 2660/5018 [5:39:38<5:19:37,  8.13s/it]
PPSurf + Mesh→PC:  53%|█████▎    | 2661/5018 [5:39:46<5:17:45,  8.09s/it]
PPSurf + Mesh→PC:  53%|█████▎    | 2662/5018 [5:39:54<5:16:22,  8.06s/it]
PPSurf + Mesh→PC:  53%|█████▎    | 2663/5018 [5:40:02<5:13:24,  7.98s/it]
PPSurf + Mesh→PC:  53%|█████▎    | 2664/5018 [5:40:10<5:17:00,  8.08s/it]
PPSurf + Mesh→PC:  53%|█████▎    | 2665/5018 [5:40:18<5:18:18,  8.12s/it]
PPSurf + Mesh→PC:  53%|█████▎    | 2666/5018 [5:40:26<5:17:44,  8.11s/it]
PPSurf + Mesh→PC:  53%|█████▎    | 2667/5018 [5:40:34<5:17:14,  8.10s/it]
PPSurf + Mesh→PC:  53%|█████▎    | 2668/5018 [5:40:43<5:18:10,  8.12s/it]
PPSurf + Mesh→PC:  53%|█████▎    | 2669/5018 [5:40:51<5:18:48,  8.14s/it]
PPSurf + Mesh→PC:  53%|█████▎    | 2670/5018 [5:40:59<5:21:35,  8.22s/it]
PPSurf + Mesh→PC:  53%|█████▎    | 2671/5018 [5:41:07<5:18:47,  8.15s/it]
PPSurf + Mesh→PC:  53%|█████▎    | 2672/5018 [5:41:15<5:19:57,  8.18s/it]
PPSurf + Mesh→PC:  53%|█████▎    | 2673/5018 [5:41:24<5:19:19,  8.17s/it]
PPSurf + Mesh→PC:  53%|█████▎    | 2674/5018 [5:41:32<5:19:20,  8.17s/it]
PPSurf + Mesh→PC:  53%|█████▎    | 2675/5018 [5:41:40<5:16:01,  8.09s/it]
PPSurf + Mesh→PC:  53%|█████▎    | 2676/5018 [5:41:48<5:16:42,  8.11s/it]
PPSurf + Mesh→PC:  53%|█████▎    | 2677/5018 [5:41:56<5:16:03,  8.10s/it]
PPSurf + Mesh→PC:  53%|█████▎    | 2678/5018 [5:42:04<5:19:40,  8.20s/it]
PPSurf + Mesh→PC:  53%|█████▎    | 2679/5018 [5:42:12<5:18:40,  8.17s/it]
PPSurf + Mesh→PC:  53%|█████▎    | 2680/5018 [5:42:21<5:20:19,  8.22s/it]
PPSurf + Mesh→PC:  53%|█████▎    | 2681/5018 [5:42:29<5:18:18,  8.17s/it]
PPSurf + Mesh→PC:  53%|█████▎    | 2682/5018 [5:42:37<5:20:12,  8.22s/it]
PPSurf + Mesh→PC:  53%|█████▎    | 2683/5018 [5:42:45<5:17:04,  8.15s/it]
PPSurf + Mesh→PC:  53%|█████▎    | 2684/5018 [5:42:53<5:17:00,  8.15s/it]
PPSurf + Mesh→PC:  54%|█████▎    | 2685/5018 [5:43:02<5:19:17,  8.21s/it]
PPSurf + Mesh→PC:  54%|█████▎    | 2686/5018 [5:43:10<5:21:42,  8.28s/it]
PPSurf + Mesh→PC:  54%|█████▎    | 2687/5018 [5:43:18<5:20:15,  8.24s/it]
PPSurf + Mesh→PC:  54%|█████▎    | 2688/5018 [5:43:27<5:20:35,  8.26s/it]
PPSurf + Mesh→PC:  54%|█████▎    | 2689/5018 [5:43:35<5:23:58,  8.35s/it]
PPSurf + Mesh→PC:  54%|█████▎    | 2690/5018 [5:43:44<5:24:54,  8.37s/it]
PPSurf + Mesh→PC:  54%|█████▎    | 2691/5018 [5:43:52<5:27:40,  8.45s/it]
PPSurf + Mesh→PC:  54%|█████▎    | 2692/5018 [5:44:00<5:25:43,  8.40s/it]
PPSurf + Mesh→PC:  54%|█████▎    | 2693/5018 [5:44:08<5:20:56,  8.28s/it]
PPSurf + Mesh→PC:  54%|█████▎    | 2694/5018 [5:44:17<5:19:13,  8.24s/it]
PPSurf + Mesh→PC:  54%|█████▎    | 2695/5018 [5:44:25<5:16:14,  8.17s/it]
PPSurf + Mesh→PC:  54%|█████▎    | 2696/5018 [5:44:33<5:14:22,  8.12s/it]
PPSurf + Mesh→PC:  54%|█████▎    | 2697/5018 [5:44:41<5:15:23,  8.15s/it]
PPSurf + Mesh→PC:  54%|█████▍    | 2698/5018 [5:44:49<5:17:27,  8.21s/it]
PPSurf + Mesh→PC:  54%|█████▍    | 2699/5018 [5:44:58<5:18:22,  8.24s/it]
PPSurf + Mesh→PC:  54%|█████▍    | 2700/5018 [5:45:06<5:20:57,  8.31s/it]
PPSurf + Mesh→PC:  54%|█████▍    | 2701/5018 [5:45:14<5:20:47,  8.31s/it]
PPSurf + Mesh→PC:  54%|█████▍    | 2702/5018 [5:45:22<5:16:56,  8.21s/it]
PPSurf + Mesh→PC:  54%|█████▍    | 2703/5018 [5:45:31<5:17:37,  8.23s/it]
PPSurf + Mesh→PC:  54%|█████▍    | 2704/5018 [5:45:39<5:16:17,  8.20s/it]
PPSurf + Mesh→PC:  54%|█████▍    | 2705/5018 [5:45:47<5:16:46,  8.22s/it]
PPSurf + Mesh→PC:  54%|█████▍    | 2706/5018 [5:45:55<5:13:17,  8.13s/it]
PPSurf + Mesh→PC:  54%|█████▍    | 2707/5018 [5:46:03<5:11:59,  8.10s/it]
PPSurf + Mesh→PC:  54%|█████▍    | 2708/5018 [5:46:11<5:15:29,  8.19s/it]
PPSurf + Mesh→PC:  54%|█████▍    | 2709/5018 [5:46:19<5:13:19,  8.14s/it]
PPSurf + Mesh→PC:  54%|█████▍    | 2710/5018 [5:46:28<5:14:40,  8.18s/it]
PPSurf + Mesh→PC:  54%|█████▍    | 2711/5018 [5:46:36<5:19:26,  8.31s/it]
PPSurf + Mesh→PC:  54%|█████▍    | 2712/5018 [5:46:44<5:18:47,  8.29s/it]
PPSurf + Mesh→PC:  54%|█████▍    | 2713/5018 [5:46:53<5:15:42,  8.22s/it]
PPSurf + Mesh→PC:  54%|█████▍    | 2714/5018 [5:47:01<5:17:39,  8.27s/it]
PPSurf + Mesh→PC:  54%|█████▍    | 2715/5018 [5:47:09<5:16:50,  8.25s/it]
PPSurf + Mesh→PC:  54%|█████▍    | 2716/5018 [5:47:17<5:10:07,  8.08s/it]
PPSurf + Mesh→PC:  54%|█████▍    | 2717/5018 [5:47:25<5:10:08,  8.09s/it]
PPSurf + Mesh→PC:  54%|█████▍    | 2718/5018 [5:47:33<5:09:54,  8.08s/it]
PPSurf + Mesh→PC:  54%|█████▍    | 2719/5018 [5:47:41<5:07:31,  8.03s/it]
PPSurf + Mesh→PC:  54%|█████▍    | 2720/5018 [5:47:49<5:13:04,  8.17s/it]
PPSurf + Mesh→PC:  54%|█████▍    | 2721/5018 [5:47:58<5:13:04,  8.18s/it]
PPSurf + Mesh→PC:  54%|█████▍    | 2722/5018 [5:48:06<5:15:48,  8.25s/it]
PPSurf + Mesh→PC:  54%|█████▍    | 2723/5018 [5:48:15<5:19:48,  8.36s/it]
PPSurf + Mesh→PC:  54%|█████▍    | 2724/5018 [5:48:23<5:15:14,  8.25s/it]
PPSurf + Mesh→PC:  54%|█████▍    | 2725/5018 [5:48:31<5:12:01,  8.16s/it]
PPSurf + Mesh→PC:  54%|█████▍    | 2726/5018 [5:48:39<5:12:23,  8.18s/it]
PPSurf + Mesh→PC:  54%|█████▍    | 2727/5018 [5:48:47<5:12:24,  8.18s/it]
PPSurf + Mesh→PC:  54%|█████▍    | 2728/5018 [5:48:55<5:14:44,  8.25s/it]
PPSurf + Mesh→PC:  54%|█████▍    | 2729/5018 [5:49:03<5:12:37,  8.19s/it]
PPSurf + Mesh→PC:  54%|█████▍    | 2730/5018 [5:49:12<5:18:22,  8.35s/it]
PPSurf + Mesh→PC:  54%|█████▍    | 2731/5018 [5:49:21<5:18:44,  8.36s/it]
PPSurf + Mesh→PC:  54%|█████▍    | 2732/5018 [5:49:29<5:14:40,  8.26s/it]
PPSurf + Mesh→PC:  54%|█████▍    | 2733/5018 [5:49:37<5:11:17,  8.17s/it]
PPSurf + Mesh→PC:  54%|█████▍    | 2734/5018 [5:49:45<5:12:55,  8.22s/it]
PPSurf + Mesh→PC:  55%|█████▍    | 2735/5018 [5:49:53<5:10:22,  8.16s/it]
PPSurf + Mesh→PC:  55%|█████▍    | 2736/5018 [5:50:01<5:04:45,  8.01s/it]
PPSurf + Mesh→PC:  55%|█████▍    | 2737/5018 [5:50:09<5:08:25,  8.11s/it]
PPSurf + Mesh→PC:  55%|█████▍    | 2738/5018 [5:50:17<5:10:33,  8.17s/it]
PPSurf + Mesh→PC:  55%|█████▍    | 2739/5018 [5:50:25<5:07:49,  8.10s/it]
PPSurf + Mesh→PC:  55%|█████▍    | 2740/5018 [5:50:34<5:10:51,  8.19s/it]
PPSurf + Mesh→PC:  55%|█████▍    | 2741/5018 [5:50:42<5:14:08,  8.28s/it]
PPSurf + Mesh→PC:  55%|█████▍    | 2742/5018 [5:50:50<5:11:42,  8.22s/it]
PPSurf + Mesh→PC:  55%|█████▍    | 2743/5018 [5:50:59<5:17:22,  8.37s/it]
PPSurf + Mesh→PC:  55%|█████▍    | 2744/5018 [5:51:07<5:10:43,  8.20s/it]
PPSurf + Mesh→PC:  55%|█████▍    | 2745/5018 [5:51:15<5:12:55,  8.26s/it]
PPSurf + Mesh→PC:  55%|█████▍    | 2746/5018 [5:51:24<5:15:57,  8.34s/it]
PPSurf + Mesh→PC:  55%|█████▍    | 2747/5018 [5:51:32<5:15:32,  8.34s/it]
PPSurf + Mesh→PC:  55%|█████▍    | 2748/5018 [5:51:40<5:12:32,  8.26s/it]
PPSurf + Mesh→PC:  55%|█████▍    | 2749/5018 [5:51:48<5:13:58,  8.30s/it]
PPSurf + Mesh→PC:  55%|█████▍    | 2750/5018 [5:51:56<5:06:51,  8.12s/it]
PPSurf + Mesh→PC:  55%|█████▍    | 2751/5018 [5:52:04<5:00:26,  7.95s/it]
PPSurf + Mesh→PC:  55%|█████▍    | 2752/5018 [5:52:12<5:01:25,  7.98s/it]
PPSurf + Mesh→PC:  55%|█████▍    | 2753/5018 [5:52:20<5:03:07,  8.03s/it]
PPSurf + Mesh→PC:  55%|█████▍    | 2754/5018 [5:52:28<5:03:03,  8.03s/it]
PPSurf + Mesh→PC:  55%|█████▍    | 2755/5018 [5:52:36<5:02:44,  8.03s/it]
PPSurf + Mesh→PC:  55%|█████▍    | 2756/5018 [5:52:44<5:02:19,  8.02s/it]
PPSurf + Mesh→PC:  55%|█████▍    | 2757/5018 [5:52:52<4:58:48,  7.93s/it]
PPSurf + Mesh→PC:  55%|█████▍    | 2758/5018 [5:52:59<4:57:57,  7.91s/it]
PPSurf + Mesh→PC:  55%|█████▍    | 2759/5018 [5:53:08<5:00:23,  7.98s/it]
PPSurf + Mesh→PC:  55%|█████▌    | 2760/5018 [5:53:15<4:57:13,  7.90s/it]
PPSurf + Mesh→PC:  55%|█████▌    | 2761/5018 [5:53:23<4:55:16,  7.85s/it]
PPSurf + Mesh→PC:  55%|█████▌    | 2762/5018 [5:53:31<4:52:31,  7.78s/it]
PPSurf + Mesh→PC:  55%|█████▌    | 2763/5018 [5:53:38<4:51:41,  7.76s/it]
PPSurf + Mesh→PC:  55%|█████▌    | 2764/5018 [5:53:46<4:52:00,  7.77s/it]
PPSurf + Mesh→PC:  55%|█████▌    | 2765/5018 [5:53:54<4:52:25,  7.79s/it]
PPSurf + Mesh→PC:  55%|█████▌    | 2766/5018 [5:54:02<4:51:58,  7.78s/it]
PPSurf + Mesh→PC:  55%|█████▌    | 2767/5018 [5:54:10<4:53:34,  7.83s/it]
PPSurf + Mesh→PC:  55%|█████▌    | 2768/5018 [5:54:17<4:51:50,  7.78s/it]
PPSurf + Mesh→PC:  55%|█████▌    | 2769/5018 [5:54:25<4:49:18,  7.72s/it]
PPSurf + Mesh→PC:  55%|█████▌    | 2770/5018 [5:54:33<4:51:41,  7.79s/it]
PPSurf + Mesh→PC:  55%|█████▌    | 2771/5018 [5:54:41<4:52:38,  7.81s/it]
PPSurf + Mesh→PC:  55%|█████▌    | 2772/5018 [5:54:48<4:49:52,  7.74s/it]
PPSurf + Mesh→PC:  55%|█████▌    | 2773/5018 [5:54:56<4:50:57,  7.78s/it]
PPSurf + Mesh→PC:  55%|█████▌    | 2774/5018 [5:55:04<4:49:01,  7.73s/it]
PPSurf + Mesh→PC:  55%|█████▌    | 2775/5018 [5:55:12<4:50:02,  7.76s/it]
PPSurf + Mesh→PC:  55%|█████▌    | 2776/5018 [5:55:19<4:47:44,  7.70s/it]
PPSurf + Mesh→PC:  55%|█████▌    | 2777/5018 [5:55:27<4:46:54,  7.68s/it]
PPSurf + Mesh→PC:  55%|█████▌    | 2778/5018 [5:55:35<4:54:21,  7.88s/it]
PPSurf + Mesh→PC:  55%|█████▌    | 2779/5018 [5:55:43<4:55:28,  7.92s/it]
PPSurf + Mesh→PC:  55%|█████▌    | 2780/5018 [5:55:51<4:52:34,  7.84s/it]
PPSurf + Mesh→PC:  55%|█████▌    | 2781/5018 [5:55:59<4:53:26,  7.87s/it]
PPSurf + Mesh→PC:  55%|█████▌    | 2782/5018 [5:56:06<4:50:42,  7.80s/it]
PPSurf + Mesh→PC:  55%|█████▌    | 2783/5018 [5:56:14<4:52:09,  7.84s/it]
PPSurf + Mesh→PC:  55%|█████▌    | 2784/5018 [5:56:22<4:51:16,  7.82s/it]
PPSurf + Mesh→PC:  56%|█████▌    | 2785/5018 [5:56:30<4:50:40,  7.81s/it]
PPSurf + Mesh→PC:  56%|█████▌    | 2786/5018 [5:56:38<4:55:33,  7.95s/it]
PPSurf + Mesh→PC:  56%|█████▌    | 2787/5018 [5:56:46<4:58:42,  8.03s/it]
PPSurf + Mesh→PC:  56%|█████▌    | 2788/5018 [5:56:54<4:53:35,  7.90s/it]
PPSurf + Mesh→PC:  56%|█████▌    | 2789/5018 [5:57:02<4:52:28,  7.87s/it]
PPSurf + Mesh→PC:  56%|█████▌    | 2790/5018 [5:57:10<4:54:15,  7.92s/it]
PPSurf + Mesh→PC:  56%|█████▌    | 2791/5018 [5:57:18<4:51:06,  7.84s/it]
PPSurf + Mesh→PC:  56%|█████▌    | 2792/5018 [5:57:25<4:51:41,  7.86s/it]
PPSurf + Mesh→PC:  56%|█████▌    | 2793/5018 [5:57:34<4:55:50,  7.98s/it]
PPSurf + Mesh→PC:  56%|█████▌    | 2794/5018 [5:57:41<4:51:16,  7.86s/it]
PPSurf + Mesh→PC:  56%|█████▌    | 2795/5018 [5:57:49<4:49:48,  7.82s/it]
PPSurf + Mesh→PC:  56%|█████▌    | 2796/5018 [5:57:57<4:51:10,  7.86s/it]
PPSurf + Mesh→PC:  56%|█████▌    | 2797/5018 [5:58:05<4:47:32,  7.77s/it]
PPSurf + Mesh→PC:  56%|█████▌    | 2798/5018 [5:58:12<4:47:32,  7.77s/it]
PPSurf + Mesh→PC:  56%|█████▌    | 2799/5018 [5:58:21<4:52:13,  7.90s/it]
PPSurf + Mesh→PC:  56%|█████▌    | 2800/5018 [5:58:29<4:53:20,  7.94s/it]
PPSurf + Mesh→PC:  56%|█████▌    | 2801/5018 [5:58:36<4:52:17,  7.91s/it]
PPSurf + Mesh→PC:  56%|█████▌    | 2802/5018 [5:58:44<4:50:36,  7.87s/it]
PPSurf + Mesh→PC:  56%|█████▌    | 2803/5018 [5:58:52<4:49:48,  7.85s/it]
PPSurf + Mesh→PC:  56%|█████▌    | 2804/5018 [5:59:00<4:47:45,  7.80s/it]
PPSurf + Mesh→PC:  56%|█████▌    | 2805/5018 [5:59:08<4:51:24,  7.90s/it]
PPSurf + Mesh→PC:  56%|█████▌    | 2806/5018 [5:59:15<4:48:25,  7.82s/it]
PPSurf + Mesh→PC:  56%|█████▌    | 2807/5018 [5:59:24<4:53:21,  7.96s/it]
PPSurf + Mesh→PC:  56%|█████▌    | 2808/5018 [5:59:31<4:50:46,  7.89s/it]
PPSurf + Mesh→PC:  56%|█████▌    | 2809/5018 [5:59:39<4:52:00,  7.93s/it]
PPSurf + Mesh→PC:  56%|█████▌    | 2810/5018 [5:59:47<4:52:44,  7.95s/it]
PPSurf + Mesh→PC:  56%|█████▌    | 2811/5018 [5:59:55<4:52:02,  7.94s/it]
PPSurf + Mesh→PC:  56%|█████▌    | 2812/5018 [6:00:04<4:55:18,  8.03s/it]
PPSurf + Mesh→PC:  56%|█████▌    | 2813/5018 [6:00:11<4:50:24,  7.90s/it]
PPSurf + Mesh→PC:  56%|█████▌    | 2814/5018 [6:00:19<4:50:58,  7.92s/it]
PPSurf + Mesh→PC:  56%|█████▌    | 2815/5018 [6:00:27<4:47:27,  7.83s/it]
PPSurf + Mesh→PC:  56%|█████▌    | 2816/5018 [6:00:35<4:48:58,  7.87s/it]
PPSurf + Mesh→PC:  56%|█████▌    | 2817/5018 [6:00:42<4:44:37,  7.76s/it]
PPSurf + Mesh→PC:  56%|█████▌    | 2818/5018 [6:00:50<4:47:32,  7.84s/it]
PPSurf + Mesh→PC:  56%|█████▌    | 2819/5018 [6:00:58<4:46:28,  7.82s/it]
PPSurf + Mesh→PC:  56%|█████▌    | 2820/5018 [6:01:06<4:45:01,  7.78s/it]
PPSurf + Mesh→PC:  56%|█████▌    | 2821/5018 [6:01:14<4:47:54,  7.86s/it]
PPSurf + Mesh→PC:  56%|█████▌    | 2822/5018 [6:01:22<4:53:55,  8.03s/it]
PPSurf + Mesh→PC:  56%|█████▋    | 2823/5018 [6:01:31<4:57:58,  8.15s/it]
PPSurf + Mesh→PC:  56%|█████▋    | 2824/5018 [6:01:39<4:55:37,  8.08s/it]
PPSurf + Mesh→PC:  56%|█████▋    | 2825/5018 [6:01:47<5:00:39,  8.23s/it]
PPSurf + Mesh→PC:  56%|█████▋    | 2826/5018 [6:01:55<4:57:43,  8.15s/it]
PPSurf + Mesh→PC:  56%|█████▋    | 2827/5018 [6:02:03<4:53:26,  8.04s/it]
PPSurf + Mesh→PC:  56%|█████▋    | 2828/5018 [6:02:11<4:52:00,  8.00s/it]
PPSurf + Mesh→PC:  56%|█████▋    | 2829/5018 [6:02:19<4:49:53,  7.95s/it]
PPSurf + Mesh→PC:  56%|█████▋    | 2830/5018 [6:02:27<4:50:51,  7.98s/it]
PPSurf + Mesh→PC:  56%|█████▋    | 2831/5018 [6:02:35<4:54:07,  8.07s/it]
PPSurf + Mesh→PC:  56%|█████▋    | 2832/5018 [6:02:43<4:52:06,  8.02s/it]
PPSurf + Mesh→PC:  56%|█████▋    | 2833/5018 [6:02:51<4:56:50,  8.15s/it]
PPSurf + Mesh→PC:  56%|█████▋    | 2834/5018 [6:02:59<4:55:47,  8.13s/it]
PPSurf + Mesh→PC:  56%|█████▋    | 2835/5018 [6:03:07<4:49:17,  7.95s/it]
PPSurf + Mesh→PC:  57%|█████▋    | 2836/5018 [6:03:15<4:47:13,  7.90s/it]
PPSurf + Mesh→PC:  57%|█████▋    | 2837/5018 [6:03:22<4:42:15,  7.77s/it]
PPSurf + Mesh→PC:  57%|█████▋    | 2838/5018 [6:03:30<4:47:36,  7.92s/it]
PPSurf + Mesh→PC:  57%|█████▋    | 2839/5018 [6:03:38<4:40:33,  7.73s/it]
PPSurf + Mesh→PC:  57%|█████▋    | 2840/5018 [6:03:45<4:39:00,  7.69s/it]
PPSurf + Mesh→PC:  57%|█████▋    | 2841/5018 [6:03:53<4:40:52,  7.74s/it]
PPSurf + Mesh→PC:  57%|█████▋    | 2842/5018 [6:04:01<4:41:19,  7.76s/it]
PPSurf + Mesh→PC:  57%|█████▋    | 2843/5018 [6:04:09<4:46:01,  7.89s/it]
PPSurf + Mesh→PC:  57%|█████▋    | 2844/5018 [6:04:17<4:45:20,  7.88s/it]
PPSurf + Mesh→PC:  57%|█████▋    | 2845/5018 [6:04:25<4:45:57,  7.90s/it]
PPSurf + Mesh→PC:  57%|█████▋    | 2846/5018 [6:04:33<4:48:08,  7.96s/it]
PPSurf + Mesh→PC:  57%|█████▋    | 2847/5018 [6:04:41<4:47:40,  7.95s/it]
PPSurf + Mesh→PC:  57%|█████▋    | 2848/5018 [6:04:49<4:45:56,  7.91s/it]
PPSurf + Mesh→PC:  57%|█████▋    | 2849/5018 [6:04:56<4:42:24,  7.81s/it]
PPSurf + Mesh→PC:  57%|█████▋    | 2850/5018 [6:05:04<4:41:27,  7.79s/it]
PPSurf + Mesh→PC:  57%|█████▋    | 2851/5018 [6:05:12<4:45:55,  7.92s/it]
PPSurf + Mesh→PC:  57%|█████▋    | 2852/5018 [6:05:20<4:45:55,  7.92s/it]
PPSurf + Mesh→PC:  57%|█████▋    | 2853/5018 [6:05:28<4:42:45,  7.84s/it]
PPSurf + Mesh→PC:  57%|█████▋    | 2854/5018 [6:05:36<4:45:49,  7.92s/it]
PPSurf + Mesh→PC:  57%|█████▋    | 2855/5018 [6:05:44<4:44:39,  7.90s/it]
PPSurf + Mesh→PC:  57%|█████▋    | 2856/5018 [6:05:52<4:44:50,  7.90s/it]
PPSurf + Mesh→PC:  57%|█████▋    | 2857/5018 [6:05:59<4:41:17,  7.81s/it]
PPSurf + Mesh→PC:  57%|█████▋    | 2858/5018 [6:06:07<4:41:31,  7.82s/it]
PPSurf + Mesh→PC:  57%|█████▋    | 2859/5018 [6:06:15<4:41:21,  7.82s/it]
PPSurf + Mesh→PC:  57%|█████▋    | 2860/5018 [6:06:23<4:41:19,  7.82s/it]
PPSurf + Mesh→PC:  57%|█████▋    | 2861/5018 [6:06:31<4:39:57,  7.79s/it]
PPSurf + Mesh→PC:  57%|█████▋    | 2862/5018 [6:06:38<4:40:10,  7.80s/it]
PPSurf + Mesh→PC:  57%|█████▋    | 2863/5018 [6:06:46<4:41:14,  7.83s/it]
PPSurf + Mesh→PC:  57%|█████▋    | 2864/5018 [6:06:54<4:41:56,  7.85s/it]
PPSurf + Mesh→PC:  57%|█████▋    | 2865/5018 [6:07:02<4:42:36,  7.88s/it]
PPSurf + Mesh→PC:  57%|█████▋    | 2866/5018 [6:07:10<4:40:32,  7.82s/it]
PPSurf + Mesh→PC:  57%|█████▋    | 2867/5018 [6:07:18<4:44:28,  7.94s/it]
PPSurf + Mesh→PC:  57%|█████▋    | 2868/5018 [6:07:26<4:43:26,  7.91s/it]
PPSurf + Mesh→PC:  57%|█████▋    | 2869/5018 [6:07:34<4:43:17,  7.91s/it]
PPSurf + Mesh→PC:  57%|█████▋    | 2870/5018 [6:07:42<4:43:20,  7.91s/it]
PPSurf + Mesh→PC:  57%|█████▋    | 2871/5018 [6:07:50<4:44:13,  7.94s/it]
PPSurf + Mesh→PC:  57%|█████▋    | 2872/5018 [6:07:58<4:42:25,  7.90s/it]
PPSurf + Mesh→PC:  57%|█████▋    | 2873/5018 [6:08:06<4:44:45,  7.97s/it]
PPSurf + Mesh→PC:  57%|█████▋    | 2874/5018 [6:08:13<4:41:03,  7.87s/it]
PPSurf + Mesh→PC:  57%|█████▋    | 2875/5018 [6:08:21<4:42:06,  7.90s/it]
PPSurf + Mesh→PC:  57%|█████▋    | 2876/5018 [6:08:29<4:40:39,  7.86s/it]
PPSurf + Mesh→PC:  57%|█████▋    | 2877/5018 [6:08:37<4:39:42,  7.84s/it]
PPSurf + Mesh→PC:  57%|█████▋    | 2878/5018 [6:08:45<4:42:00,  7.91s/it]
PPSurf + Mesh→PC:  57%|█████▋    | 2879/5018 [6:08:53<4:40:14,  7.86s/it]
PPSurf + Mesh→PC:  57%|█████▋    | 2880/5018 [6:09:01<4:40:33,  7.87s/it]
PPSurf + Mesh→PC:  57%|█████▋    | 2881/5018 [6:09:08<4:40:18,  7.87s/it]
PPSurf + Mesh→PC:  57%|█████▋    | 2882/5018 [6:09:16<4:40:51,  7.89s/it]
PPSurf + Mesh→PC:  57%|█████▋    | 2883/5018 [6:09:24<4:39:24,  7.85s/it]
PPSurf + Mesh→PC:  57%|█████▋    | 2884/5018 [6:09:32<4:39:51,  7.87s/it]
PPSurf + Mesh→PC:  57%|█████▋    | 2885/5018 [6:09:40<4:36:17,  7.77s/it]
PPSurf + Mesh→PC:  58%|█████▊    | 2886/5018 [6:09:48<4:40:47,  7.90s/it]
PPSurf + Mesh→PC:  58%|█████▊    | 2887/5018 [6:10:05<6:17:49, 10.64s/it]
PPSurf + Mesh→PC:  58%|█████▊    | 2888/5018 [6:10:15<6:14:51, 10.56s/it]
PPSurf + Mesh→PC:  58%|█████▊    | 2889/5018 [6:10:26<6:21:11, 10.74s/it]
PPSurf + Mesh→PC:  58%|█████▊    | 2890/5018 [6:10:35<6:00:35, 10.17s/it]
PPSurf + Mesh→PC:  58%|█████▊    | 2891/5018 [6:10:44<5:41:16,  9.63s/it]
PPSurf + Mesh→PC:  58%|█████▊    | 2892/5018 [6:10:53<5:43:15,  9.69s/it]
PPSurf + Mesh→PC:  58%|█████▊    | 2893/5018 [6:11:02<5:33:58,  9.43s/it]
PPSurf + Mesh→PC:  58%|█████▊    | 2894/5018 [6:11:10<5:16:53,  8.95s/it]
PPSurf + Mesh→PC:  58%|█████▊    | 2895/5018 [6:11:18<5:05:57,  8.65s/it]
PPSurf + Mesh→PC:  58%|█████▊    | 2896/5018 [6:11:36<6:44:21, 11.43s/it]
PPSurf + Mesh→PC:  58%|█████▊    | 2897/5018 [6:11:49<7:05:14, 12.03s/it]
PPSurf + Mesh→PC:  58%|█████▊    | 2898/5018 [6:11:58<6:30:26, 11.05s/it]
PPSurf + Mesh→PC:  58%|█████▊    | 2899/5018 [6:12:06<6:01:56, 10.25s/it]
PPSurf + Mesh→PC:  58%|█████▊    | 2900/5018 [6:12:16<5:57:13, 10.12s/it]
PPSurf + Mesh→PC:  58%|█████▊    | 2901/5018 [6:12:24<5:29:26,  9.34s/it]
PPSurf + Mesh→PC:  58%|█████▊    | 2902/5018 [6:12:32<5:15:33,  8.95s/it]
PPSurf + Mesh→PC:  58%|█████▊    | 2903/5018 [6:12:40<5:03:50,  8.62s/it]
PPSurf + Mesh→PC:  58%|█████▊    | 2904/5018 [6:12:58<6:43:19, 11.45s/it]
PPSurf + Mesh→PC:  58%|█████▊    | 2905/5018 [6:13:06<6:09:58, 10.51s/it]
PPSurf + Mesh→PC:  58%|█████▊    | 2906/5018 [6:13:15<5:55:36, 10.10s/it]
PPSurf + Mesh→PC:  58%|█████▊    | 2907/5018 [6:13:26<6:04:11, 10.35s/it]
PPSurf + Mesh→PC:  58%|█████▊    | 2908/5018 [6:13:34<5:37:28,  9.60s/it]
PPSurf + Mesh→PC:  58%|█████▊    | 2909/5018 [6:13:48<6:28:46, 11.06s/it]
PPSurf + Mesh→PC:  58%|█████▊    | 2910/5018 [6:13:59<6:22:15, 10.88s/it]
PPSurf + Mesh→PC:  58%|█████▊    | 2911/5018 [6:14:07<5:54:25, 10.09s/it]
PPSurf + Mesh→PC:  58%|█████▊    | 2912/5018 [6:14:16<5:38:04,  9.63s/it]
PPSurf + Mesh→PC:  58%|█████▊    | 2913/5018 [6:14:25<5:30:39,  9.42s/it]
PPSurf + Mesh→PC:  58%|█████▊    | 2914/5018 [6:14:33<5:20:17,  9.13s/it]
PPSurf + Mesh→PC:  58%|█████▊    | 2915/5018 [6:14:42<5:19:30,  9.12s/it]
PPSurf + Mesh→PC:  58%|█████▊    | 2916/5018 [6:14:51<5:15:13,  9.00s/it]
PPSurf + Mesh→PC:  58%|█████▊    | 2917/5018 [6:14:59<5:06:28,  8.75s/it]
PPSurf + Mesh→PC:  58%|█████▊    | 2918/5018 [6:15:07<5:00:46,  8.59s/it]
PPSurf + Mesh→PC:  58%|█████▊    | 2919/5018 [6:15:15<4:56:14,  8.47s/it]
PPSurf + Mesh→PC:  58%|█████▊    | 2920/5018 [6:15:23<4:47:50,  8.23s/it]
PPSurf + Mesh→PC:  58%|█████▊    | 2921/5018 [6:15:32<4:49:29,  8.28s/it]
PPSurf + Mesh→PC:  58%|█████▊    | 2922/5018 [6:15:39<4:45:54,  8.18s/it]
PPSurf + Mesh→PC:  58%|█████▊    | 2923/5018 [6:15:51<5:16:28,  9.06s/it]
PPSurf + Mesh→PC:  58%|█████▊    | 2924/5018 [6:15:59<5:10:28,  8.90s/it]
PPSurf + Mesh→PC:  58%|█████▊    | 2925/5018 [6:16:07<4:57:09,  8.52s/it]
PPSurf + Mesh→PC:  58%|█████▊    | 2926/5018 [6:16:15<4:54:06,  8.44s/it]
PPSurf + Mesh→PC:  58%|█████▊    | 2927/5018 [6:16:25<5:05:22,  8.76s/it]
PPSurf + Mesh→PC:  58%|█████▊    | 2928/5018 [6:16:35<5:18:38,  9.15s/it]
PPSurf + Mesh→PC:  58%|█████▊    | 2929/5018 [6:16:43<5:11:01,  8.93s/it]
PPSurf + Mesh→PC:  58%|█████▊    | 2930/5018 [6:16:51<4:58:27,  8.58s/it]
PPSurf + Mesh→PC:  58%|█████▊    | 2931/5018 [6:16:59<4:55:33,  8.50s/it]
PPSurf + Mesh→PC:  58%|█████▊    | 2932/5018 [6:17:07<4:45:17,  8.21s/it]
PPSurf + Mesh→PC:  58%|█████▊    | 2933/5018 [6:17:15<4:51:31,  8.39s/it]
PPSurf + Mesh→PC:  58%|█████▊    | 2934/5018 [6:17:25<5:03:09,  8.73s/it]
PPSurf + Mesh→PC:  58%|█████▊    | 2935/5018 [6:17:33<4:58:47,  8.61s/it]
PPSurf + Mesh→PC:  59%|█████▊    | 2936/5018 [6:17:42<5:00:03,  8.65s/it]
PPSurf + Mesh→PC:  59%|█████▊    | 2937/5018 [6:17:51<5:07:26,  8.86s/it]
PPSurf + Mesh→PC:  59%|█████▊    | 2938/5018 [6:18:00<5:05:45,  8.82s/it]
PPSurf + Mesh→PC:  59%|█████▊    | 2939/5018 [6:18:08<5:00:40,  8.68s/it]
PPSurf + Mesh→PC:  59%|█████▊    | 2940/5018 [6:18:17<5:00:07,  8.67s/it]
PPSurf + Mesh→PC:  59%|█████▊    | 2941/5018 [6:18:26<5:05:11,  8.82s/it]
PPSurf + Mesh→PC:  59%|█████▊    | 2942/5018 [6:18:36<5:13:11,  9.05s/it]
PPSurf + Mesh→PC:  59%|█████▊    | 2943/5018 [6:18:44<5:03:14,  8.77s/it]
PPSurf + Mesh→PC:  59%|█████▊    | 2944/5018 [6:18:53<5:03:45,  8.79s/it]
PPSurf + Mesh→PC:  59%|█████▊    | 2945/5018 [6:19:01<4:57:36,  8.61s/it]
PPSurf + Mesh→PC:  59%|█████▊    | 2946/5018 [6:19:10<4:57:59,  8.63s/it]
PPSurf + Mesh→PC:  59%|█████▊    | 2947/5018 [6:19:18<4:57:16,  8.61s/it]
PPSurf + Mesh→PC:  59%|█████▊    | 2948/5018 [6:19:27<5:03:35,  8.80s/it]
PPSurf + Mesh→PC:  59%|█████▉    | 2949/5018 [6:19:35<4:50:04,  8.41s/it]
PPSurf + Mesh→PC:  59%|█████▉    | 2950/5018 [6:19:49<5:50:31, 10.17s/it]
PPSurf + Mesh→PC:  59%|█████▉    | 2951/5018 [6:19:58<5:39:52,  9.87s/it]
PPSurf + Mesh→PC:  59%|█████▉    | 2952/5018 [6:20:06<5:16:12,  9.18s/it]
PPSurf + Mesh→PC:  59%|█████▉    | 2953/5018 [6:20:15<5:18:55,  9.27s/it]
PPSurf + Mesh→PC:  59%|█████▉    | 2954/5018 [6:20:25<5:23:48,  9.41s/it]
PPSurf + Mesh→PC:  59%|█████▉    | 2955/5018 [6:20:34<5:22:09,  9.37s/it]
PPSurf + Mesh→PC:  59%|█████▉    | 2956/5018 [6:20:42<4:59:32,  8.72s/it]
PPSurf + Mesh→PC:  59%|█████▉    | 2957/5018 [6:20:50<4:57:13,  8.65s/it]
PPSurf + Mesh→PC:  59%|█████▉    | 2958/5018 [6:20:59<4:54:56,  8.59s/it]
PPSurf + Mesh→PC:  59%|█████▉    | 2959/5018 [6:21:09<5:08:25,  8.99s/it]
PPSurf + Mesh→PC:  59%|█████▉    | 2960/5018 [6:21:18<5:08:29,  8.99s/it]
PPSurf + Mesh→PC:  59%|█████▉    | 2961/5018 [6:21:26<5:04:05,  8.87s/it]
PPSurf + Mesh→PC:  59%|█████▉    | 2962/5018 [6:21:35<5:06:22,  8.94s/it]
PPSurf + Mesh→PC:  59%|█████▉    | 2963/5018 [6:21:43<4:59:08,  8.73s/it]
PPSurf + Mesh→PC:  59%|█████▉    | 2964/5018 [6:21:51<4:47:53,  8.41s/it]
PPSurf + Mesh→PC:  59%|█████▉    | 2965/5018 [6:21:59<4:43:00,  8.27s/it]
PPSurf + Mesh→PC:  59%|█████▉    | 2966/5018 [6:22:06<4:33:15,  7.99s/it]
PPSurf + Mesh→PC:  59%|█████▉    | 2967/5018 [6:22:15<4:35:37,  8.06s/it]
PPSurf + Mesh→PC:  59%|█████▉    | 2968/5018 [6:22:23<4:37:24,  8.12s/it]
PPSurf + Mesh→PC:  59%|█████▉    | 2969/5018 [6:22:31<4:33:59,  8.02s/it]
PPSurf + Mesh→PC:  59%|█████▉    | 2970/5018 [6:22:38<4:28:30,  7.87s/it]
PPSurf + Mesh→PC:  59%|█████▉    | 2971/5018 [6:22:46<4:28:22,  7.87s/it]
PPSurf + Mesh→PC:  59%|█████▉    | 2972/5018 [6:22:54<4:25:37,  7.79s/it]
PPSurf + Mesh→PC:  59%|█████▉    | 2973/5018 [6:23:02<4:26:20,  7.81s/it]
PPSurf + Mesh→PC:  59%|█████▉    | 2974/5018 [6:23:10<4:28:18,  7.88s/it]
PPSurf + Mesh→PC:  59%|█████▉    | 2975/5018 [6:23:17<4:24:14,  7.76s/it]
PPSurf + Mesh→PC:  59%|█████▉    | 2976/5018 [6:23:25<4:28:34,  7.89s/it]
PPSurf + Mesh→PC:  59%|█████▉    | 2977/5018 [6:23:38<5:20:25,  9.42s/it]
PPSurf + Mesh→PC:  59%|█████▉    | 2978/5018 [6:23:47<5:12:19,  9.19s/it]
PPSurf + Mesh→PC:  59%|█████▉    | 2979/5018 [6:23:55<5:01:18,  8.87s/it]
PPSurf + Mesh→PC:  59%|█████▉    | 2980/5018 [6:24:03<4:54:09,  8.66s/it]
PPSurf + Mesh→PC:  59%|█████▉    | 2981/5018 [6:24:11<4:48:19,  8.49s/it]
PPSurf + Mesh→PC:  59%|█████▉    | 2982/5018 [6:24:20<4:52:04,  8.61s/it]
PPSurf + Mesh→PC:  59%|█████▉    | 2983/5018 [6:24:28<4:40:03,  8.26s/it]
PPSurf + Mesh→PC:  59%|█████▉    | 2984/5018 [6:24:38<5:05:37,  9.02s/it]
PPSurf + Mesh→PC:  59%|█████▉    | 2985/5018 [6:24:46<4:52:58,  8.65s/it]
PPSurf + Mesh→PC:  60%|█████▉    | 2986/5018 [6:24:54<4:40:58,  8.30s/it]
PPSurf + Mesh→PC:  60%|█████▉    | 2987/5018 [6:25:01<4:35:57,  8.15s/it]
PPSurf + Mesh→PC:  60%|█████▉    | 2988/5018 [6:25:14<5:19:11,  9.43s/it]
PPSurf + Mesh→PC:  60%|█████▉    | 2989/5018 [6:25:30<6:31:42, 11.58s/it]
PPSurf + Mesh→PC:  60%|█████▉    | 2990/5018 [6:25:38<5:51:17, 10.39s/it]
PPSurf + Mesh→PC:  60%|█████▉    | 2991/5018 [6:25:48<5:49:01, 10.33s/it]
PPSurf + Mesh→PC:  60%|█████▉    | 2992/5018 [6:25:57<5:32:19,  9.84s/it]
PPSurf + Mesh→PC:  60%|█████▉    | 2993/5018 [6:26:06<5:19:17,  9.46s/it]
PPSurf + Mesh→PC:  60%|█████▉    | 2994/5018 [6:26:14<5:08:41,  9.15s/it]
PPSurf + Mesh→PC:  60%|█████▉    | 2995/5018 [6:26:23<5:03:28,  9.00s/it]
PPSurf + Mesh→PC:  60%|█████▉    | 2996/5018 [6:26:31<4:58:51,  8.87s/it]
PPSurf + Mesh→PC:  60%|█████▉    | 2997/5018 [6:26:41<5:05:33,  9.07s/it]
PPSurf + Mesh→PC:  60%|█████▉    | 2998/5018 [6:26:50<5:10:41,  9.23s/it]
PPSurf + Mesh→PC:  60%|█████▉    | 2999/5018 [6:27:00<5:11:11,  9.25s/it]
PPSurf + Mesh→PC:  60%|█████▉    | 3000/5018 [6:27:09<5:10:16,  9.23s/it]
PPSurf + Mesh→PC:  60%|█████▉    | 3001/5018 [6:27:18<5:10:55,  9.25s/it]
PPSurf + Mesh→PC:  60%|█████▉    | 3002/5018 [6:27:26<5:00:27,  8.94s/it]
PPSurf + Mesh→PC:  60%|█████▉    | 3003/5018 [6:27:36<5:11:01,  9.26s/it]
PPSurf + Mesh→PC:  60%|█████▉    | 3004/5018 [6:27:46<5:11:47,  9.29s/it]
PPSurf + Mesh→PC:  60%|█████▉    | 3005/5018 [6:27:54<5:03:23,  9.04s/it]
PPSurf + Mesh→PC:  60%|█████▉    | 3006/5018 [6:28:03<5:01:50,  9.00s/it]
PPSurf + Mesh→PC:  60%|█████▉    | 3007/5018 [6:28:12<5:02:13,  9.02s/it]
PPSurf + Mesh→PC:  60%|█████▉    | 3008/5018 [6:28:21<5:00:42,  8.98s/it]
PPSurf + Mesh→PC:  60%|█████▉    | 3009/5018 [6:28:29<4:49:32,  8.65s/it]
PPSurf + Mesh→PC:  60%|█████▉    | 3010/5018 [6:28:38<4:52:01,  8.73s/it]
PPSurf + Mesh→PC:  60%|██████    | 3011/5018 [6:28:47<4:55:16,  8.83s/it]
PPSurf + Mesh→PC:  60%|██████    | 3012/5018 [6:28:54<4:41:37,  8.42s/it]
PPSurf + Mesh→PC:  60%|██████    | 3013/5018 [6:29:04<4:52:00,  8.74s/it]
PPSurf + Mesh→PC:  60%|██████    | 3014/5018 [6:29:13<4:52:10,  8.75s/it]
PPSurf + Mesh→PC:  60%|██████    | 3015/5018 [6:29:21<4:52:02,  8.75s/it]
PPSurf + Mesh→PC:  60%|██████    | 3016/5018 [6:29:30<4:54:30,  8.83s/it]
PPSurf + Mesh→PC:  60%|██████    | 3017/5018 [6:29:39<4:51:37,  8.74s/it]
PPSurf + Mesh→PC:  60%|██████    | 3018/5018 [6:29:48<4:52:00,  8.76s/it]
PPSurf + Mesh→PC:  60%|██████    | 3019/5018 [6:29:56<4:49:45,  8.70s/it]
PPSurf + Mesh→PC:  60%|██████    | 3020/5018 [6:30:06<4:55:56,  8.89s/it]
PPSurf + Mesh→PC:  60%|██████    | 3021/5018 [6:30:15<5:04:44,  9.16s/it]
PPSurf + Mesh→PC:  60%|██████    | 3022/5018 [6:30:24<4:58:32,  8.97s/it]
PPSurf + Mesh→PC:  60%|██████    | 3023/5018 [6:30:33<4:57:27,  8.95s/it]
PPSurf + Mesh→PC:  60%|██████    | 3024/5018 [6:30:41<4:50:55,  8.75s/it]
PPSurf + Mesh→PC:  60%|██████    | 3025/5018 [6:30:49<4:46:22,  8.62s/it]
PPSurf + Mesh→PC:  60%|██████    | 3026/5018 [6:30:58<4:45:54,  8.61s/it]
PPSurf + Mesh→PC:  60%|██████    | 3027/5018 [6:31:07<4:45:38,  8.61s/it]
PPSurf + Mesh→PC:  60%|██████    | 3028/5018 [6:31:16<4:55:39,  8.91s/it]
PPSurf + Mesh→PC:  60%|██████    | 3029/5018 [6:31:25<4:55:49,  8.92s/it]
PPSurf + Mesh→PC:  60%|██████    | 3030/5018 [6:31:34<4:55:18,  8.91s/it]
PPSurf + Mesh→PC:  60%|██████    | 3031/5018 [6:31:43<4:58:37,  9.02s/it]
PPSurf + Mesh→PC:  60%|██████    | 3032/5018 [6:31:53<5:09:43,  9.36s/it]
PPSurf + Mesh→PC:  60%|██████    | 3033/5018 [6:32:01<4:56:11,  8.95s/it]
PPSurf + Mesh→PC:  60%|██████    | 3034/5018 [6:32:11<4:59:18,  9.05s/it]
PPSurf + Mesh→PC:  60%|██████    | 3035/5018 [6:32:18<4:45:11,  8.63s/it]
PPSurf + Mesh→PC:  61%|██████    | 3036/5018 [6:32:27<4:41:29,  8.52s/it]
PPSurf + Mesh→PC:  61%|██████    | 3037/5018 [6:32:35<4:34:56,  8.33s/it]
PPSurf + Mesh→PC:  61%|██████    | 3038/5018 [6:32:43<4:39:28,  8.47s/it]
PPSurf + Mesh→PC:  61%|██████    | 3039/5018 [6:32:52<4:38:38,  8.45s/it]
PPSurf + Mesh→PC:  61%|██████    | 3040/5018 [6:33:03<5:06:18,  9.29s/it]
PPSurf + Mesh→PC:  61%|██████    | 3041/5018 [6:33:11<4:55:05,  8.96s/it]
PPSurf + Mesh→PC:  61%|██████    | 3042/5018 [6:33:20<4:50:21,  8.82s/it]
PPSurf + Mesh→PC:  61%|██████    | 3043/5018 [6:33:28<4:43:42,  8.62s/it]
PPSurf + Mesh→PC:  61%|██████    | 3044/5018 [6:33:38<5:00:18,  9.13s/it]
PPSurf + Mesh→PC:  61%|██████    | 3045/5018 [6:33:47<4:57:40,  9.05s/it]
PPSurf + Mesh→PC:  61%|██████    | 3046/5018 [6:33:55<4:49:16,  8.80s/it]
PPSurf + Mesh→PC:  61%|██████    | 3047/5018 [6:34:04<4:53:38,  8.94s/it]
PPSurf + Mesh→PC:  61%|██████    | 3048/5018 [6:34:13<4:53:58,  8.95s/it]
PPSurf + Mesh→PC:  61%|██████    | 3049/5018 [6:34:22<4:52:41,  8.92s/it]
PPSurf + Mesh→PC:  61%|██████    | 3050/5018 [6:34:31<4:49:12,  8.82s/it]
PPSurf + Mesh→PC:  61%|██████    | 3051/5018 [6:34:39<4:43:51,  8.66s/it]
PPSurf + Mesh→PC:  61%|██████    | 3052/5018 [6:34:48<4:43:39,  8.66s/it]
PPSurf + Mesh→PC:  61%|██████    | 3053/5018 [6:35:02<5:40:50, 10.41s/it]
PPSurf + Mesh→PC:  61%|██████    | 3054/5018 [6:35:11<5:25:30,  9.94s/it]
PPSurf + Mesh→PC:  61%|██████    | 3055/5018 [6:35:21<5:21:50,  9.84s/it]
PPSurf + Mesh→PC:  61%|██████    | 3056/5018 [6:35:30<5:11:41,  9.53s/it]
PPSurf + Mesh→PC:  61%|██████    | 3057/5018 [6:35:52<7:19:40, 13.45s/it]
PPSurf + Mesh→PC:  61%|██████    | 3058/5018 [6:36:01<6:34:46, 12.08s/it]
PPSurf + Mesh→PC:  61%|██████    | 3059/5018 [6:36:10<6:01:15, 11.06s/it]
PPSurf + Mesh→PC:  61%|██████    | 3060/5018 [6:36:19<5:40:19, 10.43s/it]
PPSurf + Mesh→PC:  61%|██████    | 3061/5018 [6:36:27<5:17:10,  9.72s/it]
PPSurf + Mesh→PC:  61%|██████    | 3062/5018 [6:36:35<5:02:03,  9.27s/it]
PPSurf + Mesh→PC:  61%|██████    | 3063/5018 [6:36:44<5:02:52,  9.30s/it]
PPSurf + Mesh→PC:  61%|██████    | 3064/5018 [6:36:54<5:06:46,  9.42s/it]
PPSurf + Mesh→PC:  61%|██████    | 3065/5018 [6:37:03<5:03:08,  9.31s/it]
PPSurf + Mesh→PC:  61%|██████    | 3066/5018 [6:37:11<4:49:24,  8.90s/it]
PPSurf + Mesh→PC:  61%|██████    | 3067/5018 [6:37:21<4:54:57,  9.07s/it]
PPSurf + Mesh→PC:  61%|██████    | 3068/5018 [6:37:31<5:07:28,  9.46s/it]
PPSurf + Mesh→PC:  61%|██████    | 3069/5018 [6:37:39<4:55:50,  9.11s/it]
PPSurf + Mesh→PC:  61%|██████    | 3070/5018 [6:37:48<4:54:44,  9.08s/it]
PPSurf + Mesh→PC:  61%|██████    | 3071/5018 [6:37:57<4:56:16,  9.13s/it]
PPSurf + Mesh→PC:  61%|██████    | 3072/5018 [6:38:06<4:52:58,  9.03s/it]
PPSurf + Mesh→PC:  61%|██████    | 3073/5018 [6:38:14<4:39:18,  8.62s/it]
PPSurf + Mesh→PC:  61%|██████▏   | 3074/5018 [6:38:24<4:49:20,  8.93s/it]
PPSurf + Mesh→PC:  61%|██████▏   | 3075/5018 [6:38:32<4:47:55,  8.89s/it]
PPSurf + Mesh→PC:  61%|██████▏   | 3076/5018 [6:38:40<4:37:58,  8.59s/it]
PPSurf + Mesh→PC:  61%|██████▏   | 3077/5018 [6:38:48<4:33:11,  8.44s/it]
PPSurf + Mesh→PC:  61%|██████▏   | 3078/5018 [6:38:58<4:45:47,  8.84s/it]
PPSurf + Mesh→PC:  61%|██████▏   | 3079/5018 [6:39:06<4:41:14,  8.70s/it]
PPSurf + Mesh→PC:  61%|██████▏   | 3080/5018 [6:39:15<4:40:33,  8.69s/it]
PPSurf + Mesh→PC:  61%|██████▏   | 3081/5018 [6:39:24<4:40:06,  8.68s/it]
PPSurf + Mesh→PC:  61%|██████▏   | 3082/5018 [6:39:32<4:39:54,  8.68s/it]
PPSurf + Mesh→PC:  61%|██████▏   | 3083/5018 [6:39:41<4:40:44,  8.71s/it]
PPSurf + Mesh→PC:  61%|██████▏   | 3084/5018 [6:39:52<5:04:16,  9.44s/it]
PPSurf + Mesh→PC:  61%|██████▏   | 3085/5018 [6:40:02<5:02:25,  9.39s/it]
PPSurf + Mesh→PC:  61%|██████▏   | 3086/5018 [6:40:11<4:57:08,  9.23s/it]
PPSurf + Mesh→PC:  62%|██████▏   | 3087/5018 [6:40:20<4:58:37,  9.28s/it]
PPSurf + Mesh→PC:  62%|██████▏   | 3088/5018 [6:40:29<4:56:17,  9.21s/it]
PPSurf + Mesh→PC:  62%|██████▏   | 3089/5018 [6:40:37<4:49:44,  9.01s/it]
PPSurf + Mesh→PC:  62%|██████▏   | 3090/5018 [6:40:46<4:40:10,  8.72s/it]
PPSurf + Mesh→PC:  62%|██████▏   | 3091/5018 [6:40:54<4:38:52,  8.68s/it]
PPSurf + Mesh→PC:  62%|██████▏   | 3092/5018 [6:41:04<4:52:55,  9.13s/it]
PPSurf + Mesh→PC:  62%|██████▏   | 3093/5018 [6:41:14<4:53:48,  9.16s/it]
PPSurf + Mesh→PC:  62%|██████▏   | 3094/5018 [6:41:22<4:48:38,  9.00s/it]
PPSurf + Mesh→PC:  62%|██████▏   | 3095/5018 [6:41:32<4:53:46,  9.17s/it]
PPSurf + Mesh→PC:  62%|██████▏   | 3096/5018 [6:41:41<4:51:05,  9.09s/it]
PPSurf + Mesh→PC:  62%|██████▏   | 3097/5018 [6:41:50<4:57:42,  9.30s/it]
PPSurf + Mesh→PC:  62%|██████▏   | 3098/5018 [6:41:59<4:52:36,  9.14s/it]
PPSurf + Mesh→PC:  62%|██████▏   | 3099/5018 [6:42:10<5:05:31,  9.55s/it]
PPSurf + Mesh→PC:  62%|██████▏   | 3100/5018 [6:42:18<4:57:45,  9.31s/it]
PPSurf + Mesh→PC:  62%|██████▏   | 3101/5018 [6:42:27<4:49:20,  9.06s/it]
PPSurf + Mesh→PC:  62%|██████▏   | 3102/5018 [6:42:35<4:43:34,  8.88s/it]
PPSurf + Mesh→PC:  62%|██████▏   | 3103/5018 [6:42:44<4:38:23,  8.72s/it]
PPSurf + Mesh→PC:  62%|██████▏   | 3104/5018 [6:42:52<4:31:40,  8.52s/it]
PPSurf + Mesh→PC:  62%|██████▏   | 3105/5018 [6:43:01<4:34:08,  8.60s/it]
PPSurf + Mesh→PC:  62%|██████▏   | 3106/5018 [6:43:10<4:39:09,  8.76s/it]
PPSurf + Mesh→PC:  62%|██████▏   | 3107/5018 [6:43:19<4:42:58,  8.88s/it]
PPSurf + Mesh→PC:  62%|██████▏   | 3108/5018 [6:43:28<4:43:30,  8.91s/it]
PPSurf + Mesh→PC:  62%|██████▏   | 3109/5018 [6:43:36<4:40:10,  8.81s/it]
PPSurf + Mesh→PC:  62%|██████▏   | 3110/5018 [6:43:45<4:36:45,  8.70s/it]
PPSurf + Mesh→PC:  62%|██████▏   | 3111/5018 [6:43:53<4:34:02,  8.62s/it]
PPSurf + Mesh→PC:  62%|██████▏   | 3112/5018 [6:44:06<5:13:40,  9.87s/it]
PPSurf + Mesh→PC:  62%|██████▏   | 3113/5018 [6:44:15<5:08:01,  9.70s/it]
PPSurf + Mesh→PC:  62%|██████▏   | 3114/5018 [6:44:25<5:04:08,  9.58s/it]
PPSurf + Mesh→PC:  62%|██████▏   | 3115/5018 [6:44:34<4:59:54,  9.46s/it]
PPSurf + Mesh→PC:  62%|██████▏   | 3116/5018 [6:44:42<4:49:52,  9.14s/it]
PPSurf + Mesh→PC:  62%|██████▏   | 3117/5018 [6:44:51<4:45:33,  9.01s/it]
PPSurf + Mesh→PC:  62%|██████▏   | 3118/5018 [6:45:00<4:43:45,  8.96s/it]
PPSurf + Mesh→PC:  62%|██████▏   | 3119/5018 [6:45:09<4:49:33,  9.15s/it]
PPSurf + Mesh→PC:  62%|██████▏   | 3120/5018 [6:45:19<4:57:17,  9.40s/it]
PPSurf + Mesh→PC:  62%|██████▏   | 3121/5018 [6:45:27<4:43:16,  8.96s/it]
PPSurf + Mesh→PC:  62%|██████▏   | 3122/5018 [6:45:37<4:52:09,  9.25s/it]
PPSurf + Mesh→PC:  62%|██████▏   | 3123/5018 [6:46:01<7:05:58, 13.49s/it]
PPSurf + Mesh→PC:  62%|██████▏   | 3124/5018 [6:46:09<6:14:25, 11.86s/it]
PPSurf + Mesh→PC:  62%|██████▏   | 3125/5018 [6:46:18<5:52:22, 11.17s/it]
PPSurf + Mesh→PC:  62%|██████▏   | 3126/5018 [6:46:27<5:32:45, 10.55s/it]
PPSurf + Mesh→PC:  62%|██████▏   | 3127/5018 [6:46:35<5:03:43,  9.64s/it]
PPSurf + Mesh→PC:  62%|██████▏   | 3128/5018 [6:46:47<5:26:24, 10.36s/it]
PPSurf + Mesh→PC:  62%|██████▏   | 3129/5018 [6:46:56<5:17:26, 10.08s/it]
PPSurf + Mesh→PC:  62%|██████▏   | 3130/5018 [6:47:04<4:54:55,  9.37s/it]
PPSurf + Mesh→PC:  62%|██████▏   | 3131/5018 [6:47:38<8:46:26, 16.74s/it]
PPSurf + Mesh→PC:  62%|██████▏   | 3132/5018 [6:47:46<7:21:42, 14.05s/it]
PPSurf + Mesh→PC:  62%|██████▏   | 3133/5018 [6:47:55<6:34:15, 12.55s/it]
PPSurf + Mesh→PC:  62%|██████▏   | 3134/5018 [6:48:12<7:15:09, 13.86s/it]
PPSurf + Mesh→PC:  62%|██████▏   | 3135/5018 [6:48:21<6:33:59, 12.55s/it]
PPSurf + Mesh→PC:  62%|██████▏   | 3136/5018 [6:48:31<6:12:00, 11.86s/it]
PPSurf + Mesh→PC:  63%|██████▎   | 3137/5018 [6:48:39<5:34:48, 10.68s/it]
PPSurf + Mesh→PC:  63%|██████▎   | 3138/5018 [6:48:48<5:11:49,  9.95s/it]
PPSurf + Mesh→PC:  63%|██████▎   | 3139/5018 [6:49:03<5:58:45, 11.46s/it]
PPSurf + Mesh→PC:  63%|██████▎   | 3140/5018 [6:49:11<5:29:21, 10.52s/it]
PPSurf + Mesh→PC:  63%|██████▎   | 3141/5018 [6:49:19<5:10:18,  9.92s/it]
PPSurf + Mesh→PC:  63%|██████▎   | 3142/5018 [6:49:29<5:08:00,  9.85s/it]
PPSurf + Mesh→PC:  63%|██████▎   | 3143/5018 [6:49:38<4:54:11,  9.41s/it]
PPSurf + Mesh→PC:  63%|██████▎   | 3144/5018 [6:49:50<5:25:35, 10.42s/it]
PPSurf + Mesh→PC:  63%|██████▎   | 3145/5018 [6:49:58<4:59:32,  9.60s/it]
PPSurf + Mesh→PC:  63%|██████▎   | 3146/5018 [6:50:06<4:40:00,  8.97s/it]
PPSurf + Mesh→PC:  63%|██████▎   | 3147/5018 [6:50:14<4:33:25,  8.77s/it]
PPSurf + Mesh→PC:  63%|██████▎   | 3148/5018 [6:50:22<4:31:58,  8.73s/it]
PPSurf + Mesh→PC:  63%|██████▎   | 3149/5018 [6:50:31<4:29:16,  8.64s/it]
PPSurf + Mesh→PC:  63%|██████▎   | 3150/5018 [6:50:42<4:53:14,  9.42s/it]
PPSurf + Mesh→PC:  63%|██████▎   | 3151/5018 [6:50:54<5:17:18, 10.20s/it]
PPSurf + Mesh→PC:  63%|██████▎   | 3152/5018 [6:51:03<5:08:50,  9.93s/it]
PPSurf + Mesh→PC:  63%|██████▎   | 3153/5018 [6:51:12<4:58:25,  9.60s/it]
PPSurf + Mesh→PC:  63%|██████▎   | 3154/5018 [6:51:21<4:50:35,  9.35s/it]
PPSurf + Mesh→PC:  63%|██████▎   | 3155/5018 [6:51:30<4:49:31,  9.32s/it]
PPSurf + Mesh→PC:  63%|██████▎   | 3156/5018 [6:51:38<4:37:29,  8.94s/it]
PPSurf + Mesh→PC:  63%|██████▎   | 3157/5018 [6:51:47<4:34:16,  8.84s/it]
PPSurf + Mesh→PC:  63%|██████▎   | 3158/5018 [6:51:54<4:21:12,  8.43s/it]
PPSurf + Mesh→PC:  63%|██████▎   | 3159/5018 [6:52:06<4:46:19,  9.24s/it]
PPSurf + Mesh→PC:  63%|██████▎   | 3160/5018 [6:52:14<4:38:16,  8.99s/it]
PPSurf + Mesh→PC:  63%|██████▎   | 3161/5018 [6:52:23<4:43:03,  9.15s/it]
PPSurf + Mesh→PC:  63%|██████▎   | 3162/5018 [6:52:32<4:36:38,  8.94s/it]
PPSurf + Mesh→PC:  63%|██████▎   | 3163/5018 [6:52:45<5:18:51, 10.31s/it]
PPSurf + Mesh→PC:  63%|██████▎   | 3164/5018 [6:52:53<4:56:14,  9.59s/it]
PPSurf + Mesh→PC:  63%|██████▎   | 3165/5018 [6:53:20<7:32:40, 14.66s/it]
PPSurf + Mesh→PC:  63%|██████▎   | 3166/5018 [6:53:28<6:30:17, 12.64s/it]
PPSurf + Mesh→PC:  63%|██████▎   | 3167/5018 [6:53:36<5:50:34, 11.36s/it]
PPSurf + Mesh→PC:  63%|██████▎   | 3168/5018 [6:53:45<5:25:42, 10.56s/it]
PPSurf + Mesh→PC:  63%|██████▎   | 3169/5018 [6:53:53<5:04:51,  9.89s/it]
PPSurf + Mesh→PC:  63%|██████▎   | 3170/5018 [6:54:03<5:07:51, 10.00s/it]
PPSurf + Mesh→PC:  63%|██████▎   | 3171/5018 [6:54:11<4:46:28,  9.31s/it]
PPSurf + Mesh→PC:  63%|██████▎   | 3172/5018 [6:54:29<6:07:32, 11.95s/it]
PPSurf + Mesh→PC:  63%|██████▎   | 3173/5018 [6:54:39<5:48:02, 11.32s/it]
PPSurf + Mesh→PC:  63%|██████▎   | 3174/5018 [6:54:47<5:15:26, 10.26s/it]
PPSurf + Mesh→PC:  63%|██████▎   | 3175/5018 [6:54:56<5:00:16,  9.78s/it]
PPSurf + Mesh→PC:  63%|██████▎   | 3176/5018 [6:55:05<4:54:12,  9.58s/it]
PPSurf + Mesh→PC:  63%|██████▎   | 3177/5018 [6:55:15<5:01:58,  9.84s/it]
PPSurf + Mesh→PC:  63%|██████▎   | 3178/5018 [6:55:24<4:56:00,  9.65s/it]
PPSurf + Mesh→PC:  63%|██████▎   | 3179/5018 [6:55:33<4:48:24,  9.41s/it]
PPSurf + Mesh→PC:  63%|██████▎   | 3180/5018 [6:55:41<4:36:15,  9.02s/it]
PPSurf + Mesh→PC:  63%|██████▎   | 3181/5018 [6:55:50<4:35:17,  8.99s/it]
PPSurf + Mesh→PC:  63%|██████▎   | 3182/5018 [6:55:58<4:26:18,  8.70s/it]
PPSurf + Mesh→PC:  63%|██████▎   | 3183/5018 [6:56:07<4:28:05,  8.77s/it]
PPSurf + Mesh→PC:  63%|██████▎   | 3184/5018 [6:56:16<4:30:46,  8.86s/it]
PPSurf + Mesh→PC:  63%|██████▎   | 3185/5018 [6:56:25<4:27:16,  8.75s/it]
PPSurf + Mesh→PC:  63%|██████▎   | 3186/5018 [6:56:33<4:24:54,  8.68s/it]
PPSurf + Mesh→PC:  64%|██████▎   | 3187/5018 [6:56:42<4:27:00,  8.75s/it]
PPSurf + Mesh→PC:  64%|██████▎   | 3188/5018 [6:56:50<4:18:03,  8.46s/it]
PPSurf + Mesh→PC:  64%|██████▎   | 3189/5018 [6:57:00<4:31:05,  8.89s/it]
PPSurf + Mesh→PC:  64%|██████▎   | 3190/5018 [6:57:09<4:34:38,  9.01s/it]
PPSurf + Mesh→PC:  64%|██████▎   | 3191/5018 [6:57:18<4:34:36,  9.02s/it]
PPSurf + Mesh→PC:  64%|██████▎   | 3192/5018 [6:57:27<4:34:22,  9.02s/it]
PPSurf + Mesh→PC:  64%|██████▎   | 3193/5018 [6:57:38<4:49:42,  9.52s/it]
PPSurf + Mesh→PC:  64%|██████▎   | 3194/5018 [6:57:46<4:38:31,  9.16s/it]
PPSurf + Mesh→PC:  64%|██████▎   | 3195/5018 [6:57:53<4:21:13,  8.60s/it]
PPSurf + Mesh→PC:  64%|██████▎   | 3196/5018 [6:58:05<4:52:05,  9.62s/it]
PPSurf + Mesh→PC:  64%|██████▎   | 3197/5018 [6:58:15<4:47:08,  9.46s/it]
PPSurf + Mesh→PC:  64%|██████▎   | 3198/5018 [6:58:32<6:02:09, 11.94s/it]
PPSurf + Mesh→PC:  64%|██████▍   | 3199/5018 [6:58:41<5:33:50, 11.01s/it]
PPSurf + Mesh→PC:  64%|██████▍   | 3200/5018 [6:58:50<5:12:44, 10.32s/it]
PPSurf + Mesh→PC:  64%|██████▍   | 3201/5018 [6:58:58<4:55:15,  9.75s/it]
PPSurf + Mesh→PC:  64%|██████▍   | 3202/5018 [6:59:07<4:44:16,  9.39s/it]
PPSurf + Mesh→PC:  64%|██████▍   | 3203/5018 [6:59:15<4:34:47,  9.08s/it]
PPSurf + Mesh→PC:  64%|██████▍   | 3204/5018 [6:59:23<4:23:36,  8.72s/it]
PPSurf + Mesh→PC:  64%|██████▍   | 3205/5018 [6:59:34<4:40:52,  9.30s/it]
PPSurf + Mesh→PC:  64%|██████▍   | 3206/5018 [6:59:41<4:25:04,  8.78s/it]
PPSurf + Mesh→PC:  64%|██████▍   | 3207/5018 [6:59:50<4:20:29,  8.63s/it]
PPSurf + Mesh→PC:  64%|██████▍   | 3208/5018 [6:59:58<4:17:09,  8.52s/it]
PPSurf + Mesh→PC:  64%|██████▍   | 3209/5018 [7:00:11<4:57:03,  9.85s/it]
PPSurf + Mesh→PC:  64%|██████▍   | 3210/5018 [7:00:20<4:49:06,  9.59s/it]
PPSurf + Mesh→PC:  64%|██████▍   | 3211/5018 [7:00:28<4:37:25,  9.21s/it]
PPSurf + Mesh→PC:  64%|██████▍   | 3212/5018 [7:00:37<4:31:49,  9.03s/it]
PPSurf + Mesh→PC:  64%|██████▍   | 3213/5018 [7:00:46<4:35:28,  9.16s/it]
PPSurf + Mesh→PC:  64%|██████▍   | 3214/5018 [7:00:55<4:36:49,  9.21s/it]
PPSurf + Mesh→PC:  64%|██████▍   | 3215/5018 [7:01:04<4:33:23,  9.10s/it]
PPSurf + Mesh→PC:  64%|██████▍   | 3216/5018 [7:01:15<4:47:09,  9.56s/it]
PPSurf + Mesh→PC:  64%|██████▍   | 3217/5018 [7:01:24<4:41:28,  9.38s/it]
PPSurf + Mesh→PC:  64%|██████▍   | 3218/5018 [7:01:33<4:36:13,  9.21s/it]
PPSurf + Mesh→PC:  64%|██████▍   | 3219/5018 [7:01:41<4:30:16,  9.01s/it]
PPSurf + Mesh→PC:  64%|██████▍   | 3220/5018 [7:01:50<4:28:13,  8.95s/it]
PPSurf + Mesh→PC:  64%|██████▍   | 3221/5018 [7:01:59<4:27:32,  8.93s/it]
PPSurf + Mesh→PC:  64%|██████▍   | 3222/5018 [7:02:08<4:24:48,  8.85s/it]
PPSurf + Mesh→PC:  64%|██████▍   | 3223/5018 [7:02:17<4:27:22,  8.94s/it]
PPSurf + Mesh→PC:  64%|██████▍   | 3224/5018 [7:02:26<4:32:38,  9.12s/it]
PPSurf + Mesh→PC:  64%|██████▍   | 3225/5018 [7:02:41<5:25:16, 10.88s/it]
PPSurf + Mesh→PC:  64%|██████▍   | 3226/5018 [7:03:09<7:54:57, 15.90s/it]
PPSurf + Mesh→PC:  64%|██████▍   | 3227/5018 [7:03:18<6:52:57, 13.83s/it]
PPSurf + Mesh→PC:  64%|██████▍   | 3228/5018 [7:03:26<6:02:50, 12.16s/it]
PPSurf + Mesh→PC:  64%|██████▍   | 3229/5018 [7:03:37<5:54:24, 11.89s/it]
PPSurf + Mesh→PC:  64%|██████▍   | 3230/5018 [7:03:48<5:39:14, 11.38s/it]
PPSurf + Mesh→PC:  64%|██████▍   | 3231/5018 [7:03:59<5:36:30, 11.30s/it]
PPSurf + Mesh→PC:  64%|██████▍   | 3232/5018 [7:04:08<5:19:50, 10.75s/it]
PPSurf + Mesh→PC:  64%|██████▍   | 3233/5018 [7:04:17<4:58:46, 10.04s/it]
PPSurf + Mesh→PC:  64%|██████▍   | 3234/5018 [7:04:26<4:56:35,  9.97s/it]
PPSurf + Mesh→PC:  64%|██████▍   | 3235/5018 [7:04:36<4:50:10,  9.76s/it]
PPSurf + Mesh→PC:  64%|██████▍   | 3236/5018 [7:04:46<4:51:51,  9.83s/it]
PPSurf + Mesh→PC:  65%|██████▍   | 3237/5018 [7:04:54<4:40:46,  9.46s/it]
PPSurf + Mesh→PC:  65%|██████▍   | 3238/5018 [7:05:03<4:37:45,  9.36s/it]
PPSurf + Mesh→PC:  65%|██████▍   | 3239/5018 [7:05:12<4:30:13,  9.11s/it]
PPSurf + Mesh→PC:  65%|██████▍   | 3240/5018 [7:05:20<4:19:19,  8.75s/it]
PPSurf + Mesh→PC:  65%|██████▍   | 3241/5018 [7:05:28<4:15:05,  8.61s/it]
PPSurf + Mesh→PC:  65%|██████▍   | 3242/5018 [7:05:36<4:08:04,  8.38s/it]
PPSurf + Mesh→PC:  65%|██████▍   | 3243/5018 [7:05:45<4:11:53,  8.51s/it]
PPSurf + Mesh→PC:  65%|██████▍   | 3244/5018 [7:05:56<4:34:46,  9.29s/it]
PPSurf + Mesh→PC:  65%|██████▍   | 3245/5018 [7:06:04<4:24:17,  8.94s/it]
PPSurf + Mesh→PC:  65%|██████▍   | 3246/5018 [7:06:14<4:35:02,  9.31s/it]
PPSurf + Mesh→PC:  65%|██████▍   | 3247/5018 [7:06:23<4:30:07,  9.15s/it]
PPSurf + Mesh→PC:  65%|██████▍   | 3248/5018 [7:06:33<4:34:01,  9.29s/it]
PPSurf + Mesh→PC:  65%|██████▍   | 3249/5018 [7:06:41<4:28:49,  9.12s/it]
PPSurf + Mesh→PC:  65%|██████▍   | 3250/5018 [7:06:49<4:20:07,  8.83s/it]
PPSurf + Mesh→PC:  65%|██████▍   | 3251/5018 [7:06:57<4:05:28,  8.34s/it]
PPSurf + Mesh→PC:  65%|██████▍   | 3252/5018 [7:07:05<4:03:29,  8.27s/it]
PPSurf + Mesh→PC:  65%|██████▍   | 3253/5018 [7:07:12<3:55:54,  8.02s/it]
PPSurf + Mesh→PC:  65%|██████▍   | 3254/5018 [7:07:21<4:02:32,  8.25s/it]
PPSurf + Mesh→PC:  65%|██████▍   | 3255/5018 [7:07:30<4:09:39,  8.50s/it]
PPSurf + Mesh→PC:  65%|██████▍   | 3256/5018 [7:07:39<4:14:31,  8.67s/it]
PPSurf + Mesh→PC:  65%|██████▍   | 3257/5018 [7:07:47<4:10:17,  8.53s/it]
PPSurf + Mesh→PC:  65%|██████▍   | 3258/5018 [7:07:55<4:05:09,  8.36s/it]
PPSurf + Mesh→PC:  65%|██████▍   | 3259/5018 [7:08:05<4:12:42,  8.62s/it]
PPSurf + Mesh→PC:  65%|██████▍   | 3260/5018 [7:08:16<4:42:05,  9.63s/it]
PPSurf + Mesh→PC:  65%|██████▍   | 3261/5018 [7:08:25<4:35:04,  9.39s/it]
PPSurf + Mesh→PC:  65%|██████▌   | 3262/5018 [7:08:34<4:28:27,  9.17s/it]
PPSurf + Mesh→PC:  65%|██████▌   | 3263/5018 [7:08:43<4:23:20,  9.00s/it]
PPSurf + Mesh→PC:  65%|██████▌   | 3264/5018 [7:08:51<4:19:30,  8.88s/it]
PPSurf + Mesh→PC:  65%|██████▌   | 3265/5018 [7:09:00<4:19:38,  8.89s/it]
PPSurf + Mesh→PC:  65%|██████▌   | 3266/5018 [7:09:16<5:17:25, 10.87s/it]
PPSurf + Mesh→PC:  65%|██████▌   | 3267/5018 [7:09:24<4:57:04, 10.18s/it]
PPSurf + Mesh→PC:  65%|██████▌   | 3268/5018 [7:09:33<4:43:52,  9.73s/it]
PPSurf + Mesh→PC:  65%|██████▌   | 3269/5018 [7:09:41<4:33:43,  9.39s/it]
PPSurf + Mesh→PC:  65%|██████▌   | 3270/5018 [7:09:50<4:30:06,  9.27s/it]
PPSurf + Mesh→PC:  65%|██████▌   | 3271/5018 [7:09:59<4:25:45,  9.13s/it]
PPSurf + Mesh→PC:  65%|██████▌   | 3272/5018 [7:10:08<4:18:07,  8.87s/it]
PPSurf + Mesh→PC:  65%|██████▌   | 3273/5018 [7:10:16<4:14:01,  8.73s/it]
PPSurf + Mesh→PC:  65%|██████▌   | 3274/5018 [7:10:24<4:10:57,  8.63s/it]
PPSurf + Mesh→PC:  65%|██████▌   | 3275/5018 [7:10:33<4:13:47,  8.74s/it]
PPSurf + Mesh→PC:  65%|██████▌   | 3276/5018 [7:10:42<4:12:17,  8.69s/it]
PPSurf + Mesh→PC:  65%|██████▌   | 3277/5018 [7:10:51<4:14:29,  8.77s/it]
PPSurf + Mesh→PC:  65%|██████▌   | 3278/5018 [7:11:02<4:37:23,  9.57s/it]
PPSurf + Mesh→PC:  65%|██████▌   | 3279/5018 [7:11:11<4:27:02,  9.21s/it]
PPSurf + Mesh→PC:  65%|██████▌   | 3280/5018 [7:11:19<4:19:46,  8.97s/it]
PPSurf + Mesh→PC:  65%|██████▌   | 3281/5018 [7:11:28<4:16:17,  8.85s/it]
PPSurf + Mesh→PC:  65%|██████▌   | 3282/5018 [7:11:35<4:07:09,  8.54s/it]
PPSurf + Mesh→PC:  65%|██████▌   | 3283/5018 [7:11:44<4:06:09,  8.51s/it]
PPSurf + Mesh→PC:  65%|██████▌   | 3284/5018 [7:11:52<4:02:45,  8.40s/it]
PPSurf + Mesh→PC:  65%|██████▌   | 3285/5018 [7:12:01<4:08:57,  8.62s/it]
PPSurf + Mesh→PC:  65%|██████▌   | 3286/5018 [7:12:11<4:17:14,  8.91s/it]
PPSurf + Mesh→PC:  66%|██████▌   | 3287/5018 [7:12:20<4:22:33,  9.10s/it]
PPSurf + Mesh→PC:  66%|██████▌   | 3288/5018 [7:12:36<5:17:45, 11.02s/it]
PPSurf + Mesh→PC:  66%|██████▌   | 3289/5018 [7:12:44<4:54:41, 10.23s/it]
PPSurf + Mesh→PC:  66%|██████▌   | 3290/5018 [7:12:54<4:50:07, 10.07s/it]
PPSurf + Mesh→PC:  66%|██████▌   | 3291/5018 [7:13:04<4:46:47,  9.96s/it]
PPSurf + Mesh→PC:  66%|██████▌   | 3292/5018 [7:13:12<4:34:10,  9.53s/it]
PPSurf + Mesh→PC:  66%|██████▌   | 3293/5018 [7:13:22<4:36:23,  9.61s/it]
PPSurf + Mesh→PC:  66%|██████▌   | 3294/5018 [7:13:33<4:46:05,  9.96s/it]
PPSurf + Mesh→PC:  66%|██████▌   | 3295/5018 [7:13:43<4:45:37,  9.95s/it]
PPSurf + Mesh→PC:  66%|██████▌   | 3296/5018 [7:13:52<4:38:37,  9.71s/it]
PPSurf + Mesh→PC:  66%|██████▌   | 3297/5018 [7:14:01<4:36:27,  9.64s/it]
PPSurf + Mesh→PC:  66%|██████▌   | 3298/5018 [7:14:10<4:26:00,  9.28s/it]
PPSurf + Mesh→PC:  66%|██████▌   | 3299/5018 [7:14:19<4:29:02,  9.39s/it]
PPSurf + Mesh→PC:  66%|██████▌   | 3300/5018 [7:14:33<5:02:37, 10.57s/it]
PPSurf + Mesh→PC:  66%|██████▌   | 3301/5018 [7:14:42<4:56:00, 10.34s/it]
PPSurf + Mesh→PC:  66%|██████▌   | 3302/5018 [7:14:51<4:39:20,  9.77s/it]
PPSurf + Mesh→PC:  66%|██████▌   | 3303/5018 [7:15:03<4:56:10, 10.36s/it]
PPSurf + Mesh→PC:  66%|██████▌   | 3304/5018 [7:15:12<4:44:10,  9.95s/it]
PPSurf + Mesh→PC:  66%|██████▌   | 3305/5018 [7:15:21<4:41:27,  9.86s/it]
PPSurf + Mesh→PC:  66%|██████▌   | 3306/5018 [7:15:30<4:32:02,  9.53s/it]
PPSurf + Mesh→PC:  66%|██████▌   | 3307/5018 [7:15:39<4:27:42,  9.39s/it]
PPSurf + Mesh→PC:  66%|██████▌   | 3308/5018 [7:15:49<4:29:04,  9.44s/it]
PPSurf + Mesh→PC:  66%|██████▌   | 3309/5018 [7:15:57<4:20:17,  9.14s/it]
PPSurf + Mesh→PC:  66%|██████▌   | 3310/5018 [7:16:05<4:11:55,  8.85s/it]
PPSurf + Mesh→PC:  66%|██████▌   | 3311/5018 [7:16:14<4:09:10,  8.76s/it]
PPSurf + Mesh→PC:  66%|██████▌   | 3312/5018 [7:16:22<4:06:31,  8.67s/it]
PPSurf + Mesh→PC:  66%|██████▌   | 3313/5018 [7:16:34<4:30:02,  9.50s/it]
PPSurf + Mesh→PC:  66%|██████▌   | 3314/5018 [7:16:42<4:16:28,  9.03s/it]
PPSurf + Mesh→PC:  66%|██████▌   | 3315/5018 [7:16:51<4:15:12,  8.99s/it]
PPSurf + Mesh→PC:  66%|██████▌   | 3316/5018 [7:16:59<4:12:47,  8.91s/it]
PPSurf + Mesh→PC:  66%|██████▌   | 3317/5018 [7:17:08<4:12:29,  8.91s/it]
PPSurf + Mesh→PC:  66%|██████▌   | 3318/5018 [7:17:18<4:18:26,  9.12s/it]
PPSurf + Mesh→PC:  66%|██████▌   | 3319/5018 [7:17:26<4:12:03,  8.90s/it]
PPSurf + Mesh→PC:  66%|██████▌   | 3320/5018 [7:17:34<4:04:57,  8.66s/it]
PPSurf + Mesh→PC:  66%|██████▌   | 3321/5018 [7:17:44<4:09:57,  8.84s/it]
PPSurf + Mesh→PC:  66%|██████▌   | 3322/5018 [7:17:52<4:08:10,  8.78s/it]
PPSurf + Mesh→PC:  66%|██████▌   | 3323/5018 [7:18:00<4:02:13,  8.57s/it]
PPSurf + Mesh→PC:  66%|██████▌   | 3324/5018 [7:18:09<3:59:52,  8.50s/it]
PPSurf + Mesh→PC:  66%|██████▋   | 3325/5018 [7:18:18<4:05:12,  8.69s/it]
PPSurf + Mesh→PC:  66%|██████▋   | 3326/5018 [7:18:27<4:06:43,  8.75s/it]
PPSurf + Mesh→PC:  66%|██████▋   | 3327/5018 [7:18:35<4:04:16,  8.67s/it]
PPSurf + Mesh→PC:  66%|██████▋   | 3328/5018 [7:18:43<3:58:02,  8.45s/it]
PPSurf + Mesh→PC:  66%|██████▋   | 3329/5018 [7:18:51<3:56:21,  8.40s/it]
PPSurf + Mesh→PC:  66%|██████▋   | 3330/5018 [7:18:59<3:52:13,  8.25s/it]
PPSurf + Mesh→PC:  66%|██████▋   | 3331/5018 [7:19:07<3:48:04,  8.11s/it]
PPSurf + Mesh→PC:  66%|██████▋   | 3332/5018 [7:19:16<3:52:42,  8.28s/it]
PPSurf + Mesh→PC:  66%|██████▋   | 3333/5018 [7:19:24<3:52:13,  8.27s/it]
PPSurf + Mesh→PC:  66%|██████▋   | 3334/5018 [7:19:32<3:50:20,  8.21s/it]
PPSurf + Mesh→PC:  66%|██████▋   | 3335/5018 [7:19:40<3:48:04,  8.13s/it]
PPSurf + Mesh→PC:  66%|██████▋   | 3336/5018 [7:19:48<3:51:35,  8.26s/it]
PPSurf + Mesh→PC:  67%|██████▋   | 3337/5018 [7:19:57<3:51:32,  8.26s/it]
PPSurf + Mesh→PC:  67%|██████▋   | 3338/5018 [7:20:05<3:50:48,  8.24s/it]
PPSurf + Mesh→PC:  67%|██████▋   | 3339/5018 [7:20:13<3:48:22,  8.16s/it]
PPSurf + Mesh→PC:  67%|██████▋   | 3340/5018 [7:20:39<6:19:13, 13.56s/it]
PPSurf + Mesh→PC:  67%|██████▋   | 3341/5018 [7:20:47<5:31:12, 11.85s/it]
PPSurf + Mesh→PC:  67%|██████▋   | 3342/5018 [7:20:55<4:57:49, 10.66s/it]
PPSurf + Mesh→PC:  67%|██████▋   | 3343/5018 [7:21:04<4:41:58, 10.10s/it]
PPSurf + Mesh→PC:  67%|██████▋   | 3344/5018 [7:21:11<4:22:12,  9.40s/it]
PPSurf + Mesh→PC:  67%|██████▋   | 3345/5018 [7:21:19<4:08:48,  8.92s/it]
PPSurf + Mesh→PC:  67%|██████▋   | 3346/5018 [7:21:27<3:58:56,  8.57s/it]
PPSurf + Mesh→PC:  67%|██████▋   | 3347/5018 [7:21:35<3:53:06,  8.37s/it]
PPSurf + Mesh→PC:  67%|██████▋   | 3348/5018 [7:21:42<3:43:39,  8.04s/it]
PPSurf + Mesh→PC:  67%|██████▋   | 3349/5018 [7:21:50<3:38:26,  7.85s/it]
PPSurf + Mesh→PC:  67%|██████▋   | 3350/5018 [7:21:57<3:37:48,  7.84s/it]
PPSurf + Mesh→PC:  67%|██████▋   | 3351/5018 [7:22:05<3:38:29,  7.86s/it]
PPSurf + Mesh→PC:  67%|██████▋   | 3352/5018 [7:22:13<3:37:08,  7.82s/it]
PPSurf + Mesh→PC:  67%|██████▋   | 3353/5018 [7:22:23<3:55:07,  8.47s/it]
PPSurf + Mesh→PC:  67%|██████▋   | 3354/5018 [7:22:32<3:59:14,  8.63s/it]
PPSurf + Mesh→PC:  67%|██████▋   | 3355/5018 [7:22:40<3:57:16,  8.56s/it]
PPSurf + Mesh→PC:  67%|██████▋   | 3356/5018 [7:22:49<3:58:59,  8.63s/it]
PPSurf + Mesh→PC:  67%|██████▋   | 3357/5018 [7:22:57<3:49:30,  8.29s/it]
PPSurf + Mesh→PC:  67%|██████▋   | 3358/5018 [7:23:06<3:55:01,  8.49s/it]
PPSurf + Mesh→PC:  67%|██████▋   | 3359/5018 [7:23:15<4:03:57,  8.82s/it]
PPSurf + Mesh→PC:  67%|██████▋   | 3360/5018 [7:23:24<4:03:47,  8.82s/it]
PPSurf + Mesh→PC:  67%|██████▋   | 3361/5018 [7:23:32<4:00:41,  8.72s/it]
PPSurf + Mesh→PC:  67%|██████▋   | 3362/5018 [7:23:41<3:57:19,  8.60s/it]
PPSurf + Mesh→PC:  67%|██████▋   | 3363/5018 [7:23:51<4:06:47,  8.95s/it]
PPSurf + Mesh→PC:  67%|██████▋   | 3364/5018 [7:24:10<5:34:31, 12.14s/it]
PPSurf + Mesh→PC:  67%|██████▋   | 3365/5018 [7:24:19<5:07:54, 11.18s/it]
PPSurf + Mesh→PC:  67%|██████▋   | 3366/5018 [7:24:28<4:50:51, 10.56s/it]
PPSurf + Mesh→PC:  67%|██████▋   | 3367/5018 [7:24:37<4:33:39,  9.95s/it]
PPSurf + Mesh→PC:  67%|██████▋   | 3368/5018 [7:24:45<4:20:50,  9.49s/it]
PPSurf + Mesh→PC:  67%|██████▋   | 3369/5018 [7:24:53<4:10:49,  9.13s/it]
PPSurf + Mesh→PC:  67%|██████▋   | 3370/5018 [7:25:04<4:24:30,  9.63s/it]
PPSurf + Mesh→PC:  67%|██████▋   | 3371/5018 [7:25:13<4:16:06,  9.33s/it]
PPSurf + Mesh→PC:  67%|██████▋   | 3372/5018 [7:25:21<4:06:47,  9.00s/it]
PPSurf + Mesh→PC:  67%|██████▋   | 3373/5018 [7:25:30<4:07:25,  9.02s/it]
PPSurf + Mesh→PC:  67%|██████▋   | 3374/5018 [7:25:39<4:05:51,  8.97s/it]
PPSurf + Mesh→PC:  67%|██████▋   | 3375/5018 [7:25:48<4:04:40,  8.94s/it]
PPSurf + Mesh→PC:  67%|██████▋   | 3376/5018 [7:25:57<4:04:33,  8.94s/it]
PPSurf + Mesh→PC:  67%|██████▋   | 3377/5018 [7:26:05<3:55:41,  8.62s/it]
PPSurf + Mesh→PC:  67%|██████▋   | 3378/5018 [7:26:14<3:59:24,  8.76s/it]
PPSurf + Mesh→PC:  67%|██████▋   | 3379/5018 [7:26:21<3:49:48,  8.41s/it]
PPSurf + Mesh→PC:  67%|██████▋   | 3380/5018 [7:26:30<3:47:44,  8.34s/it]
PPSurf + Mesh→PC:  67%|██████▋   | 3381/5018 [7:26:38<3:46:26,  8.30s/it]
PPSurf + Mesh→PC:  67%|██████▋   | 3382/5018 [7:26:46<3:47:02,  8.33s/it]
PPSurf + Mesh→PC:  67%|██████▋   | 3383/5018 [7:26:54<3:39:42,  8.06s/it]
PPSurf + Mesh→PC:  67%|██████▋   | 3384/5018 [7:27:01<3:37:53,  8.00s/it]
PPSurf + Mesh→PC:  67%|██████▋   | 3385/5018 [7:27:09<3:32:22,  7.80s/it]
PPSurf + Mesh→PC:  67%|██████▋   | 3386/5018 [7:27:16<3:27:31,  7.63s/it]
PPSurf + Mesh→PC:  67%|██████▋   | 3387/5018 [7:27:36<5:11:58, 11.48s/it]
PPSurf + Mesh→PC:  68%|██████▊   | 3388/5018 [7:27:44<4:40:16, 10.32s/it]
PPSurf + Mesh→PC:  68%|██████▊   | 3389/5018 [7:27:52<4:23:34,  9.71s/it]
PPSurf + Mesh→PC:  68%|██████▊   | 3390/5018 [7:28:00<4:06:57,  9.10s/it]
PPSurf + Mesh→PC:  68%|██████▊   | 3391/5018 [7:28:08<4:01:22,  8.90s/it]
PPSurf + Mesh→PC:  68%|██████▊   | 3392/5018 [7:28:17<3:55:29,  8.69s/it]
PPSurf + Mesh→PC:  68%|██████▊   | 3393/5018 [7:28:26<4:00:38,  8.89s/it]
PPSurf + Mesh→PC:  68%|██████▊   | 3394/5018 [7:28:34<3:55:41,  8.71s/it]
PPSurf + Mesh→PC:  68%|██████▊   | 3395/5018 [7:28:42<3:46:10,  8.36s/it]
PPSurf + Mesh→PC:  68%|██████▊   | 3396/5018 [7:28:50<3:43:38,  8.27s/it]
PPSurf + Mesh→PC:  68%|██████▊   | 3397/5018 [7:28:58<3:44:25,  8.31s/it]
PPSurf + Mesh→PC:  68%|██████▊   | 3398/5018 [7:29:07<3:49:14,  8.49s/it]
PPSurf + Mesh→PC:  68%|██████▊   | 3399/5018 [7:29:15<3:44:58,  8.34s/it]
PPSurf + Mesh→PC:  68%|██████▊   | 3400/5018 [7:29:23<3:42:11,  8.24s/it]
PPSurf + Mesh→PC:  68%|██████▊   | 3401/5018 [7:29:30<3:33:12,  7.91s/it]
PPSurf + Mesh→PC:  68%|██████▊   | 3402/5018 [7:29:38<3:32:42,  7.90s/it]
PPSurf + Mesh→PC:  68%|██████▊   | 3403/5018 [7:29:46<3:30:45,  7.83s/it]
PPSurf + Mesh→PC:  68%|██████▊   | 3404/5018 [7:29:54<3:28:44,  7.76s/it]
PPSurf + Mesh→PC:  68%|██████▊   | 3405/5018 [7:30:01<3:27:56,  7.74s/it]
PPSurf + Mesh→PC:  68%|██████▊   | 3406/5018 [7:30:09<3:31:35,  7.88s/it]
PPSurf + Mesh→PC:  68%|██████▊   | 3407/5018 [7:30:17<3:32:17,  7.91s/it]
PPSurf + Mesh→PC:  68%|██████▊   | 3408/5018 [7:30:26<3:34:50,  8.01s/it]
PPSurf + Mesh→PC:  68%|██████▊   | 3409/5018 [7:30:34<3:35:38,  8.04s/it]
PPSurf + Mesh→PC:  68%|██████▊   | 3410/5018 [7:30:43<3:47:54,  8.50s/it]
PPSurf + Mesh→PC:  68%|██████▊   | 3411/5018 [7:30:52<3:48:50,  8.54s/it]
PPSurf + Mesh→PC:  68%|██████▊   | 3412/5018 [7:31:00<3:48:31,  8.54s/it]
PPSurf + Mesh→PC:  68%|██████▊   | 3413/5018 [7:31:09<3:45:39,  8.44s/it]
PPSurf + Mesh→PC:  68%|██████▊   | 3414/5018 [7:31:16<3:40:02,  8.23s/it]
PPSurf + Mesh→PC:  68%|██████▊   | 3415/5018 [7:31:24<3:33:27,  7.99s/it]
PPSurf + Mesh→PC:  68%|██████▊   | 3416/5018 [7:31:31<3:30:04,  7.87s/it]
PPSurf + Mesh→PC:  68%|██████▊   | 3417/5018 [7:31:44<4:10:18,  9.38s/it]
PPSurf + Mesh→PC:  68%|██████▊   | 3418/5018 [7:31:52<3:59:09,  8.97s/it]
PPSurf + Mesh→PC:  68%|██████▊   | 3419/5018 [7:32:00<3:48:15,  8.57s/it]
PPSurf + Mesh→PC:  68%|██████▊   | 3420/5018 [7:32:07<3:37:34,  8.17s/it]
PPSurf + Mesh→PC:  68%|██████▊   | 3421/5018 [7:32:24<4:48:34, 10.84s/it]
PPSurf + Mesh→PC:  68%|██████▊   | 3422/5018 [7:32:36<4:58:18, 11.21s/it]
PPSurf + Mesh→PC:  68%|██████▊   | 3423/5018 [7:32:44<4:29:29, 10.14s/it]
PPSurf + Mesh→PC:  68%|██████▊   | 3424/5018 [7:32:53<4:16:08,  9.64s/it]
PPSurf + Mesh→PC:  68%|██████▊   | 3425/5018 [7:33:00<3:59:48,  9.03s/it]
PPSurf + Mesh→PC:  68%|██████▊   | 3426/5018 [7:33:08<3:49:59,  8.67s/it]
PPSurf + Mesh→PC:  68%|██████▊   | 3427/5018 [7:33:16<3:45:19,  8.50s/it]
PPSurf + Mesh→PC:  68%|██████▊   | 3428/5018 [7:33:24<3:39:50,  8.30s/it]
PPSurf + Mesh→PC:  68%|██████▊   | 3429/5018 [7:33:32<3:36:35,  8.18s/it]
PPSurf + Mesh→PC:  68%|██████▊   | 3430/5018 [7:33:39<3:31:41,  8.00s/it]
PPSurf + Mesh→PC:  68%|██████▊   | 3431/5018 [7:33:47<3:27:28,  7.84s/it]
PPSurf + Mesh→PC:  68%|██████▊   | 3432/5018 [7:33:54<3:25:07,  7.76s/it]
PPSurf + Mesh→PC:  68%|██████▊   | 3433/5018 [7:34:03<3:35:35,  8.16s/it]
PPSurf + Mesh→PC:  68%|██████▊   | 3434/5018 [7:34:12<3:39:30,  8.31s/it]
PPSurf + Mesh→PC:  68%|██████▊   | 3435/5018 [7:34:21<3:45:58,  8.57s/it]
PPSurf + Mesh→PC:  68%|██████▊   | 3436/5018 [7:34:29<3:39:55,  8.34s/it]
PPSurf + Mesh→PC:  68%|██████▊   | 3437/5018 [7:34:38<3:41:27,  8.40s/it]
PPSurf + Mesh→PC:  69%|██████▊   | 3438/5018 [7:34:47<3:46:02,  8.58s/it]
PPSurf + Mesh→PC:  69%|██████▊   | 3439/5018 [7:34:54<3:39:46,  8.35s/it]
PPSurf + Mesh→PC:  69%|██████▊   | 3440/5018 [7:35:03<3:39:24,  8.34s/it]
PPSurf + Mesh→PC:  69%|██████▊   | 3441/5018 [7:35:10<3:32:31,  8.09s/it]
PPSurf + Mesh→PC:  69%|██████▊   | 3442/5018 [7:35:18<3:27:08,  7.89s/it]
PPSurf + Mesh→PC:  69%|██████▊   | 3443/5018 [7:35:27<3:34:33,  8.17s/it]
PPSurf + Mesh→PC:  69%|██████▊   | 3444/5018 [7:35:35<3:32:47,  8.11s/it]
PPSurf + Mesh→PC:  69%|██████▊   | 3445/5018 [7:35:42<3:27:39,  7.92s/it]
PPSurf + Mesh→PC:  69%|██████▊   | 3446/5018 [7:35:51<3:32:20,  8.10s/it]
PPSurf + Mesh→PC:  69%|██████▊   | 3447/5018 [7:35:59<3:36:48,  8.28s/it]
PPSurf + Mesh→PC:  69%|██████▊   | 3448/5018 [7:36:08<3:37:26,  8.31s/it]
PPSurf + Mesh→PC:  69%|██████▊   | 3449/5018 [7:36:15<3:29:54,  8.03s/it]
PPSurf + Mesh→PC:  69%|██████▉   | 3450/5018 [7:36:24<3:34:37,  8.21s/it]
PPSurf + Mesh→PC:  69%|██████▉   | 3451/5018 [7:36:31<3:26:58,  7.92s/it]
PPSurf + Mesh→PC:  69%|██████▉   | 3452/5018 [7:36:40<3:37:42,  8.34s/it]
PPSurf + Mesh→PC:  69%|██████▉   | 3453/5018 [7:36:49<3:37:24,  8.34s/it]
PPSurf + Mesh→PC:  69%|██████▉   | 3454/5018 [7:36:57<3:35:36,  8.27s/it]
PPSurf + Mesh→PC:  69%|██████▉   | 3455/5018 [7:37:05<3:36:59,  8.33s/it]
PPSurf + Mesh→PC:  69%|██████▉   | 3456/5018 [7:37:13<3:35:58,  8.30s/it]
PPSurf + Mesh→PC:  69%|██████▉   | 3457/5018 [7:37:21<3:30:21,  8.09s/it]
PPSurf + Mesh→PC:  69%|██████▉   | 3458/5018 [7:37:30<3:36:45,  8.34s/it]
PPSurf + Mesh→PC:  69%|██████▉   | 3459/5018 [7:37:40<3:50:42,  8.88s/it]
PPSurf + Mesh→PC:  69%|██████▉   | 3460/5018 [7:37:50<3:56:29,  9.11s/it]
PPSurf + Mesh→PC:  69%|██████▉   | 3461/5018 [7:37:57<3:46:04,  8.71s/it]
PPSurf + Mesh→PC:  69%|██████▉   | 3462/5018 [7:38:06<3:44:53,  8.67s/it]
PPSurf + Mesh→PC:  69%|██████▉   | 3463/5018 [7:38:16<3:54:29,  9.05s/it]
PPSurf + Mesh→PC:  69%|██████▉   | 3464/5018 [7:38:24<3:49:48,  8.87s/it]
PPSurf + Mesh→PC:  69%|██████▉   | 3465/5018 [7:38:32<3:42:47,  8.61s/it]
PPSurf + Mesh→PC:  69%|██████▉   | 3466/5018 [7:38:40<3:37:45,  8.42s/it]
PPSurf + Mesh→PC:  69%|██████▉   | 3467/5018 [7:38:48<3:33:55,  8.28s/it]
PPSurf + Mesh→PC:  69%|██████▉   | 3468/5018 [7:38:57<3:38:34,  8.46s/it]
PPSurf + Mesh→PC:  69%|██████▉   | 3469/5018 [7:39:06<3:39:53,  8.52s/it]
PPSurf + Mesh→PC:  69%|██████▉   | 3470/5018 [7:39:15<3:41:28,  8.58s/it]
PPSurf + Mesh→PC:  69%|██████▉   | 3471/5018 [7:39:24<3:45:27,  8.74s/it]
PPSurf + Mesh→PC:  69%|██████▉   | 3472/5018 [7:39:33<3:47:32,  8.83s/it]
PPSurf + Mesh→PC:  69%|██████▉   | 3473/5018 [7:39:42<3:54:18,  9.10s/it]
PPSurf + Mesh→PC:  69%|██████▉   | 3474/5018 [7:39:52<3:55:38,  9.16s/it]
PPSurf + Mesh→PC:  69%|██████▉   | 3475/5018 [7:40:01<3:53:40,  9.09s/it]
PPSurf + Mesh→PC:  69%|██████▉   | 3476/5018 [7:40:10<3:52:01,  9.03s/it]
PPSurf + Mesh→PC:  69%|██████▉   | 3477/5018 [7:40:18<3:49:55,  8.95s/it]
PPSurf + Mesh→PC:  69%|██████▉   | 3478/5018 [7:40:29<3:59:24,  9.33s/it]
PPSurf + Mesh→PC:  69%|██████▉   | 3479/5018 [7:40:39<4:07:07,  9.63s/it]
PPSurf + Mesh→PC:  69%|██████▉   | 3480/5018 [7:40:48<4:06:19,  9.61s/it]
PPSurf + Mesh→PC:  69%|██████▉   | 3481/5018 [7:40:57<3:58:27,  9.31s/it]
PPSurf + Mesh→PC:  69%|██████▉   | 3482/5018 [7:41:08<4:09:41,  9.75s/it]
PPSurf + Mesh→PC:  69%|██████▉   | 3483/5018 [7:41:17<4:07:54,  9.69s/it]
PPSurf + Mesh→PC:  69%|██████▉   | 3484/5018 [7:41:27<4:04:53,  9.58s/it]
PPSurf + Mesh→PC:  69%|██████▉   | 3485/5018 [7:41:37<4:06:36,  9.65s/it]
PPSurf + Mesh→PC:  69%|██████▉   | 3486/5018 [7:41:47<4:12:15,  9.88s/it]
PPSurf + Mesh→PC:  69%|██████▉   | 3487/5018 [7:41:55<3:56:19,  9.26s/it]
PPSurf + Mesh→PC:  70%|██████▉   | 3488/5018 [7:42:05<4:00:04,  9.41s/it]
PPSurf + Mesh→PC:  70%|██████▉   | 3489/5018 [7:42:14<3:59:50,  9.41s/it]
PPSurf + Mesh→PC:  70%|██████▉   | 3490/5018 [7:42:23<3:55:09,  9.23s/it]
PPSurf + Mesh→PC:  70%|██████▉   | 3491/5018 [7:42:32<3:56:23,  9.29s/it]
PPSurf + Mesh→PC:  70%|██████▉   | 3492/5018 [7:42:40<3:44:21,  8.82s/it]
PPSurf + Mesh→PC:  70%|██████▉   | 3493/5018 [7:42:48<3:36:18,  8.51s/it]
PPSurf + Mesh→PC:  70%|██████▉   | 3494/5018 [7:42:57<3:43:09,  8.79s/it]
PPSurf + Mesh→PC:  70%|██████▉   | 3495/5018 [7:43:05<3:35:34,  8.49s/it]
PPSurf + Mesh→PC:  70%|██████▉   | 3496/5018 [7:43:13<3:35:00,  8.48s/it]
PPSurf + Mesh→PC:  70%|██████▉   | 3497/5018 [7:43:22<3:39:15,  8.65s/it]
PPSurf + Mesh→PC:  70%|██████▉   | 3498/5018 [7:43:30<3:32:42,  8.40s/it]
PPSurf + Mesh→PC:  70%|██████▉   | 3499/5018 [7:43:40<3:44:56,  8.89s/it]
PPSurf + Mesh→PC:  70%|██████▉   | 3500/5018 [7:43:49<3:45:55,  8.93s/it]
PPSurf + Mesh→PC:  70%|██████▉   | 3501/5018 [7:43:57<3:37:39,  8.61s/it]
PPSurf + Mesh→PC:  70%|██████▉   | 3502/5018 [7:44:06<3:39:52,  8.70s/it]
PPSurf + Mesh→PC:  70%|██████▉   | 3503/5018 [7:44:14<3:34:31,  8.50s/it]
PPSurf + Mesh→PC:  70%|██████▉   | 3504/5018 [7:44:24<3:47:11,  9.00s/it]
PPSurf + Mesh→PC:  70%|██████▉   | 3505/5018 [7:44:33<3:48:18,  9.05s/it]
PPSurf + Mesh→PC:  70%|██████▉   | 3506/5018 [7:44:41<3:40:14,  8.74s/it]
PPSurf + Mesh→PC:  70%|██████▉   | 3507/5018 [7:44:49<3:33:39,  8.48s/it]
PPSurf + Mesh→PC:  70%|██████▉   | 3508/5018 [7:44:59<3:40:22,  8.76s/it]
PPSurf + Mesh→PC:  70%|██████▉   | 3509/5018 [7:45:07<3:37:06,  8.63s/it]
PPSurf + Mesh→PC:  70%|██████▉   | 3510/5018 [7:45:15<3:33:33,  8.50s/it]
PPSurf + Mesh→PC:  70%|██████▉   | 3511/5018 [7:45:25<3:41:36,  8.82s/it]
PPSurf + Mesh→PC:  70%|██████▉   | 3512/5018 [7:45:33<3:40:03,  8.77s/it]
PPSurf + Mesh→PC:  70%|███████   | 3513/5018 [7:45:43<3:47:13,  9.06s/it]
PPSurf + Mesh→PC:  70%|███████   | 3514/5018 [7:45:55<4:04:08,  9.74s/it]
PPSurf + Mesh→PC:  70%|███████   | 3515/5018 [7:46:02<3:50:18,  9.19s/it]
PPSurf + Mesh→PC:  70%|███████   | 3516/5018 [7:46:11<3:44:43,  8.98s/it]
PPSurf + Mesh→PC:  70%|███████   | 3517/5018 [7:46:19<3:39:33,  8.78s/it]
PPSurf + Mesh→PC:  70%|███████   | 3518/5018 [7:46:29<3:44:18,  8.97s/it]
PPSurf + Mesh→PC:  70%|███████   | 3519/5018 [7:46:37<3:39:09,  8.77s/it]
PPSurf + Mesh→PC:  70%|███████   | 3520/5018 [7:46:46<3:37:32,  8.71s/it]
PPSurf + Mesh→PC:  70%|███████   | 3521/5018 [7:46:59<4:14:32, 10.20s/it]
PPSurf + Mesh→PC:  70%|███████   | 3522/5018 [7:47:10<4:16:05, 10.27s/it]
PPSurf + Mesh→PC:  70%|███████   | 3523/5018 [7:47:18<4:03:32,  9.77s/it]
PPSurf + Mesh→PC:  70%|███████   | 3524/5018 [7:47:27<3:56:32,  9.50s/it]
PPSurf + Mesh→PC:  70%|███████   | 3525/5018 [7:47:36<3:53:12,  9.37s/it]
PPSurf + Mesh→PC:  70%|███████   | 3526/5018 [7:47:46<3:53:16,  9.38s/it]
PPSurf + Mesh→PC:  70%|███████   | 3527/5018 [7:47:55<3:50:12,  9.26s/it]
PPSurf + Mesh→PC:  70%|███████   | 3528/5018 [7:48:03<3:43:19,  8.99s/it]
PPSurf + Mesh→PC:  70%|███████   | 3529/5018 [7:48:13<3:48:11,  9.19s/it]
PPSurf + Mesh→PC:  70%|███████   | 3530/5018 [7:48:22<3:53:06,  9.40s/it]
PPSurf + Mesh→PC:  70%|███████   | 3531/5018 [7:48:31<3:46:14,  9.13s/it]
PPSurf + Mesh→PC:  70%|███████   | 3532/5018 [7:48:45<4:25:46, 10.73s/it]
PPSurf + Mesh→PC:  70%|███████   | 3533/5018 [7:48:56<4:23:18, 10.64s/it]
PPSurf + Mesh→PC:  70%|███████   | 3534/5018 [7:49:05<4:15:23, 10.33s/it]
PPSurf + Mesh→PC:  70%|███████   | 3535/5018 [7:49:15<4:07:20, 10.01s/it]
PPSurf + Mesh→PC:  70%|███████   | 3536/5018 [7:49:25<4:05:50,  9.95s/it]
PPSurf + Mesh→PC:  70%|███████   | 3537/5018 [7:49:33<3:54:49,  9.51s/it]
PPSurf + Mesh→PC:  71%|███████   | 3538/5018 [7:49:41<3:41:35,  8.98s/it]
PPSurf + Mesh→PC:  71%|███████   | 3539/5018 [7:49:48<3:31:47,  8.59s/it]
PPSurf + Mesh→PC:  71%|███████   | 3540/5018 [7:49:57<3:33:43,  8.68s/it]
PPSurf + Mesh→PC:  71%|███████   | 3541/5018 [7:50:06<3:31:28,  8.59s/it]
PPSurf + Mesh→PC:  71%|███████   | 3542/5018 [7:50:14<3:25:58,  8.37s/it]
PPSurf + Mesh→PC:  71%|███████   | 3543/5018 [7:50:22<3:22:42,  8.25s/it]
PPSurf + Mesh→PC:  71%|███████   | 3544/5018 [7:50:30<3:24:37,  8.33s/it]
PPSurf + Mesh→PC:  71%|███████   | 3545/5018 [7:50:39<3:26:35,  8.42s/it]
PPSurf + Mesh→PC:  71%|███████   | 3546/5018 [7:50:47<3:23:56,  8.31s/it]
PPSurf + Mesh→PC:  71%|███████   | 3547/5018 [7:50:55<3:22:50,  8.27s/it]
PPSurf + Mesh→PC:  71%|███████   | 3548/5018 [7:51:04<3:24:46,  8.36s/it]
PPSurf + Mesh→PC:  71%|███████   | 3549/5018 [7:51:11<3:17:59,  8.09s/it]
PPSurf + Mesh→PC:  71%|███████   | 3550/5018 [7:51:27<4:13:13, 10.35s/it]
PPSurf + Mesh→PC:  71%|███████   | 3551/5018 [7:51:35<3:59:16,  9.79s/it]
PPSurf + Mesh→PC:  71%|███████   | 3552/5018 [7:51:47<4:11:51, 10.31s/it]
PPSurf + Mesh→PC:  71%|███████   | 3553/5018 [7:51:55<3:54:22,  9.60s/it]
PPSurf + Mesh→PC:  71%|███████   | 3554/5018 [7:52:03<3:46:28,  9.28s/it]
PPSurf + Mesh→PC:  71%|███████   | 3555/5018 [7:52:11<3:36:57,  8.90s/it]
PPSurf + Mesh→PC:  71%|███████   | 3556/5018 [7:52:19<3:29:36,  8.60s/it]
PPSurf + Mesh→PC:  71%|███████   | 3557/5018 [7:52:27<3:22:26,  8.31s/it]
PPSurf + Mesh→PC:  71%|███████   | 3558/5018 [7:52:34<3:16:43,  8.08s/it]
PPSurf + Mesh→PC:  71%|███████   | 3559/5018 [7:52:47<3:54:49,  9.66s/it]
PPSurf + Mesh→PC:  71%|███████   | 3560/5018 [7:52:56<3:44:22,  9.23s/it]
PPSurf + Mesh→PC:  71%|███████   | 3561/5018 [7:53:04<3:33:32,  8.79s/it]
PPSurf + Mesh→PC:  71%|███████   | 3562/5018 [7:53:11<3:24:49,  8.44s/it]
PPSurf + Mesh→PC:  71%|███████   | 3563/5018 [7:53:19<3:20:32,  8.27s/it]
PPSurf + Mesh→PC:  71%|███████   | 3564/5018 [7:53:27<3:17:19,  8.14s/it]
PPSurf + Mesh→PC:  71%|███████   | 3565/5018 [7:53:34<3:13:19,  7.98s/it]
PPSurf + Mesh→PC:  71%|███████   | 3566/5018 [7:53:47<3:49:33,  9.49s/it]
PPSurf + Mesh→PC:  71%|███████   | 3567/5018 [7:54:01<4:17:57, 10.67s/it]
PPSurf + Mesh→PC:  71%|███████   | 3568/5018 [7:54:16<4:52:48, 12.12s/it]
PPSurf + Mesh→PC:  71%|███████   | 3569/5018 [7:54:24<4:20:37, 10.79s/it]
PPSurf + Mesh→PC:  71%|███████   | 3570/5018 [7:54:32<4:02:30, 10.05s/it]
PPSurf + Mesh→PC:  71%|███████   | 3571/5018 [7:54:40<3:42:48,  9.24s/it]
PPSurf + Mesh→PC:  71%|███████   | 3572/5018 [7:54:48<3:35:47,  8.95s/it]
PPSurf + Mesh→PC:  71%|███████   | 3573/5018 [7:54:56<3:25:48,  8.55s/it]
PPSurf + Mesh→PC:  71%|███████   | 3574/5018 [7:55:04<3:26:19,  8.57s/it]
PPSurf + Mesh→PC:  71%|███████   | 3575/5018 [7:55:13<3:30:50,  8.77s/it]
PPSurf + Mesh→PC:  71%|███████▏  | 3576/5018 [7:55:21<3:23:29,  8.47s/it]
PPSurf + Mesh→PC:  71%|███████▏  | 3577/5018 [7:55:32<3:39:14,  9.13s/it]
PPSurf + Mesh→PC:  71%|███████▏  | 3578/5018 [7:55:42<3:45:14,  9.39s/it]
PPSurf + Mesh→PC:  71%|███████▏  | 3579/5018 [7:55:50<3:35:51,  9.00s/it]
PPSurf + Mesh→PC:  71%|███████▏  | 3580/5018 [7:56:04<4:11:05, 10.48s/it]
PPSurf + Mesh→PC:  71%|███████▏  | 3581/5018 [7:56:12<3:52:38,  9.71s/it]
PPSurf + Mesh→PC:  71%|███████▏  | 3582/5018 [7:56:24<4:10:14, 10.46s/it]
PPSurf + Mesh→PC:  71%|███████▏  | 3583/5018 [7:56:33<3:58:26,  9.97s/it]
PPSurf + Mesh→PC:  71%|███████▏  | 3584/5018 [7:56:46<4:18:00, 10.80s/it]
PPSurf + Mesh→PC:  71%|███████▏  | 3585/5018 [7:56:53<3:55:34,  9.86s/it]
PPSurf + Mesh→PC:  71%|███████▏  | 3586/5018 [7:57:02<3:44:56,  9.42s/it]
PPSurf + Mesh→PC:  71%|███████▏  | 3587/5018 [7:57:10<3:37:46,  9.13s/it]
PPSurf + Mesh→PC:  72%|███████▏  | 3588/5018 [7:57:22<3:59:34, 10.05s/it]
PPSurf + Mesh→PC:  72%|███████▏  | 3589/5018 [7:57:31<3:48:11,  9.58s/it]
PPSurf + Mesh→PC:  72%|███████▏  | 3590/5018 [7:57:39<3:41:08,  9.29s/it]
PPSurf + Mesh→PC:  72%|███████▏  | 3591/5018 [7:57:48<3:38:09,  9.17s/it]
PPSurf + Mesh→PC:  72%|███████▏  | 3592/5018 [7:57:57<3:36:07,  9.09s/it]
PPSurf + Mesh→PC:  72%|███████▏  | 3593/5018 [7:58:10<3:59:53, 10.10s/it]
PPSurf + Mesh→PC:  72%|███████▏  | 3594/5018 [7:58:17<3:41:37,  9.34s/it]
PPSurf + Mesh→PC:  72%|███████▏  | 3595/5018 [7:58:26<3:36:42,  9.14s/it]
PPSurf + Mesh→PC:  72%|███████▏  | 3596/5018 [7:58:43<4:32:30, 11.50s/it]
PPSurf + Mesh→PC:  72%|███████▏  | 3597/5018 [7:58:50<4:02:52, 10.25s/it]
PPSurf + Mesh→PC:  72%|███████▏  | 3598/5018 [7:58:59<3:48:48,  9.67s/it]
PPSurf + Mesh→PC:  72%|███████▏  | 3599/5018 [7:59:07<3:41:33,  9.37s/it]
PPSurf + Mesh→PC:  72%|███████▏  | 3600/5018 [7:59:15<3:28:52,  8.84s/it]
PPSurf + Mesh→PC:  72%|███████▏  | 3601/5018 [7:59:23<3:22:12,  8.56s/it]
PPSurf + Mesh→PC:  72%|███████▏  | 3602/5018 [7:59:30<3:12:39,  8.16s/it]
PPSurf + Mesh→PC:  72%|███████▏  | 3603/5018 [7:59:46<4:07:57, 10.51s/it]
PPSurf + Mesh→PC:  72%|███████▏  | 3604/5018 [7:59:53<3:46:16,  9.60s/it]
PPSurf + Mesh→PC:  72%|███████▏  | 3605/5018 [8:00:01<3:33:31,  9.07s/it]
PPSurf + Mesh→PC:  72%|███████▏  | 3606/5018 [8:00:08<3:18:07,  8.42s/it]
PPSurf + Mesh→PC:  72%|███████▏  | 3607/5018 [8:00:16<3:14:06,  8.25s/it]
PPSurf + Mesh→PC:  72%|███████▏  | 3608/5018 [8:00:24<3:10:46,  8.12s/it]
PPSurf + Mesh→PC:  72%|███████▏  | 3609/5018 [8:00:39<3:58:03, 10.14s/it]
PPSurf + Mesh→PC:  72%|███████▏  | 3610/5018 [8:00:46<3:39:58,  9.37s/it]
PPSurf + Mesh→PC:  72%|███████▏  | 3611/5018 [8:00:55<3:34:09,  9.13s/it]
PPSurf + Mesh→PC:  72%|███████▏  | 3612/5018 [8:01:04<3:37:07,  9.27s/it]
PPSurf + Mesh→PC:  72%|███████▏  | 3613/5018 [8:01:13<3:32:26,  9.07s/it]
PPSurf + Mesh→PC:  72%|███████▏  | 3614/5018 [8:01:27<4:09:48, 10.68s/it]
PPSurf + Mesh→PC:  72%|███████▏  | 3615/5018 [8:01:37<4:03:22, 10.41s/it]
PPSurf + Mesh→PC:  72%|███████▏  | 3616/5018 [8:01:46<3:51:10,  9.89s/it]
PPSurf + Mesh→PC:  72%|███████▏  | 3617/5018 [8:01:56<3:50:03,  9.85s/it]
PPSurf + Mesh→PC:  72%|███████▏  | 3618/5018 [8:02:06<3:50:49,  9.89s/it]
PPSurf + Mesh→PC:  72%|███████▏  | 3619/5018 [8:02:15<3:45:56,  9.69s/it]
PPSurf + Mesh→PC:  72%|███████▏  | 3620/5018 [8:02:24<3:38:45,  9.39s/it]
PPSurf + Mesh→PC:  72%|███████▏  | 3621/5018 [8:02:35<3:54:25, 10.07s/it]
PPSurf + Mesh→PC:  72%|███████▏  | 3622/5018 [8:02:44<3:43:03,  9.59s/it]
PPSurf + Mesh→PC:  72%|███████▏  | 3623/5018 [8:02:55<3:53:58, 10.06s/it]
PPSurf + Mesh→PC:  72%|███████▏  | 3624/5018 [8:03:04<3:49:53,  9.89s/it]
PPSurf + Mesh→PC:  72%|███████▏  | 3625/5018 [8:03:19<4:25:32, 11.44s/it]
PPSurf + Mesh→PC:  72%|███████▏  | 3626/5018 [8:03:29<4:14:17, 10.96s/it]
PPSurf + Mesh→PC:  72%|███████▏  | 3627/5018 [8:03:43<4:30:58, 11.69s/it]
PPSurf + Mesh→PC:  72%|███████▏  | 3628/5018 [8:03:52<4:14:42, 10.99s/it]
PPSurf + Mesh→PC:  72%|███████▏  | 3629/5018 [8:04:02<4:07:25, 10.69s/it]
PPSurf + Mesh→PC:  72%|███████▏  | 3630/5018 [8:04:14<4:14:43, 11.01s/it]
PPSurf + Mesh→PC:  72%|███████▏  | 3631/5018 [8:04:24<4:09:56, 10.81s/it]
PPSurf + Mesh→PC:  72%|███████▏  | 3632/5018 [8:04:33<3:54:29, 10.15s/it]
PPSurf + Mesh→PC:  72%|███████▏  | 3633/5018 [8:04:44<3:59:53, 10.39s/it]
PPSurf + Mesh→PC:  72%|███████▏  | 3634/5018 [8:04:53<3:54:14, 10.15s/it]
PPSurf + Mesh→PC:  72%|███████▏  | 3635/5018 [8:05:06<4:09:57, 10.84s/it]
PPSurf + Mesh→PC:  72%|███████▏  | 3636/5018 [8:05:16<4:03:51, 10.59s/it]
PPSurf + Mesh→PC:  72%|███████▏  | 3637/5018 [8:05:32<4:40:04, 12.17s/it]
PPSurf + Mesh→PC:  72%|███████▏  | 3638/5018 [8:05:41<4:17:26, 11.19s/it]
PPSurf + Mesh→PC:  73%|███████▎  | 3639/5018 [8:05:50<4:06:32, 10.73s/it]
PPSurf + Mesh→PC:  73%|███████▎  | 3640/5018 [8:06:00<3:57:12, 10.33s/it]
PPSurf + Mesh→PC:  73%|███████▎  | 3641/5018 [8:06:08<3:45:55,  9.84s/it]
PPSurf + Mesh→PC:  73%|███████▎  | 3642/5018 [8:06:18<3:43:58,  9.77s/it]
PPSurf + Mesh→PC:  73%|███████▎  | 3643/5018 [8:06:28<3:46:14,  9.87s/it]
PPSurf + Mesh→PC:  73%|███████▎  | 3644/5018 [8:06:37<3:39:16,  9.58s/it]
PPSurf + Mesh→PC:  73%|███████▎  | 3645/5018 [8:06:47<3:40:18,  9.63s/it]
PPSurf + Mesh→PC:  73%|███████▎  | 3646/5018 [8:06:56<3:36:40,  9.48s/it]
PPSurf + Mesh→PC:  73%|███████▎  | 3647/5018 [8:07:05<3:34:16,  9.38s/it]
PPSurf + Mesh→PC:  73%|███████▎  | 3648/5018 [8:07:14<3:29:06,  9.16s/it]
PPSurf + Mesh→PC:  73%|███████▎  | 3649/5018 [8:07:23<3:33:10,  9.34s/it]
PPSurf + Mesh→PC:  73%|███████▎  | 3650/5018 [8:07:33<3:35:33,  9.45s/it]
PPSurf + Mesh→PC:  73%|███████▎  | 3651/5018 [8:07:43<3:38:07,  9.57s/it]
PPSurf + Mesh→PC:  73%|███████▎  | 3652/5018 [8:07:51<3:31:27,  9.29s/it]
PPSurf + Mesh→PC:  73%|███████▎  | 3653/5018 [8:08:01<3:32:07,  9.32s/it]
PPSurf + Mesh→PC:  73%|███████▎  | 3654/5018 [8:08:10<3:31:14,  9.29s/it]
PPSurf + Mesh→PC:  73%|███████▎  | 3655/5018 [8:08:19<3:29:10,  9.21s/it]
PPSurf + Mesh→PC:  73%|███████▎  | 3656/5018 [8:08:29<3:35:00,  9.47s/it]
PPSurf + Mesh→PC:  73%|███████▎  | 3657/5018 [8:08:39<3:34:52,  9.47s/it]
PPSurf + Mesh→PC:  73%|███████▎  | 3658/5018 [8:08:48<3:35:58,  9.53s/it]
PPSurf + Mesh→PC:  73%|███████▎  | 3659/5018 [8:08:58<3:34:12,  9.46s/it]
PPSurf + Mesh→PC:  73%|███████▎  | 3660/5018 [8:09:08<3:40:08,  9.73s/it]
PPSurf + Mesh→PC:  73%|███████▎  | 3661/5018 [8:09:18<3:38:58,  9.68s/it]
PPSurf + Mesh→PC:  73%|███████▎  | 3662/5018 [8:09:28<3:41:02,  9.78s/it]
PPSurf + Mesh→PC:  73%|███████▎  | 3663/5018 [8:09:36<3:32:55,  9.43s/it]
PPSurf + Mesh→PC:  73%|███████▎  | 3664/5018 [8:09:45<3:31:55,  9.39s/it]
PPSurf + Mesh→PC:  73%|███████▎  | 3665/5018 [8:09:55<3:33:12,  9.46s/it]
PPSurf + Mesh→PC:  73%|███████▎  | 3666/5018 [8:10:05<3:34:14,  9.51s/it]
PPSurf + Mesh→PC:  73%|███████▎  | 3667/5018 [8:10:14<3:30:49,  9.36s/it]
PPSurf + Mesh→PC:  73%|███████▎  | 3668/5018 [8:10:24<3:35:12,  9.56s/it]
PPSurf + Mesh→PC:  73%|███████▎  | 3669/5018 [8:10:32<3:24:01,  9.07s/it]
PPSurf + Mesh→PC:  73%|███████▎  | 3670/5018 [8:10:52<4:38:19, 12.39s/it]
PPSurf + Mesh→PC:  73%|███████▎  | 3671/5018 [8:11:02<4:23:06, 11.72s/it]
PPSurf + Mesh→PC:  73%|███████▎  | 3672/5018 [8:11:11<4:03:36, 10.86s/it]
PPSurf + Mesh→PC:  73%|███████▎  | 3673/5018 [8:11:19<3:46:54, 10.12s/it]
PPSurf + Mesh→PC:  73%|███████▎  | 3674/5018 [8:11:28<3:39:15,  9.79s/it]
PPSurf + Mesh→PC:  73%|███████▎  | 3675/5018 [8:11:37<3:32:06,  9.48s/it]
PPSurf + Mesh→PC:  73%|███████▎  | 3676/5018 [8:11:45<3:24:30,  9.14s/it]
PPSurf + Mesh→PC:  73%|███████▎  | 3677/5018 [8:11:54<3:19:24,  8.92s/it]
PPSurf + Mesh→PC:  73%|███████▎  | 3678/5018 [8:12:03<3:23:20,  9.11s/it]
PPSurf + Mesh→PC:  73%|███████▎  | 3679/5018 [8:12:14<3:33:13,  9.55s/it]
PPSurf + Mesh→PC:  73%|███████▎  | 3680/5018 [8:12:23<3:32:10,  9.51s/it]
PPSurf + Mesh→PC:  73%|███████▎  | 3681/5018 [8:12:32<3:28:42,  9.37s/it]
PPSurf + Mesh→PC:  73%|███████▎  | 3682/5018 [8:12:40<3:18:08,  8.90s/it]
PPSurf + Mesh→PC:  73%|███████▎  | 3683/5018 [8:12:49<3:16:23,  8.83s/it]
PPSurf + Mesh→PC:  73%|███████▎  | 3684/5018 [8:12:59<3:23:17,  9.14s/it]
PPSurf + Mesh→PC:  73%|███████▎  | 3685/5018 [8:13:08<3:25:53,  9.27s/it]
PPSurf + Mesh→PC:  73%|███████▎  | 3686/5018 [8:13:17<3:23:03,  9.15s/it]
PPSurf + Mesh→PC:  73%|███████▎  | 3687/5018 [8:13:27<3:25:50,  9.28s/it]
PPSurf + Mesh→PC:  73%|███████▎  | 3688/5018 [8:13:35<3:17:57,  8.93s/it]
PPSurf + Mesh→PC:  74%|███████▎  | 3689/5018 [8:13:45<3:27:11,  9.35s/it]
PPSurf + Mesh→PC:  74%|███████▎  | 3690/5018 [8:13:54<3:22:31,  9.15s/it]
PPSurf + Mesh→PC:  74%|███████▎  | 3691/5018 [8:14:03<3:24:45,  9.26s/it]
PPSurf + Mesh→PC:  74%|███████▎  | 3692/5018 [8:14:13<3:25:31,  9.30s/it]
PPSurf + Mesh→PC:  74%|███████▎  | 3693/5018 [8:14:24<3:36:12,  9.79s/it]
PPSurf + Mesh→PC:  74%|███████▎  | 3694/5018 [8:14:40<4:19:27, 11.76s/it]
PPSurf + Mesh→PC:  74%|███████▎  | 3695/5018 [8:14:49<4:00:32, 10.91s/it]
PPSurf + Mesh→PC:  74%|███████▎  | 3696/5018 [8:15:02<4:15:06, 11.58s/it]
PPSurf + Mesh→PC:  74%|███████▎  | 3697/5018 [8:15:12<4:03:27, 11.06s/it]
PPSurf + Mesh→PC:  74%|███████▎  | 3698/5018 [8:15:22<3:54:16, 10.65s/it]
PPSurf + Mesh→PC:  74%|███████▎  | 3699/5018 [8:15:31<3:45:20, 10.25s/it]
PPSurf + Mesh→PC:  74%|███████▎  | 3700/5018 [8:15:40<3:38:10,  9.93s/it]
PPSurf + Mesh→PC:  74%|███████▍  | 3701/5018 [8:15:51<3:46:45, 10.33s/it]
PPSurf + Mesh→PC:  74%|███████▍  | 3702/5018 [8:16:02<3:46:35, 10.33s/it]
PPSurf + Mesh→PC:  74%|███████▍  | 3703/5018 [8:16:14<3:59:44, 10.94s/it]
PPSurf + Mesh→PC:  74%|███████▍  | 3704/5018 [8:16:22<3:39:25, 10.02s/it]
PPSurf + Mesh→PC:  74%|███████▍  | 3705/5018 [8:16:31<3:31:25,  9.66s/it]
PPSurf + Mesh→PC:  74%|███████▍  | 3706/5018 [8:16:40<3:28:34,  9.54s/it]
PPSurf + Mesh→PC:  74%|███████▍  | 3707/5018 [8:16:54<3:56:34, 10.83s/it]
PPSurf + Mesh→PC:  74%|███████▍  | 3708/5018 [8:17:04<3:50:41, 10.57s/it]
PPSurf + Mesh→PC:  74%|███████▍  | 3709/5018 [8:17:12<3:35:18,  9.87s/it]
PPSurf + Mesh→PC:  74%|███████▍  | 3710/5018 [8:17:21<3:26:20,  9.47s/it]
PPSurf + Mesh→PC:  74%|███████▍  | 3711/5018 [8:17:29<3:20:53,  9.22s/it]
PPSurf + Mesh→PC:  74%|███████▍  | 3712/5018 [8:17:39<3:21:42,  9.27s/it]
PPSurf + Mesh→PC:  74%|███████▍  | 3713/5018 [8:17:49<3:31:09,  9.71s/it]
PPSurf + Mesh→PC:  74%|███████▍  | 3714/5018 [8:18:00<3:35:29,  9.92s/it]
PPSurf + Mesh→PC:  74%|███████▍  | 3715/5018 [8:18:10<3:37:25, 10.01s/it]
PPSurf + Mesh→PC:  74%|███████▍  | 3716/5018 [8:18:22<3:50:52, 10.64s/it]
PPSurf + Mesh→PC:  74%|███████▍  | 3717/5018 [8:18:32<3:46:41, 10.45s/it]
PPSurf + Mesh→PC:  74%|███████▍  | 3718/5018 [8:18:40<3:30:58,  9.74s/it]
PPSurf + Mesh→PC:  74%|███████▍  | 3719/5018 [8:18:49<3:22:16,  9.34s/it]
PPSurf + Mesh→PC:  74%|███████▍  | 3720/5018 [8:18:57<3:15:18,  9.03s/it]
PPSurf + Mesh→PC:  74%|███████▍  | 3721/5018 [8:19:07<3:22:49,  9.38s/it]
PPSurf + Mesh→PC:  74%|███████▍  | 3722/5018 [8:19:15<3:15:38,  9.06s/it]
PPSurf + Mesh→PC:  74%|███████▍  | 3723/5018 [8:19:25<3:15:40,  9.07s/it]
PPSurf + Mesh→PC:  74%|███████▍  | 3724/5018 [8:19:34<3:17:11,  9.14s/it]
PPSurf + Mesh→PC:  74%|███████▍  | 3725/5018 [8:19:43<3:17:55,  9.18s/it]
PPSurf + Mesh→PC:  74%|███████▍  | 3726/5018 [8:19:52<3:13:31,  8.99s/it]
PPSurf + Mesh→PC:  74%|███████▍  | 3727/5018 [8:20:01<3:17:12,  9.17s/it]
PPSurf + Mesh→PC:  74%|███████▍  | 3728/5018 [8:20:10<3:13:51,  9.02s/it]
PPSurf + Mesh→PC:  74%|███████▍  | 3729/5018 [8:20:18<3:06:11,  8.67s/it]
PPSurf + Mesh→PC:  74%|███████▍  | 3730/5018 [8:20:28<3:18:47,  9.26s/it]
PPSurf + Mesh→PC:  74%|███████▍  | 3731/5018 [8:20:37<3:12:31,  8.98s/it]
PPSurf + Mesh→PC:  74%|███████▍  | 3732/5018 [8:20:45<3:09:36,  8.85s/it]
PPSurf + Mesh→PC:  74%|███████▍  | 3733/5018 [8:20:53<3:05:10,  8.65s/it]
PPSurf + Mesh→PC:  74%|███████▍  | 3734/5018 [8:21:02<3:04:50,  8.64s/it]
PPSurf + Mesh→PC:  74%|███████▍  | 3735/5018 [8:21:10<3:01:24,  8.48s/it]
PPSurf + Mesh→PC:  74%|███████▍  | 3736/5018 [8:21:18<3:00:06,  8.43s/it]
PPSurf + Mesh→PC:  74%|███████▍  | 3737/5018 [8:21:27<3:01:44,  8.51s/it]
PPSurf + Mesh→PC:  74%|███████▍  | 3738/5018 [8:21:38<3:17:06,  9.24s/it]
PPSurf + Mesh→PC:  75%|███████▍  | 3739/5018 [8:21:47<3:12:10,  9.01s/it]
PPSurf + Mesh→PC:  75%|███████▍  | 3740/5018 [8:21:56<3:16:45,  9.24s/it]
PPSurf + Mesh→PC:  75%|███████▍  | 3741/5018 [8:22:04<3:08:32,  8.86s/it]
PPSurf + Mesh→PC:  75%|███████▍  | 3742/5018 [8:22:13<3:05:06,  8.70s/it]
PPSurf + Mesh→PC:  75%|███████▍  | 3743/5018 [8:22:21<3:01:44,  8.55s/it]
PPSurf + Mesh→PC:  75%|███████▍  | 3744/5018 [8:22:29<3:01:33,  8.55s/it]
PPSurf + Mesh→PC:  75%|███████▍  | 3745/5018 [8:22:38<3:01:03,  8.53s/it]
PPSurf + Mesh→PC:  75%|███████▍  | 3746/5018 [8:22:47<3:06:57,  8.82s/it]
PPSurf + Mesh→PC:  75%|███████▍  | 3747/5018 [8:22:55<2:59:10,  8.46s/it]
PPSurf + Mesh→PC:  75%|███████▍  | 3748/5018 [8:23:09<3:33:47, 10.10s/it]
PPSurf + Mesh→PC:  75%|███████▍  | 3749/5018 [8:23:16<3:17:01,  9.32s/it]
PPSurf + Mesh→PC:  75%|███████▍  | 3750/5018 [8:23:24<3:08:19,  8.91s/it]
PPSurf + Mesh→PC:  75%|███████▍  | 3751/5018 [8:23:33<3:03:00,  8.67s/it]
PPSurf + Mesh→PC:  75%|███████▍  | 3752/5018 [8:23:41<3:00:25,  8.55s/it]
PPSurf + Mesh→PC:  75%|███████▍  | 3753/5018 [8:23:50<3:01:45,  8.62s/it]
PPSurf + Mesh→PC:  75%|███████▍  | 3754/5018 [8:23:59<3:05:11,  8.79s/it]
PPSurf + Mesh→PC:  75%|███████▍  | 3755/5018 [8:24:18<4:11:20, 11.94s/it]
PPSurf + Mesh→PC:  75%|███████▍  | 3756/5018 [8:24:26<3:45:42, 10.73s/it]
PPSurf + Mesh→PC:  75%|███████▍  | 3757/5018 [8:24:34<3:27:40,  9.88s/it]
PPSurf + Mesh→PC:  75%|███████▍  | 3758/5018 [8:24:42<3:14:52,  9.28s/it]
PPSurf + Mesh→PC:  75%|███████▍  | 3759/5018 [8:24:49<3:04:22,  8.79s/it]
PPSurf + Mesh→PC:  75%|███████▍  | 3760/5018 [8:24:57<2:56:22,  8.41s/it]
PPSurf + Mesh→PC:  75%|███████▍  | 3761/5018 [8:25:05<2:53:16,  8.27s/it]
PPSurf + Mesh→PC:  75%|███████▍  | 3762/5018 [8:25:14<3:00:53,  8.64s/it]
PPSurf + Mesh→PC:  75%|███████▍  | 3763/5018 [8:25:24<3:07:58,  8.99s/it]
PPSurf + Mesh→PC:  75%|███████▌  | 3764/5018 [8:25:35<3:17:02,  9.43s/it]
PPSurf + Mesh→PC:  75%|███████▌  | 3765/5018 [8:25:47<3:33:12, 10.21s/it]
PPSurf + Mesh→PC:  75%|███████▌  | 3766/5018 [8:25:56<3:28:37, 10.00s/it]
PPSurf + Mesh→PC:  75%|███████▌  | 3767/5018 [8:26:06<3:27:46,  9.96s/it]
PPSurf + Mesh→PC:  75%|███████▌  | 3768/5018 [8:26:14<3:12:29,  9.24s/it]
PPSurf + Mesh→PC:  75%|███████▌  | 3769/5018 [8:26:22<3:06:16,  8.95s/it]
PPSurf + Mesh→PC:  75%|███████▌  | 3770/5018 [8:26:29<2:56:18,  8.48s/it]
PPSurf + Mesh→PC:  75%|███████▌  | 3771/5018 [8:26:38<2:57:08,  8.52s/it]
PPSurf + Mesh→PC:  75%|███████▌  | 3772/5018 [8:26:48<3:05:11,  8.92s/it]
PPSurf + Mesh→PC:  75%|███████▌  | 3773/5018 [8:27:02<3:37:15, 10.47s/it]
PPSurf + Mesh→PC:  75%|███████▌  | 3774/5018 [8:27:10<3:25:20,  9.90s/it]
PPSurf + Mesh→PC:  75%|███████▌  | 3775/5018 [8:27:19<3:16:16,  9.47s/it]
PPSurf + Mesh→PC:  75%|███████▌  | 3776/5018 [8:27:35<3:57:06, 11.45s/it]
PPSurf + Mesh→PC:  75%|███████▌  | 3777/5018 [8:27:43<3:35:03, 10.40s/it]
PPSurf + Mesh→PC:  75%|███████▌  | 3778/5018 [8:27:52<3:26:46, 10.01s/it]
PPSurf + Mesh→PC:  75%|███████▌  | 3779/5018 [8:28:01<3:18:02,  9.59s/it]
PPSurf + Mesh→PC:  75%|███████▌  | 3780/5018 [8:28:10<3:16:42,  9.53s/it]
PPSurf + Mesh→PC:  75%|███████▌  | 3781/5018 [8:28:18<3:07:28,  9.09s/it]
PPSurf + Mesh→PC:  75%|███████▌  | 3782/5018 [8:28:26<2:59:35,  8.72s/it]
PPSurf + Mesh→PC:  75%|███████▌  | 3783/5018 [8:28:34<2:57:37,  8.63s/it]
PPSurf + Mesh→PC:  75%|███████▌  | 3784/5018 [8:28:42<2:49:55,  8.26s/it]
PPSurf + Mesh→PC:  75%|███████▌  | 3785/5018 [8:28:50<2:49:42,  8.26s/it]
PPSurf + Mesh→PC:  75%|███████▌  | 3786/5018 [8:28:59<2:56:18,  8.59s/it]
PPSurf + Mesh→PC:  75%|███████▌  | 3787/5018 [8:29:07<2:49:52,  8.28s/it]
PPSurf + Mesh→PC:  75%|███████▌  | 3788/5018 [8:29:17<3:03:09,  8.93s/it]
PPSurf + Mesh→PC:  76%|███████▌  | 3789/5018 [8:29:26<2:58:37,  8.72s/it]
PPSurf + Mesh→PC:  76%|███████▌  | 3790/5018 [8:29:35<3:02:05,  8.90s/it]
PPSurf + Mesh→PC:  76%|███████▌  | 3791/5018 [8:29:43<2:59:41,  8.79s/it]
PPSurf + Mesh→PC:  76%|███████▌  | 3792/5018 [8:29:54<3:09:29,  9.27s/it]
PPSurf + Mesh→PC:  76%|███████▌  | 3793/5018 [8:30:03<3:06:49,  9.15s/it]
PPSurf + Mesh→PC:  76%|███████▌  | 3794/5018 [8:30:11<3:01:48,  8.91s/it]
PPSurf + Mesh→PC:  76%|███████▌  | 3795/5018 [8:30:20<3:00:21,  8.85s/it]
PPSurf + Mesh→PC:  76%|███████▌  | 3796/5018 [8:30:29<2:59:54,  8.83s/it]
PPSurf + Mesh→PC:  76%|███████▌  | 3797/5018 [8:30:38<3:02:08,  8.95s/it]
PPSurf + Mesh→PC:  76%|███████▌  | 3798/5018 [8:30:46<2:59:08,  8.81s/it]
PPSurf + Mesh→PC:  76%|███████▌  | 3799/5018 [8:30:55<2:59:32,  8.84s/it]
PPSurf + Mesh→PC:  76%|███████▌  | 3800/5018 [8:31:05<3:05:42,  9.15s/it]
PPSurf + Mesh→PC:  76%|███████▌  | 3801/5018 [8:31:14<3:04:31,  9.10s/it]
PPSurf + Mesh→PC:  76%|███████▌  | 3802/5018 [8:31:23<3:02:49,  9.02s/it]
PPSurf + Mesh→PC:  76%|███████▌  | 3803/5018 [8:31:33<3:06:48,  9.23s/it]
PPSurf + Mesh→PC:  76%|███████▌  | 3804/5018 [8:31:43<3:11:28,  9.46s/it]
PPSurf + Mesh→PC:  76%|███████▌  | 3805/5018 [8:31:50<2:56:56,  8.75s/it]
PPSurf + Mesh→PC:  76%|███████▌  | 3806/5018 [8:31:58<2:57:24,  8.78s/it]
PPSurf + Mesh→PC:  76%|███████▌  | 3807/5018 [8:32:08<3:00:34,  8.95s/it]
PPSurf + Mesh→PC:  76%|███████▌  | 3808/5018 [8:32:17<2:59:02,  8.88s/it]
PPSurf + Mesh→PC:  76%|███████▌  | 3809/5018 [8:32:25<2:55:50,  8.73s/it]
PPSurf + Mesh→PC:  76%|███████▌  | 3810/5018 [8:32:33<2:51:25,  8.51s/it]
PPSurf + Mesh→PC:  76%|███████▌  | 3811/5018 [8:32:42<2:54:22,  8.67s/it]
PPSurf + Mesh→PC:  76%|███████▌  | 3812/5018 [8:32:52<3:05:07,  9.21s/it]
PPSurf + Mesh→PC:  76%|███████▌  | 3813/5018 [8:33:08<3:41:43, 11.04s/it]
PPSurf + Mesh→PC:  76%|███████▌  | 3814/5018 [8:33:16<3:25:05, 10.22s/it]
PPSurf + Mesh→PC:  76%|███████▌  | 3815/5018 [8:33:25<3:17:15,  9.84s/it]
PPSurf + Mesh→PC:  76%|███████▌  | 3816/5018 [8:33:40<3:49:33, 11.46s/it]
PPSurf + Mesh→PC:  76%|███████▌  | 3817/5018 [8:33:49<3:33:14, 10.65s/it]
PPSurf + Mesh→PC:  76%|███████▌  | 3818/5018 [8:33:57<3:17:30,  9.88s/it]
PPSurf + Mesh→PC:  76%|███████▌  | 3819/5018 [8:34:07<3:18:07,  9.91s/it]
PPSurf + Mesh→PC:  76%|███████▌  | 3820/5018 [8:34:16<3:12:19,  9.63s/it]
PPSurf + Mesh→PC:  76%|███████▌  | 3821/5018 [8:34:25<3:07:44,  9.41s/it]
PPSurf + Mesh→PC:  76%|███████▌  | 3822/5018 [8:34:35<3:10:38,  9.56s/it]
PPSurf + Mesh→PC:  76%|███████▌  | 3823/5018 [8:34:43<3:00:43,  9.07s/it]
PPSurf + Mesh→PC:  76%|███████▌  | 3824/5018 [8:34:51<2:54:05,  8.75s/it]
PPSurf + Mesh→PC:  76%|███████▌  | 3825/5018 [8:34:59<2:52:13,  8.66s/it]
PPSurf + Mesh→PC:  76%|███████▌  | 3826/5018 [8:35:07<2:48:39,  8.49s/it]
PPSurf + Mesh→PC:  76%|███████▋  | 3827/5018 [8:35:15<2:44:23,  8.28s/it]
PPSurf + Mesh→PC:  76%|███████▋  | 3828/5018 [8:35:23<2:41:51,  8.16s/it]
PPSurf + Mesh→PC:  76%|███████▋  | 3829/5018 [8:35:32<2:48:17,  8.49s/it]
PPSurf + Mesh→PC:  76%|███████▋  | 3830/5018 [8:35:41<2:48:50,  8.53s/it]
PPSurf + Mesh→PC:  76%|███████▋  | 3831/5018 [8:35:50<2:50:10,  8.60s/it]
PPSurf + Mesh→PC:  76%|███████▋  | 3832/5018 [8:35:57<2:44:53,  8.34s/it]
PPSurf + Mesh→PC:  76%|███████▋  | 3833/5018 [8:36:07<2:50:16,  8.62s/it]
PPSurf + Mesh→PC:  76%|███████▋  | 3834/5018 [8:36:14<2:43:51,  8.30s/it]
PPSurf + Mesh→PC:  76%|███████▋  | 3835/5018 [8:36:22<2:42:29,  8.24s/it]
PPSurf + Mesh→PC:  76%|███████▋  | 3836/5018 [8:36:30<2:40:27,  8.15s/it]
PPSurf + Mesh→PC:  76%|███████▋  | 3837/5018 [8:36:39<2:43:43,  8.32s/it]
PPSurf + Mesh→PC:  76%|███████▋  | 3838/5018 [8:36:47<2:42:04,  8.24s/it]
PPSurf + Mesh→PC:  77%|███████▋  | 3839/5018 [8:36:55<2:43:16,  8.31s/it]
PPSurf + Mesh→PC:  77%|███████▋  | 3840/5018 [8:37:04<2:42:28,  8.28s/it]
PPSurf + Mesh→PC:  77%|███████▋  | 3841/5018 [8:37:12<2:41:35,  8.24s/it]
PPSurf + Mesh→PC:  77%|███████▋  | 3842/5018 [8:37:20<2:43:08,  8.32s/it]
PPSurf + Mesh→PC:  77%|███████▋  | 3843/5018 [8:37:29<2:47:17,  8.54s/it]
PPSurf + Mesh→PC:  77%|███████▋  | 3844/5018 [8:37:38<2:48:48,  8.63s/it]
PPSurf + Mesh→PC:  77%|███████▋  | 3845/5018 [8:37:48<2:53:57,  8.90s/it]
PPSurf + Mesh→PC:  77%|███████▋  | 3846/5018 [8:37:57<2:54:43,  8.94s/it]
PPSurf + Mesh→PC:  77%|███████▋  | 3847/5018 [8:38:06<2:54:44,  8.95s/it]
PPSurf + Mesh→PC:  77%|███████▋  | 3848/5018 [8:38:15<2:56:01,  9.03s/it]
PPSurf + Mesh→PC:  77%|███████▋  | 3849/5018 [8:38:24<2:55:22,  9.00s/it]
PPSurf + Mesh→PC:  77%|███████▋  | 3850/5018 [8:38:33<2:57:07,  9.10s/it]
PPSurf + Mesh→PC:  77%|███████▋  | 3851/5018 [8:38:42<2:57:40,  9.14s/it]
PPSurf + Mesh→PC:  77%|███████▋  | 3852/5018 [8:38:51<2:55:55,  9.05s/it]
PPSurf + Mesh→PC:  77%|███████▋  | 3853/5018 [8:38:59<2:48:14,  8.66s/it]
PPSurf + Mesh→PC:  77%|███████▋  | 3854/5018 [8:39:08<2:47:26,  8.63s/it]
PPSurf + Mesh→PC:  77%|███████▋  | 3855/5018 [8:39:17<2:51:12,  8.83s/it]
PPSurf + Mesh→PC:  77%|███████▋  | 3856/5018 [8:39:25<2:48:09,  8.68s/it]
PPSurf + Mesh→PC:  77%|███████▋  | 3857/5018 [8:39:34<2:48:09,  8.69s/it]
PPSurf + Mesh→PC:  77%|███████▋  | 3858/5018 [8:39:43<2:49:10,  8.75s/it]
PPSurf + Mesh→PC:  77%|███████▋  | 3859/5018 [8:39:50<2:41:55,  8.38s/it]
PPSurf + Mesh→PC:  77%|███████▋  | 3860/5018 [8:39:59<2:43:33,  8.47s/it]
PPSurf + Mesh→PC:  77%|███████▋  | 3861/5018 [8:40:09<2:54:21,  9.04s/it]
PPSurf + Mesh→PC:  77%|███████▋  | 3862/5018 [8:40:18<2:51:01,  8.88s/it]
PPSurf + Mesh→PC:  77%|███████▋  | 3863/5018 [8:40:26<2:46:44,  8.66s/it]
PPSurf + Mesh→PC:  77%|███████▋  | 3864/5018 [8:40:35<2:48:54,  8.78s/it]
PPSurf + Mesh→PC:  77%|███████▋  | 3865/5018 [8:40:45<2:52:17,  8.97s/it]
PPSurf + Mesh→PC:  77%|███████▋  | 3866/5018 [8:40:54<2:57:14,  9.23s/it]
PPSurf + Mesh→PC:  77%|███████▋  | 3867/5018 [8:41:04<2:58:05,  9.28s/it]
PPSurf + Mesh→PC:  77%|███████▋  | 3868/5018 [8:41:12<2:50:34,  8.90s/it]
PPSurf + Mesh→PC:  77%|███████▋  | 3869/5018 [8:41:22<2:56:49,  9.23s/it]
PPSurf + Mesh→PC:  77%|███████▋  | 3870/5018 [8:41:30<2:53:07,  9.05s/it]
PPSurf + Mesh→PC:  77%|███████▋  | 3871/5018 [8:41:38<2:43:31,  8.55s/it]
PPSurf + Mesh→PC:  77%|███████▋  | 3872/5018 [8:41:46<2:39:26,  8.35s/it]
PPSurf + Mesh→PC:  77%|███████▋  | 3873/5018 [8:42:11<4:16:39, 13.45s/it]
PPSurf + Mesh→PC:  77%|███████▋  | 3874/5018 [8:42:20<3:52:27, 12.19s/it]
PPSurf + Mesh→PC:  77%|███████▋  | 3875/5018 [8:42:29<3:29:58, 11.02s/it]
PPSurf + Mesh→PC:  77%|███████▋  | 3876/5018 [8:42:37<3:12:56, 10.14s/it]
PPSurf + Mesh→PC:  77%|███████▋  | 3877/5018 [8:42:45<3:02:24,  9.59s/it]
PPSurf + Mesh→PC:  77%|███████▋  | 3878/5018 [8:42:53<2:55:05,  9.21s/it]
PPSurf + Mesh→PC:  77%|███████▋  | 3879/5018 [8:43:01<2:47:18,  8.81s/it]
PPSurf + Mesh→PC:  77%|███████▋  | 3880/5018 [8:43:09<2:42:00,  8.54s/it]
PPSurf + Mesh→PC:  77%|███████▋  | 3881/5018 [8:43:22<3:03:39,  9.69s/it]
PPSurf + Mesh→PC:  77%|███████▋  | 3882/5018 [8:43:31<3:02:39,  9.65s/it]
PPSurf + Mesh→PC:  77%|███████▋  | 3883/5018 [8:43:40<2:55:50,  9.30s/it]
PPSurf + Mesh→PC:  77%|███████▋  | 3884/5018 [8:43:48<2:49:32,  8.97s/it]
PPSurf + Mesh→PC:  77%|███████▋  | 3885/5018 [8:43:57<2:53:16,  9.18s/it]
PPSurf + Mesh→PC:  77%|███████▋  | 3886/5018 [8:44:05<2:43:47,  8.68s/it]
PPSurf + Mesh→PC:  77%|███████▋  | 3887/5018 [8:44:14<2:47:16,  8.87s/it]
PPSurf + Mesh→PC:  77%|███████▋  | 3888/5018 [8:44:22<2:41:21,  8.57s/it]
PPSurf + Mesh→PC:  78%|███████▊  | 3889/5018 [8:44:32<2:47:53,  8.92s/it]
PPSurf + Mesh→PC:  78%|███████▊  | 3890/5018 [8:44:41<2:47:07,  8.89s/it]
PPSurf + Mesh→PC:  78%|███████▊  | 3891/5018 [8:44:49<2:42:14,  8.64s/it]
PPSurf + Mesh→PC:  78%|███████▊  | 3892/5018 [8:44:58<2:45:52,  8.84s/it]
PPSurf + Mesh→PC:  78%|███████▊  | 3893/5018 [8:45:08<2:50:04,  9.07s/it]
PPSurf + Mesh→PC:  78%|███████▊  | 3894/5018 [8:45:17<2:51:01,  9.13s/it]
PPSurf + Mesh→PC:  78%|███████▊  | 3895/5018 [8:45:25<2:44:12,  8.77s/it]
PPSurf + Mesh→PC:  78%|███████▊  | 3896/5018 [8:45:32<2:37:27,  8.42s/it]
PPSurf + Mesh→PC:  78%|███████▊  | 3897/5018 [8:45:41<2:36:02,  8.35s/it]
PPSurf + Mesh→PC:  78%|███████▊  | 3898/5018 [8:45:49<2:36:14,  8.37s/it]
PPSurf + Mesh→PC:  78%|███████▊  | 3899/5018 [8:45:57<2:36:04,  8.37s/it]
PPSurf + Mesh→PC:  78%|███████▊  | 3900/5018 [8:46:06<2:36:40,  8.41s/it]
PPSurf + Mesh→PC:  78%|███████▊  | 3901/5018 [8:46:14<2:36:52,  8.43s/it]
PPSurf + Mesh→PC:  78%|███████▊  | 3902/5018 [8:46:24<2:41:51,  8.70s/it]
PPSurf + Mesh→PC:  78%|███████▊  | 3903/5018 [8:46:33<2:44:41,  8.86s/it]
PPSurf + Mesh→PC:  78%|███████▊  | 3904/5018 [8:46:42<2:45:47,  8.93s/it]
PPSurf + Mesh→PC:  78%|███████▊  | 3905/5018 [8:46:51<2:44:34,  8.87s/it]
PPSurf + Mesh→PC:  78%|███████▊  | 3906/5018 [8:47:00<2:43:55,  8.84s/it]
PPSurf + Mesh→PC:  78%|███████▊  | 3907/5018 [8:47:09<2:45:26,  8.93s/it]
PPSurf + Mesh→PC:  78%|███████▊  | 3908/5018 [8:47:17<2:44:21,  8.88s/it]
PPSurf + Mesh→PC:  78%|███████▊  | 3909/5018 [8:47:27<2:45:44,  8.97s/it]
PPSurf + Mesh→PC:  78%|███████▊  | 3910/5018 [8:47:36<2:45:59,  8.99s/it]
PPSurf + Mesh→PC:  78%|███████▊  | 3911/5018 [8:47:45<2:46:03,  9.00s/it]
PPSurf + Mesh→PC:  78%|███████▊  | 3912/5018 [8:47:54<2:45:49,  9.00s/it]
PPSurf + Mesh→PC:  78%|███████▊  | 3913/5018 [8:48:03<2:44:55,  8.96s/it]
PPSurf + Mesh→PC:  78%|███████▊  | 3914/5018 [8:48:12<2:45:09,  8.98s/it]
PPSurf + Mesh→PC:  78%|███████▊  | 3915/5018 [8:48:21<2:44:53,  8.97s/it]
PPSurf + Mesh→PC:  78%|███████▊  | 3916/5018 [8:48:30<2:45:28,  9.01s/it]
PPSurf + Mesh→PC:  78%|███████▊  | 3917/5018 [8:48:38<2:43:20,  8.90s/it]
PPSurf + Mesh→PC:  78%|███████▊  | 3918/5018 [8:48:48<2:45:28,  9.03s/it]
PPSurf + Mesh→PC:  78%|███████▊  | 3919/5018 [8:48:57<2:47:08,  9.12s/it]
PPSurf + Mesh→PC:  78%|███████▊  | 3920/5018 [8:49:06<2:46:20,  9.09s/it]
PPSurf + Mesh→PC:  78%|███████▊  | 3921/5018 [8:49:15<2:44:36,  9.00s/it]
PPSurf + Mesh→PC:  78%|███████▊  | 3922/5018 [8:49:24<2:46:23,  9.11s/it]
PPSurf + Mesh→PC:  78%|███████▊  | 3923/5018 [8:49:34<2:48:14,  9.22s/it]
PPSurf + Mesh→PC:  78%|███████▊  | 3924/5018 [8:49:43<2:46:38,  9.14s/it]
PPSurf + Mesh→PC:  78%|███████▊  | 3925/5018 [8:49:52<2:47:43,  9.21s/it]
PPSurf + Mesh→PC:  78%|███████▊  | 3926/5018 [8:50:01<2:44:14,  9.02s/it]
PPSurf + Mesh→PC:  78%|███████▊  | 3927/5018 [8:50:09<2:41:11,  8.87s/it]
PPSurf + Mesh→PC:  78%|███████▊  | 3928/5018 [8:50:18<2:42:16,  8.93s/it]
PPSurf + Mesh→PC:  78%|███████▊  | 3929/5018 [8:50:27<2:42:40,  8.96s/it]
PPSurf + Mesh→PC:  78%|███████▊  | 3930/5018 [8:50:36<2:41:31,  8.91s/it]
PPSurf + Mesh→PC:  78%|███████▊  | 3931/5018 [8:50:45<2:41:08,  8.89s/it]
PPSurf + Mesh→PC:  78%|███████▊  | 3932/5018 [8:50:54<2:44:47,  9.10s/it]
PPSurf + Mesh→PC:  78%|███████▊  | 3933/5018 [8:51:03<2:43:43,  9.05s/it]
PPSurf + Mesh→PC:  78%|███████▊  | 3934/5018 [8:51:12<2:43:11,  9.03s/it]
PPSurf + Mesh→PC:  78%|███████▊  | 3935/5018 [8:51:22<2:45:56,  9.19s/it]
PPSurf + Mesh→PC:  78%|███████▊  | 3936/5018 [8:51:31<2:46:46,  9.25s/it]
PPSurf + Mesh→PC:  78%|███████▊  | 3937/5018 [8:51:40<2:44:55,  9.15s/it]
PPSurf + Mesh→PC:  78%|███████▊  | 3938/5018 [8:51:49<2:43:07,  9.06s/it]
PPSurf + Mesh→PC:  78%|███████▊  | 3939/5018 [8:51:58<2:45:01,  9.18s/it]
PPSurf + Mesh→PC:  79%|███████▊  | 3940/5018 [8:52:08<2:47:42,  9.33s/it]
PPSurf + Mesh→PC:  79%|███████▊  | 3941/5018 [8:52:17<2:43:56,  9.13s/it]
PPSurf + Mesh→PC:  79%|███████▊  | 3942/5018 [8:52:26<2:42:16,  9.05s/it]
PPSurf + Mesh→PC:  79%|███████▊  | 3943/5018 [8:52:34<2:38:10,  8.83s/it]
PPSurf + Mesh→PC:  79%|███████▊  | 3944/5018 [8:52:43<2:41:22,  9.02s/it]
PPSurf + Mesh→PC:  79%|███████▊  | 3945/5018 [8:52:52<2:40:16,  8.96s/it]
PPSurf + Mesh→PC:  79%|███████▊  | 3946/5018 [8:53:03<2:52:00,  9.63s/it]
PPSurf + Mesh→PC:  79%|███████▊  | 3947/5018 [8:53:12<2:45:19,  9.26s/it]
PPSurf + Mesh→PC:  79%|███████▊  | 3948/5018 [8:53:21<2:44:32,  9.23s/it]
PPSurf + Mesh→PC:  79%|███████▊  | 3949/5018 [8:53:30<2:41:29,  9.06s/it]
PPSurf + Mesh→PC:  79%|███████▊  | 3950/5018 [8:53:38<2:39:16,  8.95s/it]
PPSurf + Mesh→PC:  79%|███████▊  | 3951/5018 [8:53:47<2:36:27,  8.80s/it]
PPSurf + Mesh→PC:  79%|███████▉  | 3952/5018 [8:53:56<2:36:43,  8.82s/it]
PPSurf + Mesh→PC:  79%|███████▉  | 3953/5018 [8:54:05<2:36:41,  8.83s/it]
PPSurf + Mesh→PC:  79%|███████▉  | 3954/5018 [8:54:12<2:27:43,  8.33s/it]
PPSurf + Mesh→PC:  79%|███████▉  | 3955/5018 [8:54:19<2:23:41,  8.11s/it]
PPSurf + Mesh→PC:  79%|███████▉  | 3956/5018 [8:54:28<2:24:56,  8.19s/it]
PPSurf + Mesh→PC:  79%|███████▉  | 3957/5018 [8:54:36<2:24:02,  8.15s/it]
PPSurf + Mesh→PC:  79%|███████▉  | 3958/5018 [8:54:45<2:31:08,  8.56s/it]
PPSurf + Mesh→PC:  79%|███████▉  | 3959/5018 [8:54:54<2:30:34,  8.53s/it]
PPSurf + Mesh→PC:  79%|███████▉  | 3960/5018 [8:55:03<2:35:28,  8.82s/it]
PPSurf + Mesh→PC:  79%|███████▉  | 3961/5018 [8:55:11<2:31:18,  8.59s/it]
PPSurf + Mesh→PC:  79%|███████▉  | 3962/5018 [8:55:19<2:25:08,  8.25s/it]
PPSurf + Mesh→PC:  79%|███████▉  | 3963/5018 [8:55:26<2:21:32,  8.05s/it]
PPSurf + Mesh→PC:  79%|███████▉  | 3964/5018 [8:55:35<2:23:34,  8.17s/it]
PPSurf + Mesh→PC:  79%|███████▉  | 3965/5018 [8:55:43<2:25:33,  8.29s/it]
PPSurf + Mesh→PC:  79%|███████▉  | 3966/5018 [8:55:51<2:24:30,  8.24s/it]
PPSurf + Mesh→PC:  79%|███████▉  | 3967/5018 [8:56:01<2:30:35,  8.60s/it]
PPSurf + Mesh→PC:  79%|███████▉  | 3968/5018 [8:56:08<2:24:10,  8.24s/it]
PPSurf + Mesh→PC:  79%|███████▉  | 3969/5018 [8:56:17<2:24:40,  8.28s/it]
PPSurf + Mesh→PC:  79%|███████▉  | 3970/5018 [8:56:26<2:28:29,  8.50s/it]
PPSurf + Mesh→PC:  79%|███████▉  | 3971/5018 [8:56:33<2:23:33,  8.23s/it]
PPSurf + Mesh→PC:  79%|███████▉  | 3972/5018 [8:56:42<2:24:39,  8.30s/it]
PPSurf + Mesh→PC:  79%|███████▉  | 3973/5018 [8:56:49<2:19:17,  8.00s/it]
PPSurf + Mesh→PC:  79%|███████▉  | 3974/5018 [8:56:57<2:19:59,  8.05s/it]
PPSurf + Mesh→PC:  79%|███████▉  | 3975/5018 [8:57:06<2:21:57,  8.17s/it]
PPSurf + Mesh→PC:  79%|███████▉  | 3976/5018 [8:57:14<2:24:22,  8.31s/it]
PPSurf + Mesh→PC:  79%|███████▉  | 3977/5018 [8:57:23<2:24:15,  8.31s/it]
PPSurf + Mesh→PC:  79%|███████▉  | 3978/5018 [8:57:31<2:26:24,  8.45s/it]
PPSurf + Mesh→PC:  79%|███████▉  | 3979/5018 [8:57:40<2:26:51,  8.48s/it]
PPSurf + Mesh→PC:  79%|███████▉  | 3980/5018 [8:57:49<2:31:59,  8.79s/it]
PPSurf + Mesh→PC:  79%|███████▉  | 3981/5018 [8:57:58<2:33:00,  8.85s/it]
PPSurf + Mesh→PC:  79%|███████▉  | 3982/5018 [8:58:07<2:31:13,  8.76s/it]
PPSurf + Mesh→PC:  79%|███████▉  | 3983/5018 [8:58:16<2:31:43,  8.80s/it]
PPSurf + Mesh→PC:  79%|███████▉  | 3984/5018 [8:58:25<2:32:22,  8.84s/it]
PPSurf + Mesh→PC:  79%|███████▉  | 3985/5018 [8:58:34<2:32:37,  8.86s/it]
PPSurf + Mesh→PC:  79%|███████▉  | 3986/5018 [8:58:44<2:39:04,  9.25s/it]
PPSurf + Mesh→PC:  79%|███████▉  | 3987/5018 [8:58:53<2:38:50,  9.24s/it]
PPSurf + Mesh→PC:  79%|███████▉  | 3988/5018 [8:59:02<2:35:18,  9.05s/it]
PPSurf + Mesh→PC:  79%|███████▉  | 3989/5018 [8:59:11<2:38:52,  9.26s/it]
PPSurf + Mesh→PC:  80%|███████▉  | 3990/5018 [8:59:20<2:36:51,  9.15s/it]
PPSurf + Mesh→PC:  80%|███████▉  | 3991/5018 [8:59:30<2:37:06,  9.18s/it]
PPSurf + Mesh→PC:  80%|███████▉  | 3992/5018 [8:59:39<2:37:22,  9.20s/it]
PPSurf + Mesh→PC:  80%|███████▉  | 3993/5018 [8:59:48<2:36:38,  9.17s/it]
PPSurf + Mesh→PC:  80%|███████▉  | 3994/5018 [8:59:57<2:35:44,  9.13s/it]
PPSurf + Mesh→PC:  80%|███████▉  | 3995/5018 [9:00:05<2:32:27,  8.94s/it]
PPSurf + Mesh→PC:  80%|███████▉  | 3996/5018 [9:00:14<2:28:50,  8.74s/it]
PPSurf + Mesh→PC:  80%|███████▉  | 3997/5018 [9:00:23<2:30:10,  8.83s/it]
PPSurf + Mesh→PC:  80%|███████▉  | 3998/5018 [9:00:32<2:31:14,  8.90s/it]
PPSurf + Mesh→PC:  80%|███████▉  | 3999/5018 [9:00:40<2:29:17,  8.79s/it]
PPSurf + Mesh→PC:  80%|███████▉  | 4000/5018 [9:00:49<2:29:18,  8.80s/it]
PPSurf + Mesh→PC:  80%|███████▉  | 4001/5018 [9:00:58<2:27:07,  8.68s/it]
PPSurf + Mesh→PC:  80%|███████▉  | 4002/5018 [9:01:07<2:29:44,  8.84s/it]
PPSurf + Mesh→PC:  80%|███████▉  | 4003/5018 [9:01:16<2:28:57,  8.81s/it]
PPSurf + Mesh→PC:  80%|███████▉  | 4004/5018 [9:01:24<2:28:50,  8.81s/it]
PPSurf + Mesh→PC:  80%|███████▉  | 4005/5018 [9:01:34<2:33:34,  9.10s/it]
PPSurf + Mesh→PC:  80%|███████▉  | 4006/5018 [9:01:43<2:32:17,  9.03s/it]
PPSurf + Mesh→PC:  80%|███████▉  | 4007/5018 [9:01:53<2:37:43,  9.36s/it]
PPSurf + Mesh→PC:  80%|███████▉  | 4008/5018 [9:02:01<2:29:25,  8.88s/it]
PPSurf + Mesh→PC:  80%|███████▉  | 4009/5018 [9:02:11<2:35:10,  9.23s/it]
PPSurf + Mesh→PC:  80%|███████▉  | 4010/5018 [9:02:19<2:30:23,  8.95s/it]
PPSurf + Mesh→PC:  80%|███████▉  | 4011/5018 [9:02:28<2:31:49,  9.05s/it]
PPSurf + Mesh→PC:  80%|███████▉  | 4012/5018 [9:02:38<2:31:33,  9.04s/it]
PPSurf + Mesh→PC:  80%|███████▉  | 4013/5018 [9:02:47<2:33:04,  9.14s/it]
PPSurf + Mesh→PC:  80%|███████▉  | 4014/5018 [9:02:55<2:26:20,  8.75s/it]
PPSurf + Mesh→PC:  80%|████████  | 4015/5018 [9:03:04<2:29:23,  8.94s/it]
PPSurf + Mesh→PC:  80%|████████  | 4016/5018 [9:03:13<2:29:01,  8.92s/it]
PPSurf + Mesh→PC:  80%|████████  | 4017/5018 [9:03:21<2:25:36,  8.73s/it]
PPSurf + Mesh→PC:  80%|████████  | 4018/5018 [9:03:32<2:34:10,  9.25s/it]
PPSurf + Mesh→PC:  80%|████████  | 4019/5018 [9:03:40<2:27:22,  8.85s/it]
PPSurf + Mesh→PC:  80%|████████  | 4020/5018 [9:03:48<2:26:13,  8.79s/it]
PPSurf + Mesh→PC:  80%|████████  | 4021/5018 [9:03:56<2:20:52,  8.48s/it]
PPSurf + Mesh→PC:  80%|████████  | 4022/5018 [9:04:05<2:22:30,  8.59s/it]
PPSurf + Mesh→PC:  80%|████████  | 4023/5018 [9:04:13<2:21:45,  8.55s/it]
PPSurf + Mesh→PC:  80%|████████  | 4024/5018 [9:04:25<2:38:16,  9.55s/it]
PPSurf + Mesh→PC:  80%|████████  | 4025/5018 [9:04:35<2:37:19,  9.51s/it]
PPSurf + Mesh→PC:  80%|████████  | 4026/5018 [9:04:44<2:35:16,  9.39s/it]
PPSurf + Mesh→PC:  80%|████████  | 4027/5018 [9:04:53<2:32:25,  9.23s/it]
PPSurf + Mesh→PC:  80%|████████  | 4028/5018 [9:05:01<2:28:46,  9.02s/it]
PPSurf + Mesh→PC:  80%|████████  | 4029/5018 [9:05:11<2:32:48,  9.27s/it]
PPSurf + Mesh→PC:  80%|████████  | 4030/5018 [9:05:21<2:37:11,  9.55s/it]
PPSurf + Mesh→PC:  80%|████████  | 4031/5018 [9:05:31<2:40:10,  9.74s/it]
PPSurf + Mesh→PC:  80%|████████  | 4032/5018 [9:05:41<2:37:02,  9.56s/it]
PPSurf + Mesh→PC:  80%|████████  | 4033/5018 [9:05:50<2:39:01,  9.69s/it]
PPSurf + Mesh→PC:  80%|████████  | 4034/5018 [9:05:59<2:33:00,  9.33s/it]
PPSurf + Mesh→PC:  80%|████████  | 4035/5018 [9:06:09<2:37:29,  9.61s/it]
PPSurf + Mesh→PC:  80%|████████  | 4036/5018 [9:06:20<2:41:28,  9.87s/it]
PPSurf + Mesh→PC:  80%|████████  | 4037/5018 [9:06:29<2:37:13,  9.62s/it]
PPSurf + Mesh→PC:  80%|████████  | 4038/5018 [9:06:39<2:41:53,  9.91s/it]
PPSurf + Mesh→PC:  80%|████████  | 4039/5018 [9:06:48<2:35:02,  9.50s/it]
PPSurf + Mesh→PC:  81%|████████  | 4040/5018 [9:06:58<2:36:08,  9.58s/it]
PPSurf + Mesh→PC:  81%|████████  | 4041/5018 [9:07:19<3:31:46, 13.01s/it]
PPSurf + Mesh→PC:  81%|████████  | 4042/5018 [9:07:28<3:11:36, 11.78s/it]
PPSurf + Mesh→PC:  81%|████████  | 4043/5018 [9:07:37<3:00:25, 11.10s/it]
PPSurf + Mesh→PC:  81%|████████  | 4044/5018 [9:07:47<2:52:01, 10.60s/it]
PPSurf + Mesh→PC:  81%|████████  | 4045/5018 [9:07:55<2:43:11, 10.06s/it]
PPSurf + Mesh→PC:  81%|████████  | 4046/5018 [9:08:04<2:37:42,  9.74s/it]
PPSurf + Mesh→PC:  81%|████████  | 4047/5018 [9:08:14<2:35:57,  9.64s/it]
PPSurf + Mesh→PC:  81%|████████  | 4048/5018 [9:08:23<2:33:08,  9.47s/it]
PPSurf + Mesh→PC:  81%|████████  | 4049/5018 [9:08:32<2:31:54,  9.41s/it]
PPSurf + Mesh→PC:  81%|████████  | 4050/5018 [9:08:41<2:29:42,  9.28s/it]
PPSurf + Mesh→PC:  81%|████████  | 4051/5018 [9:08:51<2:33:30,  9.52s/it]
PPSurf + Mesh→PC:  81%|████████  | 4052/5018 [9:09:00<2:32:22,  9.46s/it]
PPSurf + Mesh→PC:  81%|████████  | 4053/5018 [9:09:10<2:32:23,  9.48s/it]
PPSurf + Mesh→PC:  81%|████████  | 4054/5018 [9:09:21<2:38:19,  9.85s/it]
PPSurf + Mesh→PC:  81%|████████  | 4055/5018 [9:09:31<2:41:55, 10.09s/it]
PPSurf + Mesh→PC:  81%|████████  | 4056/5018 [9:09:41<2:37:31,  9.82s/it]
PPSurf + Mesh→PC:  81%|████████  | 4057/5018 [9:09:49<2:31:40,  9.47s/it]
PPSurf + Mesh→PC:  81%|████████  | 4058/5018 [9:09:58<2:28:18,  9.27s/it]
PPSurf + Mesh→PC:  81%|████████  | 4059/5018 [9:10:06<2:24:14,  9.02s/it]
PPSurf + Mesh→PC:  81%|████████  | 4060/5018 [9:10:15<2:21:56,  8.89s/it]
PPSurf + Mesh→PC:  81%|████████  | 4061/5018 [9:10:24<2:23:21,  8.99s/it]
PPSurf + Mesh→PC:  81%|████████  | 4062/5018 [9:10:32<2:18:37,  8.70s/it]
PPSurf + Mesh→PC:  81%|████████  | 4063/5018 [9:10:40<2:14:39,  8.46s/it]
PPSurf + Mesh→PC:  81%|████████  | 4064/5018 [9:10:49<2:14:28,  8.46s/it]
PPSurf + Mesh→PC:  81%|████████  | 4065/5018 [9:10:58<2:19:47,  8.80s/it]
PPSurf + Mesh→PC:  81%|████████  | 4066/5018 [9:11:07<2:21:03,  8.89s/it]
PPSurf + Mesh→PC:  81%|████████  | 4067/5018 [9:11:16<2:17:36,  8.68s/it]
PPSurf + Mesh→PC:  81%|████████  | 4068/5018 [9:11:24<2:15:38,  8.57s/it]
PPSurf + Mesh→PC:  81%|████████  | 4069/5018 [9:11:32<2:13:21,  8.43s/it]
PPSurf + Mesh→PC:  81%|████████  | 4070/5018 [9:11:42<2:21:30,  8.96s/it]
PPSurf + Mesh→PC:  81%|████████  | 4071/5018 [9:11:51<2:22:56,  9.06s/it]
PPSurf + Mesh→PC:  81%|████████  | 4072/5018 [9:12:01<2:24:27,  9.16s/it]
PPSurf + Mesh→PC:  81%|████████  | 4073/5018 [9:12:09<2:18:06,  8.77s/it]
PPSurf + Mesh→PC:  81%|████████  | 4074/5018 [9:12:18<2:19:41,  8.88s/it]
PPSurf + Mesh→PC:  81%|████████  | 4075/5018 [9:12:27<2:21:09,  8.98s/it]
PPSurf + Mesh→PC:  81%|████████  | 4076/5018 [9:12:35<2:18:19,  8.81s/it]
PPSurf + Mesh→PC:  81%|████████  | 4077/5018 [9:12:43<2:12:44,  8.46s/it]
PPSurf + Mesh→PC:  81%|████████▏ | 4078/5018 [9:12:52<2:13:08,  8.50s/it]
PPSurf + Mesh→PC:  81%|████████▏ | 4079/5018 [9:12:59<2:08:39,  8.22s/it]
PPSurf + Mesh→PC:  81%|████████▏ | 4080/5018 [9:13:09<2:15:44,  8.68s/it]
PPSurf + Mesh→PC:  81%|████████▏ | 4081/5018 [9:13:17<2:14:15,  8.60s/it]
PPSurf + Mesh→PC:  81%|████████▏ | 4082/5018 [9:13:26<2:13:27,  8.55s/it]
PPSurf + Mesh→PC:  81%|████████▏ | 4083/5018 [9:13:35<2:16:24,  8.75s/it]
PPSurf + Mesh→PC:  81%|████████▏ | 4084/5018 [9:13:44<2:15:40,  8.72s/it]
PPSurf + Mesh→PC:  81%|████████▏ | 4085/5018 [9:13:55<2:29:32,  9.62s/it]
PPSurf + Mesh→PC:  81%|████████▏ | 4086/5018 [9:14:04<2:26:56,  9.46s/it]
PPSurf + Mesh→PC:  81%|████████▏ | 4087/5018 [9:14:13<2:24:18,  9.30s/it]
PPSurf + Mesh→PC:  81%|████████▏ | 4088/5018 [9:14:22<2:20:24,  9.06s/it]
PPSurf + Mesh→PC:  81%|████████▏ | 4089/5018 [9:14:30<2:16:47,  8.84s/it]
PPSurf + Mesh→PC:  82%|████████▏ | 4090/5018 [9:14:39<2:17:06,  8.86s/it]
PPSurf + Mesh→PC:  82%|████████▏ | 4091/5018 [9:14:47<2:14:08,  8.68s/it]
PPSurf + Mesh→PC:  82%|████████▏ | 4092/5018 [9:14:56<2:14:18,  8.70s/it]
PPSurf + Mesh→PC:  82%|████████▏ | 4093/5018 [9:15:04<2:11:51,  8.55s/it]
PPSurf + Mesh→PC:  82%|████████▏ | 4094/5018 [9:15:13<2:12:41,  8.62s/it]
PPSurf + Mesh→PC:  82%|████████▏ | 4095/5018 [9:15:21<2:10:39,  8.49s/it]
PPSurf + Mesh→PC:  82%|████████▏ | 4096/5018 [9:15:31<2:13:50,  8.71s/it]
PPSurf + Mesh→PC:  82%|████████▏ | 4097/5018 [9:15:40<2:15:36,  8.83s/it]
PPSurf + Mesh→PC:  82%|████████▏ | 4098/5018 [9:15:48<2:12:21,  8.63s/it]
PPSurf + Mesh→PC:  82%|████████▏ | 4099/5018 [9:15:57<2:12:17,  8.64s/it]
PPSurf + Mesh→PC:  82%|████████▏ | 4100/5018 [9:16:04<2:07:51,  8.36s/it]
PPSurf + Mesh→PC:  82%|████████▏ | 4101/5018 [9:16:13<2:07:30,  8.34s/it]
PPSurf + Mesh→PC:  82%|████████▏ | 4102/5018 [9:16:22<2:10:59,  8.58s/it]
PPSurf + Mesh→PC:  82%|████████▏ | 4103/5018 [9:16:30<2:11:44,  8.64s/it]
PPSurf + Mesh→PC:  82%|████████▏ | 4104/5018 [9:16:39<2:11:24,  8.63s/it]
PPSurf + Mesh→PC:  82%|████████▏ | 4105/5018 [9:16:48<2:13:35,  8.78s/it]
PPSurf + Mesh→PC:  82%|████████▏ | 4106/5018 [9:16:57<2:13:19,  8.77s/it]
PPSurf + Mesh→PC:  82%|████████▏ | 4107/5018 [9:17:05<2:11:12,  8.64s/it]
PPSurf + Mesh→PC:  82%|████████▏ | 4108/5018 [9:17:14<2:10:58,  8.64s/it]
PPSurf + Mesh→PC:  82%|████████▏ | 4109/5018 [9:17:23<2:13:00,  8.78s/it]
PPSurf + Mesh→PC:  82%|████████▏ | 4110/5018 [9:17:32<2:14:56,  8.92s/it]
PPSurf + Mesh→PC:  82%|████████▏ | 4111/5018 [9:17:41<2:13:47,  8.85s/it]
PPSurf + Mesh→PC:  82%|████████▏ | 4112/5018 [9:17:49<2:11:43,  8.72s/it]
PPSurf + Mesh→PC:  82%|████████▏ | 4113/5018 [9:17:59<2:16:36,  9.06s/it]
PPSurf + Mesh→PC:  82%|████████▏ | 4114/5018 [9:18:08<2:17:16,  9.11s/it]
PPSurf + Mesh→PC:  82%|████████▏ | 4115/5018 [9:18:18<2:17:56,  9.17s/it]
PPSurf + Mesh→PC:  82%|████████▏ | 4116/5018 [9:18:27<2:19:49,  9.30s/it]
PPSurf + Mesh→PC:  82%|████████▏ | 4117/5018 [9:18:36<2:15:27,  9.02s/it]
PPSurf + Mesh→PC:  82%|████████▏ | 4118/5018 [9:18:44<2:13:37,  8.91s/it]
PPSurf + Mesh→PC:  82%|████████▏ | 4119/5018 [9:18:53<2:10:12,  8.69s/it]
PPSurf + Mesh→PC:  82%|████████▏ | 4120/5018 [9:19:02<2:12:01,  8.82s/it]
PPSurf + Mesh→PC:  82%|████████▏ | 4121/5018 [9:19:11<2:13:03,  8.90s/it]
PPSurf + Mesh→PC:  82%|████████▏ | 4122/5018 [9:19:21<2:19:01,  9.31s/it]
PPSurf + Mesh→PC:  82%|████████▏ | 4123/5018 [9:19:29<2:14:20,  9.01s/it]
PPSurf + Mesh→PC:  82%|████████▏ | 4124/5018 [9:19:38<2:11:39,  8.84s/it]
PPSurf + Mesh→PC:  82%|████████▏ | 4125/5018 [9:19:46<2:09:49,  8.72s/it]
PPSurf + Mesh→PC:  82%|████████▏ | 4126/5018 [9:19:56<2:12:30,  8.91s/it]
PPSurf + Mesh→PC:  82%|████████▏ | 4127/5018 [9:20:04<2:09:52,  8.75s/it]
PPSurf + Mesh→PC:  82%|████████▏ | 4128/5018 [9:20:13<2:10:54,  8.82s/it]
PPSurf + Mesh→PC:  82%|████████▏ | 4129/5018 [9:20:21<2:08:56,  8.70s/it]
PPSurf + Mesh→PC:  82%|████████▏ | 4130/5018 [9:20:30<2:06:51,  8.57s/it]
PPSurf + Mesh→PC:  82%|████████▏ | 4131/5018 [9:20:40<2:12:44,  8.98s/it]
PPSurf + Mesh→PC:  82%|████████▏ | 4132/5018 [9:20:48<2:09:50,  8.79s/it]
PPSurf + Mesh→PC:  82%|████████▏ | 4133/5018 [9:20:57<2:09:49,  8.80s/it]
PPSurf + Mesh→PC:  82%|████████▏ | 4134/5018 [9:21:05<2:08:58,  8.75s/it]
PPSurf + Mesh→PC:  82%|████████▏ | 4135/5018 [9:21:14<2:09:44,  8.82s/it]
PPSurf + Mesh→PC:  82%|████████▏ | 4136/5018 [9:21:23<2:09:13,  8.79s/it]
PPSurf + Mesh→PC:  82%|████████▏ | 4137/5018 [9:21:33<2:12:02,  8.99s/it]
PPSurf + Mesh→PC:  82%|████████▏ | 4138/5018 [9:21:42<2:12:50,  9.06s/it]
PPSurf + Mesh→PC:  82%|████████▏ | 4139/5018 [9:21:51<2:15:24,  9.24s/it]
PPSurf + Mesh→PC:  83%|████████▎ | 4140/5018 [9:22:00<2:13:39,  9.13s/it]
PPSurf + Mesh→PC:  83%|████████▎ | 4141/5018 [9:22:10<2:16:01,  9.31s/it]
PPSurf + Mesh→PC:  83%|████████▎ | 4142/5018 [9:22:19<2:13:57,  9.17s/it]
PPSurf + Mesh→PC:  83%|████████▎ | 4143/5018 [9:22:28<2:13:22,  9.15s/it]
PPSurf + Mesh→PC:  83%|████████▎ | 4144/5018 [9:22:37<2:14:29,  9.23s/it]
PPSurf + Mesh→PC:  83%|████████▎ | 4145/5018 [9:22:48<2:20:23,  9.65s/it]
PPSurf + Mesh→PC:  83%|████████▎ | 4146/5018 [9:22:57<2:17:45,  9.48s/it]
PPSurf + Mesh→PC:  83%|████████▎ | 4147/5018 [9:23:06<2:17:20,  9.46s/it]
PPSurf + Mesh→PC:  83%|████████▎ | 4148/5018 [9:23:16<2:18:41,  9.56s/it]
PPSurf + Mesh→PC:  83%|████████▎ | 4149/5018 [9:23:26<2:18:48,  9.58s/it]
PPSurf + Mesh→PC:  83%|████████▎ | 4150/5018 [9:23:36<2:19:16,  9.63s/it]
PPSurf + Mesh→PC:  83%|████████▎ | 4151/5018 [9:23:44<2:14:58,  9.34s/it]
PPSurf + Mesh→PC:  83%|████████▎ | 4152/5018 [9:23:54<2:18:00,  9.56s/it]
PPSurf + Mesh→PC:  83%|████████▎ | 4153/5018 [9:24:03<2:15:37,  9.41s/it]
PPSurf + Mesh→PC:  83%|████████▎ | 4154/5018 [9:24:12<2:10:31,  9.06s/it]
PPSurf + Mesh→PC:  83%|████████▎ | 4155/5018 [9:24:21<2:09:28,  9.00s/it]
PPSurf + Mesh→PC:  83%|████████▎ | 4156/5018 [9:24:30<2:10:32,  9.09s/it]
PPSurf + Mesh→PC:  83%|████████▎ | 4157/5018 [9:24:40<2:14:34,  9.38s/it]
PPSurf + Mesh→PC:  83%|████████▎ | 4158/5018 [9:24:49<2:15:18,  9.44s/it]
PPSurf + Mesh→PC:  83%|████████▎ | 4159/5018 [9:24:59<2:16:41,  9.55s/it]
PPSurf + Mesh→PC:  83%|████████▎ | 4160/5018 [9:25:10<2:22:49,  9.99s/it]
PPSurf + Mesh→PC:  83%|████████▎ | 4161/5018 [9:25:20<2:20:32,  9.84s/it]
PPSurf + Mesh→PC:  83%|████████▎ | 4162/5018 [9:25:28<2:14:25,  9.42s/it]
PPSurf + Mesh→PC:  83%|████████▎ | 4163/5018 [9:25:37<2:09:45,  9.11s/it]
PPSurf + Mesh→PC:  83%|████████▎ | 4164/5018 [9:25:45<2:08:28,  9.03s/it]
PPSurf + Mesh→PC:  83%|████████▎ | 4165/5018 [9:25:54<2:04:21,  8.75s/it]
PPSurf + Mesh→PC:  83%|████████▎ | 4166/5018 [9:26:02<2:02:31,  8.63s/it]
PPSurf + Mesh→PC:  83%|████████▎ | 4167/5018 [9:26:10<2:00:03,  8.46s/it]
PPSurf + Mesh→PC:  83%|████████▎ | 4168/5018 [9:26:18<1:59:13,  8.42s/it]
PPSurf + Mesh→PC:  83%|████████▎ | 4169/5018 [9:26:27<1:59:16,  8.43s/it]
PPSurf + Mesh→PC:  83%|████████▎ | 4170/5018 [9:26:36<2:01:04,  8.57s/it]
PPSurf + Mesh→PC:  83%|████████▎ | 4171/5018 [9:26:44<2:01:31,  8.61s/it]
PPSurf + Mesh→PC:  83%|████████▎ | 4172/5018 [9:26:54<2:04:31,  8.83s/it]
PPSurf + Mesh→PC:  83%|████████▎ | 4173/5018 [9:27:02<2:00:51,  8.58s/it]
PPSurf + Mesh→PC:  83%|████████▎ | 4174/5018 [9:27:10<1:58:01,  8.39s/it]
PPSurf + Mesh→PC:  83%|████████▎ | 4175/5018 [9:27:18<1:57:03,  8.33s/it]
PPSurf + Mesh→PC:  83%|████████▎ | 4176/5018 [9:27:26<1:55:18,  8.22s/it]
PPSurf + Mesh→PC:  83%|████████▎ | 4177/5018 [9:27:35<1:57:26,  8.38s/it]
PPSurf + Mesh→PC:  83%|████████▎ | 4178/5018 [9:27:43<1:55:48,  8.27s/it]
PPSurf + Mesh→PC:  83%|████████▎ | 4179/5018 [9:27:51<1:55:01,  8.23s/it]
PPSurf + Mesh→PC:  83%|████████▎ | 4180/5018 [9:28:00<2:01:34,  8.70s/it]
PPSurf + Mesh→PC:  83%|████████▎ | 4181/5018 [9:28:09<1:58:52,  8.52s/it]
PPSurf + Mesh→PC:  83%|████████▎ | 4182/5018 [9:28:16<1:55:47,  8.31s/it]
PPSurf + Mesh→PC:  83%|████████▎ | 4183/5018 [9:28:25<1:56:16,  8.35s/it]
PPSurf + Mesh→PC:  83%|████████▎ | 4184/5018 [9:28:33<1:53:44,  8.18s/it]
PPSurf + Mesh→PC:  83%|████████▎ | 4185/5018 [9:28:41<1:52:46,  8.12s/it]
PPSurf + Mesh→PC:  83%|████████▎ | 4186/5018 [9:28:49<1:54:25,  8.25s/it]
PPSurf + Mesh→PC:  83%|████████▎ | 4187/5018 [9:29:01<2:07:26,  9.20s/it]
PPSurf + Mesh→PC:  83%|████████▎ | 4188/5018 [9:29:11<2:10:51,  9.46s/it]
PPSurf + Mesh→PC:  83%|████████▎ | 4189/5018 [9:29:20<2:09:53,  9.40s/it]
PPSurf + Mesh→PC:  83%|████████▎ | 4190/5018 [9:29:29<2:09:40,  9.40s/it]
PPSurf + Mesh→PC:  84%|████████▎ | 4191/5018 [9:29:38<2:05:41,  9.12s/it]
PPSurf + Mesh→PC:  84%|████████▎ | 4192/5018 [9:29:47<2:05:31,  9.12s/it]
PPSurf + Mesh→PC:  84%|████████▎ | 4193/5018 [9:29:56<2:04:32,  9.06s/it]
PPSurf + Mesh→PC:  84%|████████▎ | 4194/5018 [9:30:04<2:01:16,  8.83s/it]
PPSurf + Mesh→PC:  84%|████████▎ | 4195/5018 [9:30:13<2:00:25,  8.78s/it]
PPSurf + Mesh→PC:  84%|████████▎ | 4196/5018 [9:30:21<1:59:25,  8.72s/it]
PPSurf + Mesh→PC:  84%|████████▎ | 4197/5018 [9:30:30<1:57:19,  8.57s/it]
PPSurf + Mesh→PC:  84%|████████▎ | 4198/5018 [9:30:40<2:05:38,  9.19s/it]
PPSurf + Mesh→PC:  84%|████████▎ | 4199/5018 [9:30:49<2:05:33,  9.20s/it]
PPSurf + Mesh→PC:  84%|████████▎ | 4200/5018 [9:30:57<1:57:43,  8.63s/it]
PPSurf + Mesh→PC:  84%|████████▎ | 4201/5018 [9:31:06<2:01:06,  8.89s/it]
PPSurf + Mesh→PC:  84%|████████▎ | 4202/5018 [9:31:14<1:57:48,  8.66s/it]
PPSurf + Mesh→PC:  84%|████████▍ | 4203/5018 [9:31:23<1:58:51,  8.75s/it]
PPSurf + Mesh→PC:  84%|████████▍ | 4204/5018 [9:31:32<1:57:56,  8.69s/it]
PPSurf + Mesh→PC:  84%|████████▍ | 4205/5018 [9:31:41<1:58:40,  8.76s/it]
PPSurf + Mesh→PC:  84%|████████▍ | 4206/5018 [9:31:49<1:56:00,  8.57s/it]
PPSurf + Mesh→PC:  84%|████████▍ | 4207/5018 [9:31:57<1:54:35,  8.48s/it]
PPSurf + Mesh→PC:  84%|████████▍ | 4208/5018 [9:32:07<1:58:17,  8.76s/it]
PPSurf + Mesh→PC:  84%|████████▍ | 4209/5018 [9:32:15<1:56:31,  8.64s/it]
PPSurf + Mesh→PC:  84%|████████▍ | 4210/5018 [9:32:24<1:56:45,  8.67s/it]
PPSurf + Mesh→PC:  84%|████████▍ | 4211/5018 [9:32:33<1:58:17,  8.80s/it]
PPSurf + Mesh→PC:  84%|████████▍ | 4212/5018 [9:32:41<1:55:47,  8.62s/it]
PPSurf + Mesh→PC:  84%|████████▍ | 4213/5018 [9:32:50<1:57:21,  8.75s/it]
PPSurf + Mesh→PC:  84%|████████▍ | 4214/5018 [9:33:00<2:00:59,  9.03s/it]
PPSurf + Mesh→PC:  84%|████████▍ | 4215/5018 [9:33:10<2:07:06,  9.50s/it]
PPSurf + Mesh→PC:  84%|████████▍ | 4216/5018 [9:33:19<2:02:52,  9.19s/it]
PPSurf + Mesh→PC:  84%|████████▍ | 4217/5018 [9:33:28<2:03:28,  9.25s/it]
PPSurf + Mesh→PC:  84%|████████▍ | 4218/5018 [9:33:38<2:04:15,  9.32s/it]
PPSurf + Mesh→PC:  84%|████████▍ | 4219/5018 [9:33:46<2:01:29,  9.12s/it]
PPSurf + Mesh→PC:  84%|████████▍ | 4220/5018 [9:33:56<2:05:00,  9.40s/it]
PPSurf + Mesh→PC:  84%|████████▍ | 4221/5018 [9:34:06<2:05:25,  9.44s/it]
PPSurf + Mesh→PC:  84%|████████▍ | 4222/5018 [9:34:15<2:02:29,  9.23s/it]
PPSurf + Mesh→PC:  84%|████████▍ | 4223/5018 [9:34:24<2:00:48,  9.12s/it]
PPSurf + Mesh→PC:  84%|████████▍ | 4224/5018 [9:34:34<2:04:30,  9.41s/it]
PPSurf + Mesh→PC:  84%|████████▍ | 4225/5018 [9:34:42<2:00:54,  9.15s/it]
PPSurf + Mesh→PC:  84%|████████▍ | 4226/5018 [9:34:51<1:57:50,  8.93s/it]
PPSurf + Mesh→PC:  84%|████████▍ | 4227/5018 [9:35:00<2:00:12,  9.12s/it]
PPSurf + Mesh→PC:  84%|████████▍ | 4228/5018 [9:35:09<2:00:13,  9.13s/it]
PPSurf + Mesh→PC:  84%|████████▍ | 4229/5018 [9:35:18<1:59:33,  9.09s/it]
PPSurf + Mesh→PC:  84%|████████▍ | 4230/5018 [9:35:28<1:59:59,  9.14s/it]
PPSurf + Mesh→PC:  84%|████████▍ | 4231/5018 [9:35:37<1:59:35,  9.12s/it]
PPSurf + Mesh→PC:  84%|████████▍ | 4232/5018 [9:35:46<1:59:09,  9.10s/it]
PPSurf + Mesh→PC:  84%|████████▍ | 4233/5018 [9:35:56<2:03:10,  9.42s/it]
PPSurf + Mesh→PC:  84%|████████▍ | 4234/5018 [9:36:04<1:57:22,  8.98s/it]
PPSurf + Mesh→PC:  84%|████████▍ | 4235/5018 [9:36:14<2:03:00,  9.43s/it]
PPSurf + Mesh→PC:  84%|████████▍ | 4236/5018 [9:36:24<2:03:11,  9.45s/it]
PPSurf + Mesh→PC:  84%|████████▍ | 4237/5018 [9:36:33<2:02:44,  9.43s/it]
PPSurf + Mesh→PC:  84%|████████▍ | 4238/5018 [9:36:42<2:01:03,  9.31s/it]
PPSurf + Mesh→PC:  84%|████████▍ | 4239/5018 [9:36:53<2:04:57,  9.62s/it]
PPSurf + Mesh→PC:  84%|████████▍ | 4240/5018 [9:37:03<2:09:35,  9.99s/it]
PPSurf + Mesh→PC:  85%|████████▍ | 4241/5018 [9:37:13<2:06:38,  9.78s/it]
PPSurf + Mesh→PC:  85%|████████▍ | 4242/5018 [9:37:21<1:59:59,  9.28s/it]
PPSurf + Mesh→PC:  85%|████████▍ | 4243/5018 [9:37:30<1:58:29,  9.17s/it]
PPSurf + Mesh→PC:  85%|████████▍ | 4244/5018 [9:37:39<1:57:31,  9.11s/it]
PPSurf + Mesh→PC:  85%|████████▍ | 4245/5018 [9:37:50<2:04:09,  9.64s/it]
PPSurf + Mesh→PC:  85%|████████▍ | 4246/5018 [9:37:59<2:02:41,  9.54s/it]
PPSurf + Mesh→PC:  85%|████████▍ | 4247/5018 [9:38:07<1:59:00,  9.26s/it]
PPSurf + Mesh→PC:  85%|████████▍ | 4248/5018 [9:38:17<2:00:03,  9.36s/it]
PPSurf + Mesh→PC:  85%|████████▍ | 4249/5018 [9:38:25<1:56:02,  9.05s/it]
PPSurf + Mesh→PC:  85%|████████▍ | 4250/5018 [9:38:34<1:55:22,  9.01s/it]
PPSurf + Mesh→PC:  85%|████████▍ | 4251/5018 [9:38:44<1:58:48,  9.29s/it]
PPSurf + Mesh→PC:  85%|████████▍ | 4252/5018 [9:38:53<1:56:04,  9.09s/it]
PPSurf + Mesh→PC:  85%|████████▍ | 4253/5018 [9:39:02<1:54:12,  8.96s/it]
PPSurf + Mesh→PC:  85%|████████▍ | 4254/5018 [9:39:10<1:53:37,  8.92s/it]
PPSurf + Mesh→PC:  85%|████████▍ | 4255/5018 [9:39:19<1:53:20,  8.91s/it]
PPSurf + Mesh→PC:  85%|████████▍ | 4256/5018 [9:39:27<1:50:13,  8.68s/it]
PPSurf + Mesh→PC:  85%|████████▍ | 4257/5018 [9:39:37<1:52:50,  8.90s/it]
PPSurf + Mesh→PC:  85%|████████▍ | 4258/5018 [9:39:45<1:50:23,  8.72s/it]
PPSurf + Mesh→PC:  85%|████████▍ | 4259/5018 [9:39:53<1:49:05,  8.62s/it]
PPSurf + Mesh→PC:  85%|████████▍ | 4260/5018 [9:40:05<1:58:54,  9.41s/it]
PPSurf + Mesh→PC:  85%|████████▍ | 4261/5018 [9:40:14<1:57:39,  9.33s/it]
PPSurf + Mesh→PC:  85%|████████▍ | 4262/5018 [9:40:23<1:55:15,  9.15s/it]
PPSurf + Mesh→PC:  85%|████████▍ | 4263/5018 [9:40:32<1:54:11,  9.07s/it]
PPSurf + Mesh→PC:  85%|████████▍ | 4264/5018 [9:40:40<1:53:02,  9.00s/it]
PPSurf + Mesh→PC:  85%|████████▍ | 4265/5018 [9:40:49<1:51:45,  8.90s/it]
PPSurf + Mesh→PC:  85%|████████▌ | 4266/5018 [9:40:58<1:52:11,  8.95s/it]
PPSurf + Mesh→PC:  85%|████████▌ | 4267/5018 [9:41:07<1:53:09,  9.04s/it]
PPSurf + Mesh→PC:  85%|████████▌ | 4268/5018 [9:41:16<1:53:24,  9.07s/it]
PPSurf + Mesh→PC:  85%|████████▌ | 4269/5018 [9:41:27<1:57:24,  9.41s/it]
PPSurf + Mesh→PC:  85%|████████▌ | 4270/5018 [9:41:35<1:54:32,  9.19s/it]
PPSurf + Mesh→PC:  85%|████████▌ | 4271/5018 [9:41:44<1:50:49,  8.90s/it]
PPSurf + Mesh→PC:  85%|████████▌ | 4272/5018 [9:41:53<1:50:50,  8.92s/it]
PPSurf + Mesh→PC:  85%|████████▌ | 4273/5018 [9:42:01<1:48:54,  8.77s/it]
PPSurf + Mesh→PC:  85%|████████▌ | 4274/5018 [9:42:10<1:51:29,  8.99s/it]
PPSurf + Mesh→PC:  85%|████████▌ | 4275/5018 [9:42:23<2:02:57,  9.93s/it]
PPSurf + Mesh→PC:  85%|████████▌ | 4276/5018 [9:42:31<1:59:00,  9.62s/it]
PPSurf + Mesh→PC:  85%|████████▌ | 4277/5018 [9:42:40<1:55:35,  9.36s/it]
PPSurf + Mesh→PC:  85%|████████▌ | 4278/5018 [9:42:48<1:49:08,  8.85s/it]
PPSurf + Mesh→PC:  85%|████████▌ | 4279/5018 [9:42:57<1:49:02,  8.85s/it]
PPSurf + Mesh→PC:  85%|████████▌ | 4280/5018 [9:43:05<1:47:20,  8.73s/it]
PPSurf + Mesh→PC:  85%|████████▌ | 4281/5018 [9:43:15<1:51:39,  9.09s/it]
PPSurf + Mesh→PC:  85%|████████▌ | 4282/5018 [9:43:24<1:51:15,  9.07s/it]
PPSurf + Mesh→PC:  85%|████████▌ | 4283/5018 [9:43:31<1:44:33,  8.53s/it]
PPSurf + Mesh→PC:  85%|████████▌ | 4284/5018 [9:43:42<1:51:27,  9.11s/it]
PPSurf + Mesh→PC:  85%|████████▌ | 4285/5018 [9:43:50<1:48:23,  8.87s/it]
PPSurf + Mesh→PC:  85%|████████▌ | 4286/5018 [9:44:05<2:11:40, 10.79s/it]
PPSurf + Mesh→PC:  85%|████████▌ | 4287/5018 [9:44:15<2:08:13, 10.53s/it]
PPSurf + Mesh→PC:  85%|████████▌ | 4288/5018 [9:44:26<2:07:07, 10.45s/it]
PPSurf + Mesh→PC:  85%|████████▌ | 4289/5018 [9:44:33<1:57:22,  9.66s/it]
PPSurf + Mesh→PC:  85%|████████▌ | 4290/5018 [9:44:44<2:01:28, 10.01s/it]
PPSurf + Mesh→PC:  86%|████████▌ | 4291/5018 [9:44:54<1:58:51,  9.81s/it]
PPSurf + Mesh→PC:  86%|████████▌ | 4292/5018 [9:45:02<1:53:03,  9.34s/it]
PPSurf + Mesh→PC:  86%|████████▌ | 4293/5018 [9:45:10<1:48:03,  8.94s/it]
PPSurf + Mesh→PC:  86%|████████▌ | 4294/5018 [9:45:18<1:45:40,  8.76s/it]
PPSurf + Mesh→PC:  86%|████████▌ | 4295/5018 [9:45:27<1:44:53,  8.70s/it]
PPSurf + Mesh→PC:  86%|████████▌ | 4296/5018 [9:45:35<1:41:12,  8.41s/it]
PPSurf + Mesh→PC:  86%|████████▌ | 4297/5018 [9:45:44<1:44:11,  8.67s/it]
PPSurf + Mesh→PC:  86%|████████▌ | 4298/5018 [9:45:52<1:42:10,  8.52s/it]
PPSurf + Mesh→PC:  86%|████████▌ | 4299/5018 [9:46:03<1:49:32,  9.14s/it]
PPSurf + Mesh→PC:  86%|████████▌ | 4300/5018 [9:46:10<1:44:40,  8.75s/it]
PPSurf + Mesh→PC:  86%|████████▌ | 4301/5018 [9:46:20<1:46:47,  8.94s/it]
PPSurf + Mesh→PC:  86%|████████▌ | 4302/5018 [9:46:29<1:46:14,  8.90s/it]
PPSurf + Mesh→PC:  86%|████████▌ | 4303/5018 [9:46:37<1:44:32,  8.77s/it]
PPSurf + Mesh→PC:  86%|████████▌ | 4304/5018 [9:46:47<1:48:25,  9.11s/it]
PPSurf + Mesh→PC:  86%|████████▌ | 4305/5018 [9:46:55<1:44:43,  8.81s/it]
PPSurf + Mesh→PC:  86%|████████▌ | 4306/5018 [9:47:03<1:42:43,  8.66s/it]
PPSurf + Mesh→PC:  86%|████████▌ | 4307/5018 [9:47:13<1:44:38,  8.83s/it]
PPSurf + Mesh→PC:  86%|████████▌ | 4308/5018 [9:47:21<1:42:09,  8.63s/it]
PPSurf + Mesh→PC:  86%|████████▌ | 4309/5018 [9:47:29<1:39:55,  8.46s/it]
PPSurf + Mesh→PC:  86%|████████▌ | 4310/5018 [9:47:37<1:39:16,  8.41s/it]
PPSurf + Mesh→PC:  86%|████████▌ | 4311/5018 [9:47:46<1:42:11,  8.67s/it]
PPSurf + Mesh→PC:  86%|████████▌ | 4312/5018 [9:47:55<1:41:31,  8.63s/it]
PPSurf + Mesh→PC:  86%|████████▌ | 4313/5018 [9:48:04<1:41:38,  8.65s/it]
PPSurf + Mesh→PC:  86%|████████▌ | 4314/5018 [9:48:12<1:41:25,  8.64s/it]
PPSurf + Mesh→PC:  86%|████████▌ | 4315/5018 [9:48:21<1:41:04,  8.63s/it]
PPSurf + Mesh→PC:  86%|████████▌ | 4316/5018 [9:48:29<1:39:45,  8.53s/it]
PPSurf + Mesh→PC:  86%|████████▌ | 4317/5018 [9:48:41<1:51:21,  9.53s/it]
PPSurf + Mesh→PC:  86%|████████▌ | 4318/5018 [9:48:50<1:48:53,  9.33s/it]
PPSurf + Mesh→PC:  86%|████████▌ | 4319/5018 [9:49:00<1:51:03,  9.53s/it]
PPSurf + Mesh→PC:  86%|████████▌ | 4320/5018 [9:49:09<1:50:45,  9.52s/it]
PPSurf + Mesh→PC:  86%|████████▌ | 4321/5018 [9:49:18<1:48:36,  9.35s/it]
PPSurf + Mesh→PC:  86%|████████▌ | 4322/5018 [9:49:28<1:49:08,  9.41s/it]
PPSurf + Mesh→PC:  86%|████████▌ | 4323/5018 [9:49:37<1:49:26,  9.45s/it]
PPSurf + Mesh→PC:  86%|████████▌ | 4324/5018 [9:49:46<1:46:13,  9.18s/it]
PPSurf + Mesh→PC:  86%|████████▌ | 4325/5018 [9:49:55<1:44:14,  9.02s/it]
PPSurf + Mesh→PC:  86%|████████▌ | 4326/5018 [9:50:04<1:45:02,  9.11s/it]
PPSurf + Mesh→PC:  86%|████████▌ | 4327/5018 [9:50:14<1:48:18,  9.40s/it]
PPSurf + Mesh→PC:  86%|████████▌ | 4328/5018 [9:50:23<1:45:05,  9.14s/it]
PPSurf + Mesh→PC:  86%|████████▋ | 4329/5018 [9:50:31<1:42:08,  8.89s/it]
PPSurf + Mesh→PC:  86%|████████▋ | 4330/5018 [9:50:40<1:41:22,  8.84s/it]
PPSurf + Mesh→PC:  86%|████████▋ | 4331/5018 [9:50:48<1:41:00,  8.82s/it]
PPSurf + Mesh→PC:  86%|████████▋ | 4332/5018 [9:50:58<1:42:39,  8.98s/it]
PPSurf + Mesh→PC:  86%|████████▋ | 4333/5018 [9:51:07<1:42:47,  9.00s/it]
PPSurf + Mesh→PC:  86%|████████▋ | 4334/5018 [9:51:18<1:49:30,  9.61s/it]
PPSurf + Mesh→PC:  86%|████████▋ | 4335/5018 [9:51:26<1:45:46,  9.29s/it]
PPSurf + Mesh→PC:  86%|████████▋ | 4336/5018 [9:51:35<1:44:26,  9.19s/it]
PPSurf + Mesh→PC:  86%|████████▋ | 4337/5018 [9:51:44<1:42:17,  9.01s/it]
PPSurf + Mesh→PC:  86%|████████▋ | 4338/5018 [9:51:55<1:48:05,  9.54s/it]
PPSurf + Mesh→PC:  86%|████████▋ | 4339/5018 [9:52:04<1:46:29,  9.41s/it]
PPSurf + Mesh→PC:  86%|████████▋ | 4340/5018 [9:52:12<1:41:35,  8.99s/it]
PPSurf + Mesh→PC:  87%|████████▋ | 4341/5018 [9:52:22<1:43:55,  9.21s/it]
PPSurf + Mesh→PC:  87%|████████▋ | 4342/5018 [9:52:30<1:42:15,  9.08s/it]
PPSurf + Mesh→PC:  87%|████████▋ | 4343/5018 [9:52:40<1:42:45,  9.13s/it]
PPSurf + Mesh→PC:  87%|████████▋ | 4344/5018 [9:52:49<1:43:07,  9.18s/it]
PPSurf + Mesh→PC:  87%|████████▋ | 4345/5018 [9:52:58<1:43:37,  9.24s/it]
PPSurf + Mesh→PC:  87%|████████▋ | 4346/5018 [9:53:06<1:40:08,  8.94s/it]
PPSurf + Mesh→PC:  87%|████████▋ | 4347/5018 [9:53:15<1:39:53,  8.93s/it]
PPSurf + Mesh→PC:  87%|████████▋ | 4348/5018 [9:53:25<1:41:11,  9.06s/it]
PPSurf + Mesh→PC:  87%|████████▋ | 4349/5018 [9:53:34<1:40:11,  8.99s/it]
PPSurf + Mesh→PC:  87%|████████▋ | 4350/5018 [9:53:42<1:39:35,  8.94s/it]
PPSurf + Mesh→PC:  87%|████████▋ | 4351/5018 [9:53:51<1:39:59,  9.00s/it]
PPSurf + Mesh→PC:  87%|████████▋ | 4352/5018 [9:54:01<1:41:13,  9.12s/it]
PPSurf + Mesh→PC:  87%|████████▋ | 4353/5018 [9:54:11<1:45:05,  9.48s/it]
PPSurf + Mesh→PC:  87%|████████▋ | 4354/5018 [9:54:20<1:44:12,  9.42s/it]
PPSurf + Mesh→PC:  87%|████████▋ | 4355/5018 [9:54:30<1:43:59,  9.41s/it]
PPSurf + Mesh→PC:  87%|████████▋ | 4356/5018 [9:54:38<1:40:34,  9.12s/it]
PPSurf + Mesh→PC:  87%|████████▋ | 4357/5018 [9:54:47<1:39:41,  9.05s/it]
PPSurf + Mesh→PC:  87%|████████▋ | 4358/5018 [9:54:57<1:42:37,  9.33s/it]
PPSurf + Mesh→PC:  87%|████████▋ | 4359/5018 [9:55:05<1:38:58,  9.01s/it]
PPSurf + Mesh→PC:  87%|████████▋ | 4360/5018 [9:55:14<1:38:44,  9.00s/it]
PPSurf + Mesh→PC:  87%|████████▋ | 4361/5018 [9:55:33<2:09:06, 11.79s/it]
PPSurf + Mesh→PC:  87%|████████▋ | 4362/5018 [9:55:42<2:00:23, 11.01s/it]
PPSurf + Mesh→PC:  87%|████████▋ | 4363/5018 [9:55:52<1:55:32, 10.58s/it]
PPSurf + Mesh→PC:  87%|████████▋ | 4364/5018 [9:56:02<1:53:48, 10.44s/it]
PPSurf + Mesh→PC:  87%|████████▋ | 4365/5018 [9:56:12<1:53:15, 10.41s/it]
PPSurf + Mesh→PC:  87%|████████▋ | 4366/5018 [9:56:21<1:47:17,  9.87s/it]
PPSurf + Mesh→PC:  87%|████████▋ | 4367/5018 [9:56:29<1:42:34,  9.45s/it]
PPSurf + Mesh→PC:  87%|████████▋ | 4368/5018 [9:56:37<1:38:24,  9.08s/it]
PPSurf + Mesh→PC:  87%|████████▋ | 4369/5018 [9:56:46<1:37:38,  9.03s/it]
PPSurf + Mesh→PC:  87%|████████▋ | 4370/5018 [9:56:56<1:38:44,  9.14s/it]
PPSurf + Mesh→PC:  87%|████████▋ | 4371/5018 [9:57:05<1:41:02,  9.37s/it]
PPSurf + Mesh→PC:  87%|████████▋ | 4372/5018 [9:57:16<1:44:37,  9.72s/it]
PPSurf + Mesh→PC:  87%|████████▋ | 4373/5018 [9:57:24<1:39:01,  9.21s/it]
PPSurf + Mesh→PC:  87%|████████▋ | 4374/5018 [9:57:33<1:38:39,  9.19s/it]
PPSurf + Mesh→PC:  87%|████████▋ | 4375/5018 [9:57:41<1:34:35,  8.83s/it]
PPSurf + Mesh→PC:  87%|████████▋ | 4376/5018 [9:57:50<1:34:12,  8.80s/it]
PPSurf + Mesh→PC:  87%|████████▋ | 4377/5018 [9:57:59<1:35:38,  8.95s/it]
PPSurf + Mesh→PC:  87%|████████▋ | 4378/5018 [9:58:07<1:31:43,  8.60s/it]
PPSurf + Mesh→PC:  87%|████████▋ | 4379/5018 [9:58:17<1:35:41,  8.98s/it]
PPSurf + Mesh→PC:  87%|████████▋ | 4380/5018 [9:58:26<1:34:39,  8.90s/it]
PPSurf + Mesh→PC:  87%|████████▋ | 4381/5018 [9:58:37<1:40:59,  9.51s/it]
PPSurf + Mesh→PC:  87%|████████▋ | 4382/5018 [9:58:46<1:39:29,  9.39s/it]
PPSurf + Mesh→PC:  87%|████████▋ | 4383/5018 [9:58:56<1:43:14,  9.75s/it]
PPSurf + Mesh→PC:  87%|████████▋ | 4384/5018 [9:59:06<1:43:16,  9.77s/it]
PPSurf + Mesh→PC:  87%|████████▋ | 4385/5018 [9:59:15<1:40:24,  9.52s/it]
PPSurf + Mesh→PC:  87%|████████▋ | 4386/5018 [9:59:23<1:36:30,  9.16s/it]
PPSurf + Mesh→PC:  87%|████████▋ | 4387/5018 [9:59:32<1:36:18,  9.16s/it]
PPSurf + Mesh→PC:  87%|████████▋ | 4388/5018 [9:59:43<1:39:37,  9.49s/it]
PPSurf + Mesh→PC:  87%|████████▋ | 4389/5018 [9:59:50<1:34:00,  8.97s/it]
PPSurf + Mesh→PC:  87%|████████▋ | 4390/5018 [10:00:00<1:34:07,  8.99s/it]
PPSurf + Mesh→PC:  88%|████████▊ | 4391/5018 [10:00:08<1:32:32,  8.86s/it]
PPSurf + Mesh→PC:  88%|████████▊ | 4392/5018 [10:00:20<1:41:20,  9.71s/it]
PPSurf + Mesh→PC:  88%|████████▊ | 4393/5018 [10:00:29<1:39:00,  9.50s/it]
PPSurf + Mesh→PC:  88%|████████▊ | 4394/5018 [10:00:38<1:37:52,  9.41s/it]
PPSurf + Mesh→PC:  88%|████████▊ | 4395/5018 [10:00:47<1:35:17,  9.18s/it]
PPSurf + Mesh→PC:  88%|████████▊ | 4396/5018 [10:00:57<1:37:43,  9.43s/it]
PPSurf + Mesh→PC:  88%|████████▊ | 4397/5018 [10:01:05<1:35:10,  9.20s/it]
PPSurf + Mesh→PC:  88%|████████▊ | 4398/5018 [10:01:15<1:35:18,  9.22s/it]
PPSurf + Mesh→PC:  88%|████████▊ | 4399/5018 [10:01:25<1:40:12,  9.71s/it]
PPSurf + Mesh→PC:  88%|████████▊ | 4400/5018 [10:01:35<1:39:39,  9.68s/it]
PPSurf + Mesh→PC:  88%|████████▊ | 4401/5018 [10:01:47<1:46:19, 10.34s/it]
PPSurf + Mesh→PC:  88%|████████▊ | 4402/5018 [10:01:57<1:45:05, 10.24s/it]
PPSurf + Mesh→PC:  88%|████████▊ | 4403/5018 [10:02:06<1:40:34,  9.81s/it]
PPSurf + Mesh→PC:  88%|████████▊ | 4404/5018 [10:02:15<1:37:27,  9.52s/it]
PPSurf + Mesh→PC:  88%|████████▊ | 4405/5018 [10:02:24<1:36:45,  9.47s/it]
PPSurf + Mesh→PC:  88%|████████▊ | 4406/5018 [10:02:33<1:36:10,  9.43s/it]
PPSurf + Mesh→PC:  88%|████████▊ | 4407/5018 [10:02:43<1:36:00,  9.43s/it]
PPSurf + Mesh→PC:  88%|████████▊ | 4408/5018 [10:02:52<1:36:33,  9.50s/it]
PPSurf + Mesh→PC:  88%|████████▊ | 4409/5018 [10:03:02<1:36:32,  9.51s/it]
PPSurf + Mesh→PC:  88%|████████▊ | 4410/5018 [10:03:12<1:37:52,  9.66s/it]
PPSurf + Mesh→PC:  88%|████████▊ | 4411/5018 [10:03:21<1:36:52,  9.58s/it]
PPSurf + Mesh→PC:  88%|████████▊ | 4412/5018 [10:03:31<1:37:24,  9.64s/it]
PPSurf + Mesh→PC:  88%|████████▊ | 4413/5018 [10:03:42<1:40:21,  9.95s/it]
PPSurf + Mesh→PC:  88%|████████▊ | 4414/5018 [10:03:52<1:40:37, 10.00s/it]
PPSurf + Mesh→PC:  88%|████████▊ | 4415/5018 [10:04:00<1:35:42,  9.52s/it]
PPSurf + Mesh→PC:  88%|████████▊ | 4416/5018 [10:04:11<1:38:17,  9.80s/it]
PPSurf + Mesh→PC:  88%|████████▊ | 4417/5018 [10:04:22<1:41:49, 10.16s/it]
PPSurf + Mesh→PC:  88%|████████▊ | 4418/5018 [10:04:32<1:42:56, 10.29s/it]
PPSurf + Mesh→PC:  88%|████████▊ | 4419/5018 [10:04:43<1:43:33, 10.37s/it]
PPSurf + Mesh→PC:  88%|████████▊ | 4420/5018 [10:04:53<1:41:34, 10.19s/it]
PPSurf + Mesh→PC:  88%|████████▊ | 4421/5018 [10:05:02<1:39:39, 10.02s/it]
PPSurf + Mesh→PC:  88%|████████▊ | 4422/5018 [10:05:12<1:40:03, 10.07s/it]
PPSurf + Mesh→PC:  88%|████████▊ | 4423/5018 [10:05:22<1:37:44,  9.86s/it]
PPSurf + Mesh→PC:  88%|████████▊ | 4424/5018 [10:05:30<1:33:51,  9.48s/it]
PPSurf + Mesh→PC:  88%|████████▊ | 4425/5018 [10:05:41<1:35:46,  9.69s/it]
PPSurf + Mesh→PC:  88%|████████▊ | 4426/5018 [10:05:51<1:36:31,  9.78s/it]
PPSurf + Mesh→PC:  88%|████████▊ | 4427/5018 [10:06:00<1:34:54,  9.64s/it]
PPSurf + Mesh→PC:  88%|████████▊ | 4428/5018 [10:06:09<1:33:20,  9.49s/it]
PPSurf + Mesh→PC:  88%|████████▊ | 4429/5018 [10:06:20<1:37:35,  9.94s/it]
PPSurf + Mesh→PC:  88%|████████▊ | 4430/5018 [10:06:29<1:35:29,  9.74s/it]
PPSurf + Mesh→PC:  88%|████████▊ | 4431/5018 [10:06:39<1:34:34,  9.67s/it]
PPSurf + Mesh→PC:  88%|████████▊ | 4432/5018 [10:06:48<1:32:51,  9.51s/it]
PPSurf + Mesh→PC:  88%|████████▊ | 4433/5018 [10:06:57<1:32:05,  9.44s/it]
PPSurf + Mesh→PC:  88%|████████▊ | 4434/5018 [10:07:06<1:31:12,  9.37s/it]
PPSurf + Mesh→PC:  88%|████████▊ | 4435/5018 [10:07:16<1:31:20,  9.40s/it]
PPSurf + Mesh→PC:  88%|████████▊ | 4436/5018 [10:07:25<1:31:12,  9.40s/it]
PPSurf + Mesh→PC:  88%|████████▊ | 4437/5018 [10:07:34<1:29:20,  9.23s/it]
PPSurf + Mesh→PC:  88%|████████▊ | 4438/5018 [10:07:44<1:30:22,  9.35s/it]
PPSurf + Mesh→PC:  88%|████████▊ | 4439/5018 [10:07:53<1:30:05,  9.34s/it]
PPSurf + Mesh→PC:  88%|████████▊ | 4440/5018 [10:08:03<1:30:40,  9.41s/it]
PPSurf + Mesh→PC:  89%|████████▊ | 4441/5018 [10:08:13<1:31:56,  9.56s/it]
PPSurf + Mesh→PC:  89%|████████▊ | 4442/5018 [10:08:22<1:31:35,  9.54s/it]
PPSurf + Mesh→PC:  89%|████████▊ | 4443/5018 [10:08:32<1:32:47,  9.68s/it]
PPSurf + Mesh→PC:  89%|████████▊ | 4444/5018 [10:08:41<1:29:33,  9.36s/it]
PPSurf + Mesh→PC:  89%|████████▊ | 4445/5018 [10:08:49<1:26:41,  9.08s/it]
PPSurf + Mesh→PC:  89%|████████▊ | 4446/5018 [10:08:59<1:27:36,  9.19s/it]
PPSurf + Mesh→PC:  89%|████████▊ | 4447/5018 [10:09:08<1:27:40,  9.21s/it]
PPSurf + Mesh→PC:  89%|████████▊ | 4448/5018 [10:09:17<1:27:34,  9.22s/it]
PPSurf + Mesh→PC:  89%|████████▊ | 4449/5018 [10:09:28<1:31:59,  9.70s/it]
PPSurf + Mesh→PC:  89%|████████▊ | 4450/5018 [10:09:37<1:30:31,  9.56s/it]
PPSurf + Mesh→PC:  89%|████████▊ | 4451/5018 [10:09:46<1:29:31,  9.47s/it]
PPSurf + Mesh→PC:  89%|████████▊ | 4452/5018 [10:09:55<1:26:10,  9.14s/it]
PPSurf + Mesh→PC:  89%|████████▊ | 4453/5018 [10:10:04<1:26:13,  9.16s/it]
PPSurf + Mesh→PC:  89%|████████▉ | 4454/5018 [10:10:12<1:23:55,  8.93s/it]
PPSurf + Mesh→PC:  89%|████████▉ | 4455/5018 [10:10:21<1:24:16,  8.98s/it]
PPSurf + Mesh→PC:  89%|████████▉ | 4456/5018 [10:10:30<1:23:43,  8.94s/it]
PPSurf + Mesh→PC:  89%|████████▉ | 4457/5018 [10:10:40<1:25:13,  9.12s/it]
PPSurf + Mesh→PC:  89%|████████▉ | 4458/5018 [10:10:49<1:23:59,  9.00s/it]
PPSurf + Mesh→PC:  89%|████████▉ | 4459/5018 [10:10:58<1:23:49,  9.00s/it]
PPSurf + Mesh→PC:  89%|████████▉ | 4460/5018 [10:11:07<1:25:58,  9.24s/it]
PPSurf + Mesh→PC:  89%|████████▉ | 4461/5018 [10:11:17<1:26:46,  9.35s/it]
PPSurf + Mesh→PC:  89%|████████▉ | 4462/5018 [10:11:25<1:24:21,  9.10s/it]
PPSurf + Mesh→PC:  89%|████████▉ | 4463/5018 [10:11:34<1:23:33,  9.03s/it]
PPSurf + Mesh→PC:  89%|████████▉ | 4464/5018 [10:11:43<1:23:23,  9.03s/it]
PPSurf + Mesh→PC:  89%|████████▉ | 4465/5018 [10:11:52<1:22:50,  8.99s/it]
PPSurf + Mesh→PC:  89%|████████▉ | 4466/5018 [10:12:02<1:24:16,  9.16s/it]
PPSurf + Mesh→PC:  89%|████████▉ | 4467/5018 [10:12:12<1:25:54,  9.36s/it]
PPSurf + Mesh→PC:  89%|████████▉ | 4468/5018 [10:12:20<1:23:32,  9.11s/it]
PPSurf + Mesh→PC:  89%|████████▉ | 4469/5018 [10:12:30<1:25:22,  9.33s/it]
PPSurf + Mesh→PC:  89%|████████▉ | 4470/5018 [10:12:39<1:24:53,  9.30s/it]
PPSurf + Mesh→PC:  89%|████████▉ | 4471/5018 [10:12:49<1:26:18,  9.47s/it]
PPSurf + Mesh→PC:  89%|████████▉ | 4472/5018 [10:12:58<1:23:37,  9.19s/it]
PPSurf + Mesh→PC:  89%|████████▉ | 4473/5018 [10:13:06<1:21:01,  8.92s/it]
PPSurf + Mesh→PC:  89%|████████▉ | 4474/5018 [10:13:15<1:20:25,  8.87s/it]
PPSurf + Mesh→PC:  89%|████████▉ | 4475/5018 [10:13:25<1:23:41,  9.25s/it]
PPSurf + Mesh→PC:  89%|████████▉ | 4476/5018 [10:13:33<1:20:21,  8.90s/it]
PPSurf + Mesh→PC:  89%|████████▉ | 4477/5018 [10:13:43<1:22:58,  9.20s/it]
PPSurf + Mesh→PC:  89%|████████▉ | 4478/5018 [10:13:51<1:20:19,  8.93s/it]
PPSurf + Mesh→PC:  89%|████████▉ | 4479/5018 [10:14:00<1:18:53,  8.78s/it]
PPSurf + Mesh→PC:  89%|████████▉ | 4480/5018 [10:14:08<1:16:51,  8.57s/it]
PPSurf + Mesh→PC:  89%|████████▉ | 4481/5018 [10:14:16<1:15:56,  8.49s/it]
PPSurf + Mesh→PC:  89%|████████▉ | 4482/5018 [10:14:24<1:14:58,  8.39s/it]
PPSurf + Mesh→PC:  89%|████████▉ | 4483/5018 [10:14:34<1:18:59,  8.86s/it]
PPSurf + Mesh→PC:  89%|████████▉ | 4484/5018 [10:14:42<1:16:44,  8.62s/it]
PPSurf + Mesh→PC:  89%|████████▉ | 4485/5018 [10:14:50<1:13:27,  8.27s/it]
PPSurf + Mesh→PC:  89%|████████▉ | 4486/5018 [10:14:59<1:15:27,  8.51s/it]
PPSurf + Mesh→PC:  89%|████████▉ | 4487/5018 [10:15:08<1:17:02,  8.70s/it]
PPSurf + Mesh→PC:  89%|████████▉ | 4488/5018 [10:15:16<1:14:51,  8.47s/it]
PPSurf + Mesh→PC:  89%|████████▉ | 4489/5018 [10:15:24<1:13:10,  8.30s/it]
PPSurf + Mesh→PC:  89%|████████▉ | 4490/5018 [10:15:32<1:12:56,  8.29s/it]
PPSurf + Mesh→PC:  89%|████████▉ | 4491/5018 [10:15:43<1:19:06,  9.01s/it]
PPSurf + Mesh→PC:  90%|████████▉ | 4492/5018 [10:15:50<1:15:08,  8.57s/it]
PPSurf + Mesh→PC:  90%|████████▉ | 4493/5018 [10:15:59<1:16:48,  8.78s/it]
PPSurf + Mesh→PC:  90%|████████▉ | 4494/5018 [10:16:08<1:16:57,  8.81s/it]
PPSurf + Mesh→PC:  90%|████████▉ | 4495/5018 [10:16:17<1:15:35,  8.67s/it]
PPSurf + Mesh→PC:  90%|████████▉ | 4496/5018 [10:16:25<1:16:01,  8.74s/it]
PPSurf + Mesh→PC:  90%|████████▉ | 4497/5018 [10:16:35<1:18:24,  9.03s/it]
PPSurf + Mesh→PC:  90%|████████▉ | 4498/5018 [10:16:45<1:20:27,  9.28s/it]
PPSurf + Mesh→PC:  90%|████████▉ | 4499/5018 [10:16:54<1:19:19,  9.17s/it]
PPSurf + Mesh→PC:  90%|████████▉ | 4500/5018 [10:17:02<1:17:09,  8.94s/it]
PPSurf + Mesh→PC:  90%|████████▉ | 4501/5018 [10:17:11<1:17:13,  8.96s/it]
PPSurf + Mesh→PC:  90%|████████▉ | 4502/5018 [10:17:21<1:17:54,  9.06s/it]
PPSurf + Mesh→PC:  90%|████████▉ | 4503/5018 [10:17:30<1:18:20,  9.13s/it]
PPSurf + Mesh→PC:  90%|████████▉ | 4504/5018 [10:17:39<1:18:06,  9.12s/it]
PPSurf + Mesh→PC:  90%|████████▉ | 4505/5018 [10:17:47<1:15:21,  8.81s/it]
PPSurf + Mesh→PC:  90%|████████▉ | 4506/5018 [10:17:56<1:15:35,  8.86s/it]
PPSurf + Mesh→PC:  90%|████████▉ | 4507/5018 [10:18:05<1:15:26,  8.86s/it]
PPSurf + Mesh→PC:  90%|████████▉ | 4508/5018 [10:18:14<1:14:48,  8.80s/it]
PPSurf + Mesh→PC:  90%|████████▉ | 4509/5018 [10:18:23<1:16:20,  9.00s/it]
PPSurf + Mesh→PC:  90%|████████▉ | 4510/5018 [10:18:31<1:14:02,  8.75s/it]
PPSurf + Mesh→PC:  90%|████████▉ | 4511/5018 [10:18:40<1:13:45,  8.73s/it]
PPSurf + Mesh→PC:  90%|████████▉ | 4512/5018 [10:18:49<1:15:26,  8.94s/it]
PPSurf + Mesh→PC:  90%|████████▉ | 4513/5018 [10:18:58<1:14:45,  8.88s/it]
PPSurf + Mesh→PC:  90%|████████▉ | 4514/5018 [10:19:08<1:16:01,  9.05s/it]
PPSurf + Mesh→PC:  90%|████████▉ | 4515/5018 [10:19:16<1:14:17,  8.86s/it]
PPSurf + Mesh→PC:  90%|████████▉ | 4516/5018 [10:19:25<1:15:34,  9.03s/it]
PPSurf + Mesh→PC:  90%|█████████ | 4517/5018 [10:19:34<1:14:12,  8.89s/it]
PPSurf + Mesh→PC:  90%|█████████ | 4518/5018 [10:19:43<1:13:46,  8.85s/it]
PPSurf + Mesh→PC:  90%|█████████ | 4519/5018 [10:19:52<1:14:59,  9.02s/it]
PPSurf + Mesh→PC:  90%|█████████ | 4520/5018 [10:20:01<1:15:14,  9.07s/it]
PPSurf + Mesh→PC:  90%|█████████ | 4521/5018 [10:20:10<1:15:13,  9.08s/it]
PPSurf + Mesh→PC:  90%|█████████ | 4522/5018 [10:20:20<1:16:14,  9.22s/it]
PPSurf + Mesh→PC:  90%|█████████ | 4523/5018 [10:20:30<1:18:02,  9.46s/it]
PPSurf + Mesh→PC:  90%|█████████ | 4524/5018 [10:20:39<1:16:12,  9.26s/it]
PPSurf + Mesh→PC:  90%|█████████ | 4525/5018 [10:20:52<1:26:20, 10.51s/it]
PPSurf + Mesh→PC:  90%|█████████ | 4526/5018 [10:21:03<1:26:18, 10.53s/it]
PPSurf + Mesh→PC:  90%|█████████ | 4527/5018 [10:21:14<1:28:21, 10.80s/it]
PPSurf + Mesh→PC:  90%|█████████ | 4528/5018 [10:21:24<1:26:16, 10.56s/it]
PPSurf + Mesh→PC:  90%|█████████ | 4529/5018 [10:21:35<1:26:42, 10.64s/it]
PPSurf + Mesh→PC:  90%|█████████ | 4530/5018 [10:21:46<1:26:53, 10.68s/it]
PPSurf + Mesh→PC:  90%|█████████ | 4531/5018 [10:21:57<1:26:55, 10.71s/it]
PPSurf + Mesh→PC:  90%|█████████ | 4532/5018 [10:22:11<1:35:19, 11.77s/it]
PPSurf + Mesh→PC:  90%|█████████ | 4533/5018 [10:22:20<1:28:54, 11.00s/it]
PPSurf + Mesh→PC:  90%|█████████ | 4534/5018 [10:22:29<1:23:42, 10.38s/it]
PPSurf + Mesh→PC:  90%|█████████ | 4535/5018 [10:22:41<1:28:27, 10.99s/it]
PPSurf + Mesh→PC:  90%|█████████ | 4536/5018 [10:22:53<1:30:25, 11.26s/it]
PPSurf + Mesh→PC:  90%|█████████ | 4537/5018 [10:23:06<1:33:06, 11.61s/it]
PPSurf + Mesh→PC:  90%|█████████ | 4538/5018 [10:23:15<1:28:21, 11.05s/it]
PPSurf + Mesh→PC:  90%|█████████ | 4539/5018 [10:23:26<1:28:00, 11.02s/it]
PPSurf + Mesh→PC:  90%|█████████ | 4540/5018 [10:23:37<1:27:40, 11.01s/it]
PPSurf + Mesh→PC:  90%|█████████ | 4541/5018 [10:23:48<1:26:20, 10.86s/it]
PPSurf + Mesh→PC:  91%|█████████ | 4542/5018 [10:24:08<1:47:00, 13.49s/it]
PPSurf + Mesh→PC:  91%|█████████ | 4543/5018 [10:24:17<1:38:02, 12.38s/it]
PPSurf + Mesh→PC:  91%|█████████ | 4544/5018 [10:24:28<1:33:23, 11.82s/it]
PPSurf + Mesh→PC:  91%|█████████ | 4545/5018 [10:24:39<1:30:58, 11.54s/it]
PPSurf + Mesh→PC:  91%|█████████ | 4546/5018 [10:24:50<1:30:58, 11.56s/it]
PPSurf + Mesh→PC:  91%|█████████ | 4547/5018 [10:25:03<1:32:16, 11.75s/it]
PPSurf + Mesh→PC:  91%|█████████ | 4548/5018 [10:25:12<1:27:51, 11.22s/it]
PPSurf + Mesh→PC:  91%|█████████ | 4549/5018 [10:25:23<1:25:48, 10.98s/it]
PPSurf + Mesh→PC:  91%|█████████ | 4550/5018 [10:25:34<1:26:11, 11.05s/it]
PPSurf + Mesh→PC:  91%|█████████ | 4551/5018 [10:25:41<1:17:17,  9.93s/it]
PPSurf + Mesh→PC:  91%|█████████ | 4552/5018 [10:25:49<1:11:55,  9.26s/it]
PPSurf + Mesh→PC:  91%|█████████ | 4553/5018 [10:25:57<1:07:41,  8.73s/it]
PPSurf + Mesh→PC:  91%|█████████ | 4554/5018 [10:26:04<1:05:12,  8.43s/it]
PPSurf + Mesh→PC:  91%|█████████ | 4555/5018 [10:26:12<1:02:52,  8.15s/it]
PPSurf + Mesh→PC:  91%|█████████ | 4556/5018 [10:26:19<1:00:50,  7.90s/it]
PPSurf + Mesh→PC:  91%|█████████ | 4557/5018 [10:26:27<1:01:04,  7.95s/it]
PPSurf + Mesh→PC:  91%|█████████ | 4558/5018 [10:26:34<59:19,  7.74s/it]  
PPSurf + Mesh→PC:  91%|█████████ | 4559/5018 [10:26:42<58:19,  7.62s/it]
PPSurf + Mesh→PC:  91%|█████████ | 4560/5018 [10:26:50<58:27,  7.66s/it]
PPSurf + Mesh→PC:  91%|█████████ | 4561/5018 [10:26:57<58:04,  7.62s/it]
PPSurf + Mesh→PC:  91%|█████████ | 4562/5018 [10:27:05<57:34,  7.58s/it]
PPSurf + Mesh→PC:  91%|█████████ | 4563/5018 [10:27:12<57:47,  7.62s/it]
PPSurf + Mesh→PC:  91%|█████████ | 4564/5018 [10:27:20<57:45,  7.63s/it]
PPSurf + Mesh→PC:  91%|█████████ | 4565/5018 [10:27:27<57:08,  7.57s/it]
PPSurf + Mesh→PC:  91%|█████████ | 4566/5018 [10:27:35<56:38,  7.52s/it]
PPSurf + Mesh→PC:  91%|█████████ | 4567/5018 [10:27:42<56:51,  7.56s/it]
PPSurf + Mesh→PC:  91%|█████████ | 4568/5018 [10:27:50<56:43,  7.56s/it]
PPSurf + Mesh→PC:  91%|█████████ | 4569/5018 [10:27:58<56:46,  7.59s/it]
PPSurf + Mesh→PC:  91%|█████████ | 4570/5018 [10:28:05<56:23,  7.55s/it]
PPSurf + Mesh→PC:  91%|█████████ | 4571/5018 [10:28:13<57:00,  7.65s/it]
PPSurf + Mesh→PC:  91%|█████████ | 4572/5018 [10:28:20<56:26,  7.59s/it]
PPSurf + Mesh→PC:  91%|█████████ | 4573/5018 [10:28:28<55:56,  7.54s/it]
PPSurf + Mesh→PC:  91%|█████████ | 4574/5018 [10:28:36<56:43,  7.67s/it]
PPSurf + Mesh→PC:  91%|█████████ | 4575/5018 [10:28:43<56:18,  7.63s/it]
PPSurf + Mesh→PC:  91%|█████████ | 4576/5018 [10:28:51<55:53,  7.59s/it]
PPSurf + Mesh→PC:  91%|█████████ | 4577/5018 [10:28:58<55:15,  7.52s/it]
PPSurf + Mesh→PC:  91%|█████████ | 4578/5018 [10:29:06<55:32,  7.57s/it]
PPSurf + Mesh→PC:  91%|█████████▏| 4579/5018 [10:29:14<55:33,  7.59s/it]
PPSurf + Mesh→PC:  91%|█████████▏| 4580/5018 [10:29:21<55:55,  7.66s/it]
PPSurf + Mesh→PC:  91%|█████████▏| 4581/5018 [10:29:29<56:33,  7.77s/it]
PPSurf + Mesh→PC:  91%|█████████▏| 4582/5018 [10:29:37<56:25,  7.76s/it]
PPSurf + Mesh→PC:  91%|█████████▏| 4583/5018 [10:29:45<56:51,  7.84s/it]
PPSurf + Mesh→PC:  91%|█████████▏| 4584/5018 [10:29:53<55:59,  7.74s/it]
PPSurf + Mesh→PC:  91%|█████████▏| 4585/5018 [10:30:00<55:50,  7.74s/it]
PPSurf + Mesh→PC:  91%|█████████▏| 4586/5018 [10:30:08<55:46,  7.75s/it]
PPSurf + Mesh→PC:  91%|█████████▏| 4587/5018 [10:30:16<55:24,  7.71s/it]
PPSurf + Mesh→PC:  91%|█████████▏| 4588/5018 [10:30:24<55:11,  7.70s/it]
PPSurf + Mesh→PC:  91%|█████████▏| 4589/5018 [10:30:31<55:32,  7.77s/it]
PPSurf + Mesh→PC:  91%|█████████▏| 4590/5018 [10:30:40<56:06,  7.87s/it]
PPSurf + Mesh→PC:  91%|█████████▏| 4591/5018 [10:30:47<55:50,  7.85s/it]
PPSurf + Mesh→PC:  92%|█████████▏| 4592/5018 [10:30:55<55:34,  7.83s/it]
PPSurf + Mesh→PC:  92%|█████████▏| 4593/5018 [10:31:03<55:47,  7.88s/it]
PPSurf + Mesh→PC:  92%|█████████▏| 4594/5018 [10:31:11<55:04,  7.79s/it]
PPSurf + Mesh→PC:  92%|█████████▏| 4595/5018 [10:31:19<55:05,  7.81s/it]
PPSurf + Mesh→PC:  92%|█████████▏| 4596/5018 [10:31:26<54:00,  7.68s/it]
PPSurf + Mesh→PC:  92%|█████████▏| 4597/5018 [10:31:34<54:36,  7.78s/it]
PPSurf + Mesh→PC:  92%|█████████▏| 4598/5018 [10:31:42<54:05,  7.73s/it]
PPSurf + Mesh→PC:  92%|█████████▏| 4599/5018 [10:31:50<54:46,  7.84s/it]
PPSurf + Mesh→PC:  92%|█████████▏| 4600/5018 [10:31:57<54:19,  7.80s/it]
PPSurf + Mesh→PC:  92%|█████████▏| 4601/5018 [10:32:05<53:55,  7.76s/it]
PPSurf + Mesh→PC:  92%|█████████▏| 4602/5018 [10:32:13<53:36,  7.73s/it]
PPSurf + Mesh→PC:  92%|█████████▏| 4603/5018 [10:32:21<54:03,  7.82s/it]
PPSurf + Mesh→PC:  92%|█████████▏| 4604/5018 [10:32:28<53:46,  7.79s/it]
PPSurf + Mesh→PC:  92%|█████████▏| 4605/5018 [10:32:36<53:32,  7.78s/it]
PPSurf + Mesh→PC:  92%|█████████▏| 4606/5018 [10:32:44<53:30,  7.79s/it]
PPSurf + Mesh→PC:  92%|█████████▏| 4607/5018 [10:32:52<53:15,  7.78s/it]
PPSurf + Mesh→PC:  92%|█████████▏| 4608/5018 [10:33:00<53:06,  7.77s/it]
PPSurf + Mesh→PC:  92%|█████████▏| 4609/5018 [10:33:07<52:36,  7.72s/it]
PPSurf + Mesh→PC:  92%|█████████▏| 4610/5018 [10:33:15<52:44,  7.76s/it]
PPSurf + Mesh→PC:  92%|█████████▏| 4611/5018 [10:33:23<53:06,  7.83s/it]
PPSurf + Mesh→PC:  92%|█████████▏| 4612/5018 [10:33:31<52:40,  7.78s/it]
PPSurf + Mesh→PC:  92%|█████████▏| 4613/5018 [10:33:39<53:10,  7.88s/it]
PPSurf + Mesh→PC:  92%|█████████▏| 4614/5018 [10:33:47<52:51,  7.85s/it]
PPSurf + Mesh→PC:  92%|█████████▏| 4615/5018 [10:33:55<53:04,  7.90s/it]
PPSurf + Mesh→PC:  92%|█████████▏| 4616/5018 [10:34:02<52:44,  7.87s/it]
PPSurf + Mesh→PC:  92%|█████████▏| 4617/5018 [10:34:10<53:05,  7.94s/it]
PPSurf + Mesh→PC:  92%|█████████▏| 4618/5018 [10:34:18<53:08,  7.97s/it]
PPSurf + Mesh→PC:  92%|█████████▏| 4619/5018 [10:34:26<52:22,  7.88s/it]
PPSurf + Mesh→PC:  92%|█████████▏| 4620/5018 [10:34:34<52:19,  7.89s/it]
PPSurf + Mesh→PC:  92%|█████████▏| 4621/5018 [10:34:42<52:10,  7.88s/it]
PPSurf + Mesh→PC:  92%|█████████▏| 4622/5018 [10:34:50<52:01,  7.88s/it]
PPSurf + Mesh→PC:  92%|█████████▏| 4623/5018 [10:34:58<51:41,  7.85s/it]
PPSurf + Mesh→PC:  92%|█████████▏| 4624/5018 [10:35:06<52:17,  7.96s/it]
PPSurf + Mesh→PC:  92%|█████████▏| 4625/5018 [10:35:13<51:25,  7.85s/it]
PPSurf + Mesh→PC:  92%|█████████▏| 4626/5018 [10:35:21<51:38,  7.91s/it]
PPSurf + Mesh→PC:  92%|█████████▏| 4627/5018 [10:35:29<51:21,  7.88s/it]
PPSurf + Mesh→PC:  92%|█████████▏| 4628/5018 [10:35:37<51:41,  7.95s/it]
PPSurf + Mesh→PC:  92%|█████████▏| 4629/5018 [10:35:45<50:56,  7.86s/it]
PPSurf + Mesh→PC:  92%|█████████▏| 4630/5018 [10:35:53<50:38,  7.83s/it]
PPSurf + Mesh→PC:  92%|█████████▏| 4631/5018 [10:36:01<50:54,  7.89s/it]
PPSurf + Mesh→PC:  92%|█████████▏| 4632/5018 [10:36:09<50:40,  7.88s/it]
PPSurf + Mesh→PC:  92%|█████████▏| 4633/5018 [10:36:17<50:42,  7.90s/it]
PPSurf + Mesh→PC:  92%|█████████▏| 4634/5018 [10:36:24<50:26,  7.88s/it]
PPSurf + Mesh→PC:  92%|█████████▏| 4635/5018 [10:36:32<50:07,  7.85s/it]
PPSurf + Mesh→PC:  92%|█████████▏| 4636/5018 [10:36:40<49:40,  7.80s/it]
PPSurf + Mesh→PC:  92%|█████████▏| 4637/5018 [10:36:48<49:19,  7.77s/it]
PPSurf + Mesh→PC:  92%|█████████▏| 4638/5018 [10:36:56<50:07,  7.91s/it]
PPSurf + Mesh→PC:  92%|█████████▏| 4639/5018 [10:37:04<49:52,  7.89s/it]
PPSurf + Mesh→PC:  92%|█████████▏| 4640/5018 [10:37:11<48:56,  7.77s/it]
PPSurf + Mesh→PC:  92%|█████████▏| 4641/5018 [10:37:19<49:07,  7.82s/it]
PPSurf + Mesh→PC:  93%|█████████▎| 4642/5018 [10:37:27<48:24,  7.72s/it]
PPSurf + Mesh→PC:  93%|█████████▎| 4643/5018 [10:37:35<48:44,  7.80s/it]
PPSurf + Mesh→PC:  93%|█████████▎| 4644/5018 [10:37:42<48:44,  7.82s/it]
PPSurf + Mesh→PC:  93%|█████████▎| 4645/5018 [10:37:50<48:46,  7.85s/it]
PPSurf + Mesh→PC:  93%|█████████▎| 4646/5018 [10:37:58<48:24,  7.81s/it]
PPSurf + Mesh→PC:  93%|█████████▎| 4647/5018 [10:38:06<48:18,  7.81s/it]
PPSurf + Mesh→PC:  93%|█████████▎| 4648/5018 [10:38:13<47:24,  7.69s/it]
PPSurf + Mesh→PC:  93%|█████████▎| 4649/5018 [10:38:21<47:50,  7.78s/it]
PPSurf + Mesh→PC:  93%|█████████▎| 4650/5018 [10:38:29<47:44,  7.78s/it]
PPSurf + Mesh→PC:  93%|█████████▎| 4651/5018 [10:38:37<48:02,  7.86s/it]
PPSurf + Mesh→PC:  93%|█████████▎| 4652/5018 [10:38:45<47:31,  7.79s/it]
PPSurf + Mesh→PC:  93%|█████████▎| 4653/5018 [10:38:53<47:27,  7.80s/it]
PPSurf + Mesh→PC:  93%|█████████▎| 4654/5018 [10:39:00<47:05,  7.76s/it]
PPSurf + Mesh→PC:  93%|█████████▎| 4655/5018 [10:39:08<46:33,  7.69s/it]
PPSurf + Mesh→PC:  93%|█████████▎| 4656/5018 [10:39:16<46:46,  7.75s/it]
PPSurf + Mesh→PC:  93%|█████████▎| 4657/5018 [10:39:23<46:44,  7.77s/it]
PPSurf + Mesh→PC:  93%|█████████▎| 4658/5018 [10:39:31<46:31,  7.75s/it]
PPSurf + Mesh→PC:  93%|█████████▎| 4659/5018 [10:39:39<46:28,  7.77s/it]
PPSurf + Mesh→PC:  93%|█████████▎| 4660/5018 [10:39:47<46:00,  7.71s/it]
PPSurf + Mesh→PC:  93%|█████████▎| 4661/5018 [10:39:55<46:28,  7.81s/it]
PPSurf + Mesh→PC:  93%|█████████▎| 4662/5018 [10:40:02<46:11,  7.79s/it]
PPSurf + Mesh→PC:  93%|█████████▎| 4663/5018 [10:40:10<46:39,  7.89s/it]
PPSurf + Mesh→PC:  93%|█████████▎| 4664/5018 [10:40:18<46:03,  7.81s/it]
PPSurf + Mesh→PC:  93%|█████████▎| 4665/5018 [10:40:26<45:34,  7.75s/it]
PPSurf + Mesh→PC:  93%|█████████▎| 4666/5018 [10:40:34<45:44,  7.80s/it]
PPSurf + Mesh→PC:  93%|█████████▎| 4667/5018 [10:40:42<46:17,  7.91s/it]
PPSurf + Mesh→PC:  93%|█████████▎| 4668/5018 [10:40:49<45:42,  7.84s/it]
PPSurf + Mesh→PC:  93%|█████████▎| 4669/5018 [10:40:57<45:44,  7.86s/it]
PPSurf + Mesh→PC:  93%|█████████▎| 4670/5018 [10:41:05<44:42,  7.71s/it]
PPSurf + Mesh→PC:  93%|█████████▎| 4671/5018 [10:41:13<44:56,  7.77s/it]
PPSurf + Mesh→PC:  93%|█████████▎| 4672/5018 [10:41:20<44:35,  7.73s/it]
PPSurf + Mesh→PC:  93%|█████████▎| 4673/5018 [10:41:28<44:45,  7.78s/it]
PPSurf + Mesh→PC:  93%|█████████▎| 4674/5018 [10:41:36<44:16,  7.72s/it]
PPSurf + Mesh→PC:  93%|█████████▎| 4675/5018 [10:41:44<44:27,  7.78s/it]
PPSurf + Mesh→PC:  93%|█████████▎| 4676/5018 [10:41:52<44:26,  7.80s/it]
PPSurf + Mesh→PC:  93%|█████████▎| 4677/5018 [10:41:59<44:08,  7.77s/it]
PPSurf + Mesh→PC:  93%|█████████▎| 4678/5018 [10:42:07<44:18,  7.82s/it]
PPSurf + Mesh→PC:  93%|█████████▎| 4679/5018 [10:42:15<44:07,  7.81s/it]
PPSurf + Mesh→PC:  93%|█████████▎| 4680/5018 [10:42:22<43:15,  7.68s/it]
PPSurf + Mesh→PC:  93%|█████████▎| 4681/5018 [10:42:30<43:46,  7.79s/it]
PPSurf + Mesh→PC:  93%|█████████▎| 4682/5018 [10:42:38<43:21,  7.74s/it]
PPSurf + Mesh→PC:  93%|█████████▎| 4683/5018 [10:42:46<43:19,  7.76s/it]
PPSurf + Mesh→PC:  93%|█████████▎| 4684/5018 [10:42:54<43:37,  7.84s/it]
PPSurf + Mesh→PC:  93%|█████████▎| 4685/5018 [10:43:02<43:49,  7.90s/it]
PPSurf + Mesh→PC:  93%|█████████▎| 4686/5018 [10:43:10<43:41,  7.90s/it]
PPSurf + Mesh→PC:  93%|█████████▎| 4687/5018 [10:43:18<43:37,  7.91s/it]
PPSurf + Mesh→PC:  93%|█████████▎| 4688/5018 [10:43:26<43:37,  7.93s/it]
PPSurf + Mesh→PC:  93%|█████████▎| 4689/5018 [10:43:33<43:12,  7.88s/it]
PPSurf + Mesh→PC:  93%|█████████▎| 4690/5018 [10:43:41<43:21,  7.93s/it]
PPSurf + Mesh→PC:  93%|█████████▎| 4691/5018 [10:43:49<42:30,  7.80s/it]
PPSurf + Mesh→PC:  94%|█████████▎| 4692/5018 [10:43:57<42:55,  7.90s/it]
PPSurf + Mesh→PC:  94%|█████████▎| 4693/5018 [10:44:05<42:11,  7.79s/it]
PPSurf + Mesh→PC:  94%|█████████▎| 4694/5018 [10:44:13<42:21,  7.84s/it]
PPSurf + Mesh→PC:  94%|█████████▎| 4695/5018 [10:44:20<42:10,  7.83s/it]
PPSurf + Mesh→PC:  94%|█████████▎| 4696/5018 [10:44:28<41:56,  7.82s/it]
PPSurf + Mesh→PC:  94%|█████████▎| 4697/5018 [10:44:36<41:42,  7.80s/it]
PPSurf + Mesh→PC:  94%|█████████▎| 4698/5018 [10:44:44<42:01,  7.88s/it]
PPSurf + Mesh→PC:  94%|█████████▎| 4699/5018 [10:44:52<41:34,  7.82s/it]
PPSurf + Mesh→PC:  94%|█████████▎| 4700/5018 [10:44:59<40:56,  7.72s/it]
PPSurf + Mesh→PC:  94%|█████████▎| 4701/5018 [10:45:07<40:45,  7.72s/it]
PPSurf + Mesh→PC:  94%|█████████▎| 4702/5018 [10:45:15<40:50,  7.75s/it]
PPSurf + Mesh→PC:  94%|█████████▎| 4703/5018 [10:45:22<40:34,  7.73s/it]
PPSurf + Mesh→PC:  94%|█████████▎| 4704/5018 [10:45:30<40:37,  7.76s/it]
PPSurf + Mesh→PC:  94%|█████████▍| 4705/5018 [10:45:38<40:51,  7.83s/it]
PPSurf + Mesh→PC:  94%|█████████▍| 4706/5018 [10:45:46<41:01,  7.89s/it]
PPSurf + Mesh→PC:  94%|█████████▍| 4707/5018 [10:45:54<39:57,  7.71s/it]
PPSurf + Mesh→PC:  94%|█████████▍| 4708/5018 [10:46:01<39:33,  7.66s/it]
PPSurf + Mesh→PC:  94%|█████████▍| 4709/5018 [10:46:08<38:53,  7.55s/it]
PPSurf + Mesh→PC:  94%|█████████▍| 4710/5018 [10:46:16<38:41,  7.54s/it]
PPSurf + Mesh→PC:  94%|█████████▍| 4711/5018 [10:46:24<38:42,  7.57s/it]
PPSurf + Mesh→PC:  94%|█████████▍| 4712/5018 [10:46:31<38:21,  7.52s/it]
PPSurf + Mesh→PC:  94%|█████████▍| 4713/5018 [10:46:38<38:06,  7.50s/it]
PPSurf + Mesh→PC:  94%|█████████▍| 4714/5018 [10:46:46<37:59,  7.50s/it]
PPSurf + Mesh→PC:  94%|█████████▍| 4715/5018 [10:46:53<37:34,  7.44s/it]
PPSurf + Mesh→PC:  94%|█████████▍| 4716/5018 [10:47:01<37:17,  7.41s/it]
PPSurf + Mesh→PC:  94%|█████████▍| 4717/5018 [10:47:08<37:14,  7.42s/it]
PPSurf + Mesh→PC:  94%|█████████▍| 4718/5018 [10:47:15<36:56,  7.39s/it]
PPSurf + Mesh→PC:  94%|█████████▍| 4719/5018 [10:47:23<36:41,  7.36s/it]
PPSurf + Mesh→PC:  94%|█████████▍| 4720/5018 [10:47:30<37:08,  7.48s/it]
PPSurf + Mesh→PC:  94%|█████████▍| 4721/5018 [10:47:52<57:40, 11.65s/it]
PPSurf + Mesh→PC:  94%|█████████▍| 4722/5018 [10:47:59<51:33, 10.45s/it]
PPSurf + Mesh→PC:  94%|█████████▍| 4723/5018 [10:48:07<46:56,  9.55s/it]
PPSurf + Mesh→PC:  94%|█████████▍| 4724/5018 [10:48:15<44:27,  9.07s/it]
PPSurf + Mesh→PC:  94%|█████████▍| 4725/5018 [10:48:23<42:17,  8.66s/it]
PPSurf + Mesh→PC:  94%|█████████▍| 4726/5018 [10:48:30<40:30,  8.32s/it]
PPSurf + Mesh→PC:  94%|█████████▍| 4727/5018 [10:48:38<39:50,  8.21s/it]
PPSurf + Mesh→PC:  94%|█████████▍| 4728/5018 [10:48:46<38:46,  8.02s/it]
PPSurf + Mesh→PC:  94%|█████████▍| 4729/5018 [10:48:53<37:36,  7.81s/it]
PPSurf + Mesh→PC:  94%|█████████▍| 4730/5018 [10:49:00<36:43,  7.65s/it]
PPSurf + Mesh→PC:  94%|█████████▍| 4731/5018 [10:49:08<36:23,  7.61s/it]
PPSurf + Mesh→PC:  94%|█████████▍| 4732/5018 [10:49:15<36:21,  7.63s/it]
PPSurf + Mesh→PC:  94%|█████████▍| 4733/5018 [10:49:23<35:58,  7.57s/it]
PPSurf + Mesh→PC:  94%|█████████▍| 4734/5018 [10:49:30<35:47,  7.56s/it]
PPSurf + Mesh→PC:  94%|█████████▍| 4735/5018 [10:49:38<35:50,  7.60s/it]
PPSurf + Mesh→PC:  94%|█████████▍| 4736/5018 [10:49:46<35:42,  7.60s/it]
PPSurf + Mesh→PC:  94%|█████████▍| 4737/5018 [10:49:53<35:11,  7.51s/it]
PPSurf + Mesh→PC:  94%|█████████▍| 4738/5018 [10:50:00<35:05,  7.52s/it]
PPSurf + Mesh→PC:  94%|█████████▍| 4739/5018 [10:50:08<35:01,  7.53s/it]
PPSurf + Mesh→PC:  94%|█████████▍| 4740/5018 [10:50:22<43:18,  9.35s/it]
PPSurf + Mesh→PC:  94%|█████████▍| 4741/5018 [10:50:29<40:06,  8.69s/it]
PPSurf + Mesh→PC:  94%|█████████▍| 4742/5018 [10:50:36<37:45,  8.21s/it]
PPSurf + Mesh→PC:  95%|█████████▍| 4743/5018 [10:50:43<36:39,  8.00s/it]
PPSurf + Mesh→PC:  95%|█████████▍| 4744/5018 [10:50:51<35:40,  7.81s/it]
PPSurf + Mesh→PC:  95%|█████████▍| 4745/5018 [10:50:59<35:48,  7.87s/it]
PPSurf + Mesh→PC:  95%|█████████▍| 4746/5018 [10:51:06<35:30,  7.83s/it]
PPSurf + Mesh→PC:  95%|█████████▍| 4747/5018 [10:51:14<35:20,  7.82s/it]
PPSurf + Mesh→PC:  95%|█████████▍| 4748/5018 [10:51:22<34:37,  7.70s/it]
PPSurf + Mesh→PC:  95%|█████████▍| 4749/5018 [10:51:29<34:25,  7.68s/it]
PPSurf + Mesh→PC:  95%|█████████▍| 4750/5018 [10:51:44<43:10,  9.67s/it]
PPSurf + Mesh→PC:  95%|█████████▍| 4751/5018 [10:51:51<39:53,  8.97s/it]
PPSurf + Mesh→PC:  95%|█████████▍| 4752/5018 [10:51:59<37:56,  8.56s/it]
PPSurf + Mesh→PC:  95%|█████████▍| 4753/5018 [10:52:06<36:55,  8.36s/it]
PPSurf + Mesh→PC:  95%|█████████▍| 4754/5018 [10:52:14<35:53,  8.16s/it]
PPSurf + Mesh→PC:  95%|█████████▍| 4755/5018 [10:52:22<34:45,  7.93s/it]
PPSurf + Mesh→PC:  95%|█████████▍| 4756/5018 [10:52:29<34:17,  7.85s/it]
PPSurf + Mesh→PC:  95%|█████████▍| 4757/5018 [10:52:37<33:33,  7.71s/it]
PPSurf + Mesh→PC:  95%|█████████▍| 4758/5018 [10:52:44<33:08,  7.65s/it]
PPSurf + Mesh→PC:  95%|█████████▍| 4759/5018 [10:52:52<33:10,  7.69s/it]
PPSurf + Mesh→PC:  95%|█████████▍| 4760/5018 [10:53:00<33:13,  7.73s/it]
PPSurf + Mesh→PC:  95%|█████████▍| 4761/5018 [10:53:07<32:54,  7.68s/it]
PPSurf + Mesh→PC:  95%|█████████▍| 4762/5018 [10:53:15<32:46,  7.68s/it]
PPSurf + Mesh→PC:  95%|█████████▍| 4763/5018 [10:53:23<32:29,  7.64s/it]
PPSurf + Mesh→PC:  95%|█████████▍| 4764/5018 [10:53:30<32:09,  7.60s/it]
PPSurf + Mesh→PC:  95%|█████████▍| 4765/5018 [10:53:37<31:50,  7.55s/it]
PPSurf + Mesh→PC:  95%|█████████▍| 4766/5018 [10:53:45<31:28,  7.49s/it]
PPSurf + Mesh→PC:  95%|█████████▍| 4767/5018 [10:53:52<31:33,  7.54s/it]
PPSurf + Mesh→PC:  95%|█████████▌| 4768/5018 [10:54:00<31:35,  7.58s/it]
PPSurf + Mesh→PC:  95%|█████████▌| 4769/5018 [10:54:08<31:23,  7.56s/it]
PPSurf + Mesh→PC:  95%|█████████▌| 4770/5018 [10:54:16<31:37,  7.65s/it]
PPSurf + Mesh→PC:  95%|█████████▌| 4771/5018 [10:54:23<31:22,  7.62s/it]
PPSurf + Mesh→PC:  95%|█████████▌| 4772/5018 [10:54:30<30:55,  7.54s/it]
PPSurf + Mesh→PC:  95%|█████████▌| 4773/5018 [10:54:38<30:34,  7.49s/it]
PPSurf + Mesh→PC:  95%|█████████▌| 4774/5018 [10:54:45<30:37,  7.53s/it]
PPSurf + Mesh→PC:  95%|█████████▌| 4775/5018 [10:54:53<30:20,  7.49s/it]
PPSurf + Mesh→PC:  95%|█████████▌| 4776/5018 [10:55:00<30:18,  7.52s/it]
PPSurf + Mesh→PC:  95%|█████████▌| 4777/5018 [10:55:08<30:10,  7.51s/it]
PPSurf + Mesh→PC:  95%|█████████▌| 4778/5018 [10:55:16<30:24,  7.60s/it]
PPSurf + Mesh→PC:  95%|█████████▌| 4779/5018 [10:55:23<30:14,  7.59s/it]
PPSurf + Mesh→PC:  95%|█████████▌| 4780/5018 [10:55:31<30:11,  7.61s/it]
PPSurf + Mesh→PC:  95%|█████████▌| 4781/5018 [10:55:38<29:39,  7.51s/it]
PPSurf + Mesh→PC:  95%|█████████▌| 4782/5018 [10:55:46<29:39,  7.54s/it]
PPSurf + Mesh→PC:  95%|█████████▌| 4783/5018 [10:55:53<29:41,  7.58s/it]
PPSurf + Mesh→PC:  95%|█████████▌| 4784/5018 [10:56:01<29:31,  7.57s/it]
PPSurf + Mesh→PC:  95%|█████████▌| 4785/5018 [10:56:09<29:24,  7.57s/it]
PPSurf + Mesh→PC:  95%|█████████▌| 4786/5018 [10:56:16<29:21,  7.59s/it]
PPSurf + Mesh→PC:  95%|█████████▌| 4787/5018 [10:56:24<29:19,  7.62s/it]
PPSurf + Mesh→PC:  95%|█████████▌| 4788/5018 [10:56:31<29:06,  7.59s/it]
PPSurf + Mesh→PC:  95%|█████████▌| 4789/5018 [10:56:39<28:34,  7.49s/it]
PPSurf + Mesh→PC:  95%|█████████▌| 4790/5018 [10:56:46<28:40,  7.55s/it]
PPSurf + Mesh→PC:  95%|█████████▌| 4791/5018 [10:56:54<28:21,  7.50s/it]
PPSurf + Mesh→PC:  95%|█████████▌| 4792/5018 [10:57:01<28:25,  7.55s/it]
PPSurf + Mesh→PC:  96%|█████████▌| 4793/5018 [10:57:09<28:18,  7.55s/it]
PPSurf + Mesh→PC:  96%|█████████▌| 4794/5018 [10:57:16<27:58,  7.49s/it]
PPSurf + Mesh→PC:  96%|█████████▌| 4795/5018 [10:57:24<27:51,  7.50s/it]
PPSurf + Mesh→PC:  96%|█████████▌| 4796/5018 [10:57:31<27:46,  7.51s/it]
PPSurf + Mesh→PC:  96%|█████████▌| 4797/5018 [10:57:39<27:31,  7.47s/it]
PPSurf + Mesh→PC:  96%|█████████▌| 4798/5018 [10:57:46<27:32,  7.51s/it]
PPSurf + Mesh→PC:  96%|█████████▌| 4799/5018 [10:57:54<27:19,  7.49s/it]
PPSurf + Mesh→PC:  96%|█████████▌| 4800/5018 [10:58:02<27:38,  7.61s/it]
PPSurf + Mesh→PC:  96%|█████████▌| 4801/5018 [10:58:09<27:32,  7.61s/it]
PPSurf + Mesh→PC:  96%|█████████▌| 4802/5018 [10:58:17<27:29,  7.64s/it]
PPSurf + Mesh→PC:  96%|█████████▌| 4803/5018 [10:58:24<27:06,  7.56s/it]
PPSurf + Mesh→PC:  96%|█████████▌| 4804/5018 [10:58:32<26:46,  7.51s/it]
PPSurf + Mesh→PC:  96%|█████████▌| 4805/5018 [10:58:39<26:42,  7.53s/it]
PPSurf + Mesh→PC:  96%|█████████▌| 4806/5018 [10:58:47<26:36,  7.53s/it]
PPSurf + Mesh→PC:  96%|█████████▌| 4807/5018 [10:58:55<26:35,  7.56s/it]
PPSurf + Mesh→PC:  96%|█████████▌| 4808/5018 [10:59:02<26:07,  7.46s/it]
PPSurf + Mesh→PC:  96%|█████████▌| 4809/5018 [10:59:09<26:05,  7.49s/it]
PPSurf + Mesh→PC:  96%|█████████▌| 4810/5018 [10:59:17<26:01,  7.51s/it]
PPSurf + Mesh→PC:  96%|█████████▌| 4811/5018 [10:59:25<26:25,  7.66s/it]
PPSurf + Mesh→PC:  96%|█████████▌| 4812/5018 [10:59:33<26:17,  7.66s/it]
PPSurf + Mesh→PC:  96%|█████████▌| 4813/5018 [10:59:40<25:58,  7.60s/it]
PPSurf + Mesh→PC:  96%|█████████▌| 4814/5018 [10:59:48<25:59,  7.64s/it]
PPSurf + Mesh→PC:  96%|█████████▌| 4815/5018 [10:59:55<25:46,  7.62s/it]
PPSurf + Mesh→PC:  96%|█████████▌| 4816/5018 [11:00:03<25:41,  7.63s/it]
PPSurf + Mesh→PC:  96%|█████████▌| 4817/5018 [11:00:10<25:22,  7.57s/it]
PPSurf + Mesh→PC:  96%|█████████▌| 4818/5018 [11:00:18<25:08,  7.54s/it]
PPSurf + Mesh→PC:  96%|█████████▌| 4819/5018 [11:00:25<25:01,  7.55s/it]
PPSurf + Mesh→PC:  96%|█████████▌| 4820/5018 [11:00:33<24:47,  7.51s/it]
PPSurf + Mesh→PC:  96%|█████████▌| 4821/5018 [11:00:40<24:43,  7.53s/it]
PPSurf + Mesh→PC:  96%|█████████▌| 4822/5018 [11:00:48<24:42,  7.56s/it]
PPSurf + Mesh→PC:  96%|█████████▌| 4823/5018 [11:00:55<24:21,  7.50s/it]
PPSurf + Mesh→PC:  96%|█████████▌| 4824/5018 [11:01:03<24:25,  7.55s/it]
PPSurf + Mesh→PC:  96%|█████████▌| 4825/5018 [11:01:11<24:38,  7.66s/it]
PPSurf + Mesh→PC:  96%|█████████▌| 4826/5018 [11:01:18<24:19,  7.60s/it]
PPSurf + Mesh→PC:  96%|█████████▌| 4827/5018 [11:01:26<24:06,  7.57s/it]
PPSurf + Mesh→PC:  96%|█████████▌| 4828/5018 [11:01:34<24:09,  7.63s/it]
PPSurf + Mesh→PC:  96%|█████████▌| 4829/5018 [11:01:41<23:46,  7.55s/it]
PPSurf + Mesh→PC:  96%|█████████▋| 4830/5018 [11:01:49<23:31,  7.51s/it]
PPSurf + Mesh→PC:  96%|█████████▋| 4831/5018 [11:01:56<23:27,  7.53s/it]
PPSurf + Mesh→PC:  96%|█████████▋| 4832/5018 [11:02:03<23:12,  7.49s/it]
PPSurf + Mesh→PC:  96%|█████████▋| 4833/5018 [11:02:11<23:05,  7.49s/it]
PPSurf + Mesh→PC:  96%|█████████▋| 4834/5018 [11:02:19<23:08,  7.55s/it]
PPSurf + Mesh→PC:  96%|█████████▋| 4835/5018 [11:02:26<22:51,  7.50s/it]
PPSurf + Mesh→PC:  96%|█████████▋| 4836/5018 [11:02:34<22:59,  7.58s/it]
PPSurf + Mesh→PC:  96%|█████████▋| 4837/5018 [11:02:41<22:37,  7.50s/it]
PPSurf + Mesh→PC:  96%|█████████▋| 4838/5018 [11:02:49<22:38,  7.55s/it]
PPSurf + Mesh→PC:  96%|█████████▋| 4839/5018 [11:02:57<22:58,  7.70s/it]
PPSurf + Mesh→PC:  96%|█████████▋| 4840/5018 [11:03:04<22:33,  7.60s/it]
PPSurf + Mesh→PC:  96%|█████████▋| 4841/5018 [11:03:12<22:39,  7.68s/it]
PPSurf + Mesh→PC:  96%|█████████▋| 4842/5018 [11:03:20<22:39,  7.72s/it]
PPSurf + Mesh→PC:  97%|█████████▋| 4843/5018 [11:03:28<22:28,  7.70s/it]
PPSurf + Mesh→PC:  97%|█████████▋| 4844/5018 [11:03:35<22:09,  7.64s/it]
PPSurf + Mesh→PC:  97%|█████████▋| 4845/5018 [11:03:43<22:05,  7.66s/it]
PPSurf + Mesh→PC:  97%|█████████▋| 4846/5018 [11:03:50<21:54,  7.64s/it]
PPSurf + Mesh→PC:  97%|█████████▋| 4847/5018 [11:03:58<21:44,  7.63s/it]
PPSurf + Mesh→PC:  97%|█████████▋| 4848/5018 [11:04:05<21:31,  7.60s/it]
PPSurf + Mesh→PC:  97%|█████████▋| 4849/5018 [11:04:13<21:19,  7.57s/it]
PPSurf + Mesh→PC:  97%|█████████▋| 4850/5018 [11:04:21<21:39,  7.74s/it]
PPSurf + Mesh→PC:  97%|█████████▋| 4851/5018 [11:04:29<21:22,  7.68s/it]
PPSurf + Mesh→PC:  97%|█████████▋| 4852/5018 [11:04:36<21:21,  7.72s/it]
PPSurf + Mesh→PC:  97%|█████████▋| 4853/5018 [11:04:45<21:29,  7.81s/it]
PPSurf + Mesh→PC:  97%|█████████▋| 4854/5018 [11:04:52<21:21,  7.82s/it]
PPSurf + Mesh→PC:  97%|█████████▋| 4855/5018 [11:04:59<20:41,  7.62s/it]
PPSurf + Mesh→PC:  97%|█████████▋| 4856/5018 [11:05:07<20:36,  7.63s/it]
PPSurf + Mesh→PC:  97%|█████████▋| 4857/5018 [11:05:14<20:13,  7.54s/it]
PPSurf + Mesh→PC:  97%|█████████▋| 4858/5018 [11:05:22<19:59,  7.50s/it]
PPSurf + Mesh→PC:  97%|█████████▋| 4859/5018 [11:05:30<20:03,  7.57s/it]
PPSurf + Mesh→PC:  97%|█████████▋| 4860/5018 [11:05:37<19:51,  7.54s/it]
PPSurf + Mesh→PC:  97%|█████████▋| 4861/5018 [11:05:44<19:37,  7.50s/it]
PPSurf + Mesh→PC:  97%|█████████▋| 4862/5018 [11:05:52<19:45,  7.60s/it]
PPSurf + Mesh→PC:  97%|█████████▋| 4863/5018 [11:06:00<19:37,  7.59s/it]
PPSurf + Mesh→PC:  97%|█████████▋| 4864/5018 [11:06:08<19:34,  7.62s/it]
PPSurf + Mesh→PC:  97%|█████████▋| 4865/5018 [11:06:15<19:23,  7.60s/it]
PPSurf + Mesh→PC:  97%|█████████▋| 4866/5018 [11:06:23<19:12,  7.58s/it]
PPSurf + Mesh→PC:  97%|█████████▋| 4867/5018 [11:06:31<19:18,  7.67s/it]
PPSurf + Mesh→PC:  97%|█████████▋| 4868/5018 [11:06:38<19:01,  7.61s/it]
PPSurf + Mesh→PC:  97%|█████████▋| 4869/5018 [11:06:46<19:04,  7.68s/it]
PPSurf + Mesh→PC:  97%|█████████▋| 4870/5018 [11:06:54<18:59,  7.70s/it]
PPSurf + Mesh→PC:  97%|█████████▋| 4871/5018 [11:07:01<18:52,  7.70s/it]
PPSurf + Mesh→PC:  97%|█████████▋| 4872/5018 [11:07:09<18:41,  7.68s/it]
PPSurf + Mesh→PC:  97%|█████████▋| 4873/5018 [11:07:18<19:15,  7.97s/it]
PPSurf + Mesh→PC:  97%|█████████▋| 4874/5018 [11:07:25<18:49,  7.84s/it]
PPSurf + Mesh→PC:  97%|█████████▋| 4875/5018 [11:07:33<18:42,  7.85s/it]
PPSurf + Mesh→PC:  97%|█████████▋| 4876/5018 [11:07:41<18:28,  7.80s/it]
PPSurf + Mesh→PC:  97%|█████████▋| 4877/5018 [11:07:48<18:06,  7.70s/it]
PPSurf + Mesh→PC:  97%|█████████▋| 4878/5018 [11:07:56<17:51,  7.65s/it]
PPSurf + Mesh→PC:  97%|█████████▋| 4879/5018 [11:08:03<17:31,  7.57s/it]
PPSurf + Mesh→PC:  97%|█████████▋| 4880/5018 [11:08:10<17:16,  7.51s/it]
PPSurf + Mesh→PC:  97%|█████████▋| 4881/5018 [11:08:18<17:18,  7.58s/it]
PPSurf + Mesh→PC:  97%|█████████▋| 4882/5018 [11:08:26<17:09,  7.57s/it]
PPSurf + Mesh→PC:  97%|█████████▋| 4883/5018 [11:08:33<17:07,  7.61s/it]
PPSurf + Mesh→PC:  97%|█████████▋| 4884/5018 [11:08:41<17:00,  7.62s/it]
PPSurf + Mesh→PC:  97%|█████████▋| 4885/5018 [11:08:49<16:47,  7.57s/it]
PPSurf + Mesh→PC:  97%|█████████▋| 4886/5018 [11:08:56<16:47,  7.64s/it]
PPSurf + Mesh→PC:  97%|█████████▋| 4887/5018 [11:09:04<16:32,  7.58s/it]
PPSurf + Mesh→PC:  97%|█████████▋| 4888/5018 [11:09:11<16:20,  7.55s/it]
PPSurf + Mesh→PC:  97%|█████████▋| 4889/5018 [11:09:19<16:38,  7.74s/it]
PPSurf + Mesh→PC:  97%|█████████▋| 4890/5018 [11:09:27<16:32,  7.75s/it]
PPSurf + Mesh→PC:  97%|█████████▋| 4891/5018 [11:09:35<16:18,  7.70s/it]
PPSurf + Mesh→PC:  97%|█████████▋| 4892/5018 [11:09:43<16:12,  7.72s/it]
PPSurf + Mesh→PC:  98%|█████████▊| 4893/5018 [11:09:50<16:02,  7.70s/it]
PPSurf + Mesh→PC:  98%|█████████▊| 4894/5018 [11:09:58<15:56,  7.71s/it]
PPSurf + Mesh→PC:  98%|█████████▊| 4895/5018 [11:10:05<15:40,  7.65s/it]
PPSurf + Mesh→PC:  98%|█████████▊| 4896/5018 [11:10:13<15:35,  7.67s/it]
PPSurf + Mesh→PC:  98%|█████████▊| 4897/5018 [11:10:21<15:26,  7.65s/it]
PPSurf + Mesh→PC:  98%|█████████▊| 4898/5018 [11:10:28<15:18,  7.65s/it]
PPSurf + Mesh→PC:  98%|█████████▊| 4899/5018 [11:10:36<15:11,  7.66s/it]
PPSurf + Mesh→PC:  98%|█████████▊| 4900/5018 [11:10:44<15:23,  7.83s/it]
PPSurf + Mesh→PC:  98%|█████████▊| 4901/5018 [11:10:52<15:08,  7.77s/it]
PPSurf + Mesh→PC:  98%|█████████▊| 4902/5018 [11:10:59<14:49,  7.67s/it]
PPSurf + Mesh→PC:  98%|█████████▊| 4903/5018 [11:11:08<14:56,  7.80s/it]
PPSurf + Mesh→PC:  98%|█████████▊| 4904/5018 [11:11:15<14:30,  7.64s/it]
PPSurf + Mesh→PC:  98%|█████████▊| 4905/5018 [11:11:22<14:20,  7.61s/it]
PPSurf + Mesh→PC:  98%|█████████▊| 4906/5018 [11:11:30<14:09,  7.58s/it]
PPSurf + Mesh→PC:  98%|█████████▊| 4907/5018 [11:11:37<14:01,  7.58s/it]
PPSurf + Mesh→PC:  98%|█████████▊| 4908/5018 [11:11:45<13:47,  7.52s/it]
PPSurf + Mesh→PC:  98%|█████████▊| 4909/5018 [11:11:53<13:46,  7.58s/it]
PPSurf + Mesh→PC:  98%|█████████▊| 4910/5018 [11:12:00<13:27,  7.48s/it]
PPSurf + Mesh→PC:  98%|█████████▊| 4911/5018 [11:12:07<13:24,  7.52s/it]
PPSurf + Mesh→PC:  98%|█████████▊| 4912/5018 [11:12:15<13:14,  7.50s/it]
PPSurf + Mesh→PC:  98%|█████████▊| 4913/5018 [11:12:23<13:16,  7.58s/it]
PPSurf + Mesh→PC:  98%|█████████▊| 4914/5018 [11:12:30<13:08,  7.58s/it]
PPSurf + Mesh→PC:  98%|█████████▊| 4915/5018 [11:12:38<13:07,  7.64s/it]
PPSurf + Mesh→PC:  98%|█████████▊| 4916/5018 [11:12:46<13:00,  7.65s/it]
PPSurf + Mesh→PC:  98%|█████████▊| 4917/5018 [11:12:54<13:02,  7.74s/it]
PPSurf + Mesh→PC:  98%|█████████▊| 4918/5018 [11:13:01<12:50,  7.71s/it]
PPSurf + Mesh→PC:  98%|█████████▊| 4919/5018 [11:13:09<12:43,  7.71s/it]
PPSurf + Mesh→PC:  98%|█████████▊| 4920/5018 [11:13:17<12:40,  7.76s/it]
PPSurf + Mesh→PC:  98%|█████████▊| 4921/5018 [11:13:24<12:26,  7.70s/it]
PPSurf + Mesh→PC:  98%|█████████▊| 4922/5018 [11:13:32<12:11,  7.62s/it]
PPSurf + Mesh→PC:  98%|█████████▊| 4923/5018 [11:13:39<11:58,  7.57s/it]
PPSurf + Mesh→PC:  98%|█████████▊| 4924/5018 [11:13:47<11:53,  7.59s/it]
PPSurf + Mesh→PC:  98%|█████████▊| 4925/5018 [11:13:54<11:43,  7.57s/it]
PPSurf + Mesh→PC:  98%|█████████▊| 4926/5018 [11:14:02<11:45,  7.67s/it]
PPSurf + Mesh→PC:  98%|█████████▊| 4927/5018 [11:14:10<11:33,  7.63s/it]
PPSurf + Mesh→PC:  98%|█████████▊| 4928/5018 [11:14:18<11:41,  7.79s/it]
PPSurf + Mesh→PC:  98%|█████████▊| 4929/5018 [11:14:26<11:30,  7.76s/it]
PPSurf + Mesh→PC:  98%|█████████▊| 4930/5018 [11:14:33<11:12,  7.64s/it]
PPSurf + Mesh→PC:  98%|█████████▊| 4931/5018 [11:14:41<11:06,  7.66s/it]
PPSurf + Mesh→PC:  98%|█████████▊| 4932/5018 [11:14:48<10:58,  7.66s/it]
PPSurf + Mesh→PC:  98%|█████████▊| 4933/5018 [11:14:56<10:50,  7.66s/it]
PPSurf + Mesh→PC:  98%|█████████▊| 4934/5018 [11:15:04<10:40,  7.63s/it]
PPSurf + Mesh→PC:  98%|█████████▊| 4935/5018 [11:15:12<10:38,  7.70s/it]
PPSurf + Mesh→PC:  98%|█████████▊| 4936/5018 [11:15:19<10:32,  7.71s/it]
PPSurf + Mesh→PC:  98%|█████████▊| 4937/5018 [11:15:27<10:26,  7.74s/it]
PPSurf + Mesh→PC:  98%|█████████▊| 4938/5018 [11:15:35<10:14,  7.68s/it]
PPSurf + Mesh→PC:  98%|█████████▊| 4939/5018 [11:15:42<10:08,  7.71s/it]
PPSurf + Mesh→PC:  98%|█████████▊| 4940/5018 [11:15:50<09:54,  7.63s/it]
PPSurf + Mesh→PC:  98%|█████████▊| 4941/5018 [11:15:58<09:52,  7.70s/it]
PPSurf + Mesh→PC:  98%|█████████▊| 4942/5018 [11:16:06<09:51,  7.78s/it]
PPSurf + Mesh→PC:  99%|█████████▊| 4943/5018 [11:16:13<09:41,  7.76s/it]
PPSurf + Mesh→PC:  99%|█████████▊| 4944/5018 [11:16:21<09:30,  7.71s/it]
PPSurf + Mesh→PC:  99%|█████████▊| 4945/5018 [11:16:28<09:18,  7.65s/it]
PPSurf + Mesh→PC:  99%|█████████▊| 4946/5018 [11:16:36<09:09,  7.64s/it]
PPSurf + Mesh→PC:  99%|█████████▊| 4947/5018 [11:16:43<08:53,  7.52s/it]
PPSurf + Mesh→PC:  99%|█████████▊| 4948/5018 [11:16:51<08:44,  7.49s/it]
PPSurf + Mesh→PC:  99%|█████████▊| 4949/5018 [11:16:59<08:46,  7.64s/it]
PPSurf + Mesh→PC:  99%|█████████▊| 4950/5018 [11:17:06<08:37,  7.61s/it]
PPSurf + Mesh→PC:  99%|█████████▊| 4951/5018 [11:17:14<08:33,  7.66s/it]
PPSurf + Mesh→PC:  99%|█████████▊| 4952/5018 [11:17:22<08:23,  7.63s/it]
PPSurf + Mesh→PC:  99%|█████████▊| 4953/5018 [11:17:29<08:17,  7.66s/it]
PPSurf + Mesh→PC:  99%|█████████▊| 4954/5018 [11:17:37<08:07,  7.62s/it]
PPSurf + Mesh→PC:  99%|█████████▊| 4955/5018 [11:17:45<08:06,  7.73s/it]
PPSurf + Mesh→PC:  99%|█████████▉| 4956/5018 [11:17:52<07:51,  7.61s/it]
PPSurf + Mesh→PC:  99%|█████████▉| 4957/5018 [11:18:00<07:44,  7.62s/it]
PPSurf + Mesh→PC:  99%|█████████▉| 4958/5018 [11:18:08<07:39,  7.66s/it]
PPSurf + Mesh→PC:  99%|█████████▉| 4959/5018 [11:18:15<07:27,  7.58s/it]
PPSurf + Mesh→PC:  99%|█████████▉| 4960/5018 [11:18:23<07:21,  7.61s/it]
PPSurf + Mesh→PC:  99%|█████████▉| 4961/5018 [11:18:30<07:09,  7.54s/it]
PPSurf + Mesh→PC:  99%|█████████▉| 4962/5018 [11:18:37<07:01,  7.53s/it]
PPSurf + Mesh→PC:  99%|█████████▉| 4963/5018 [11:18:45<06:51,  7.47s/it]
PPSurf + Mesh→PC:  99%|█████████▉| 4964/5018 [11:18:52<06:40,  7.42s/it]
PPSurf + Mesh→PC:  99%|█████████▉| 4965/5018 [11:19:00<06:36,  7.49s/it]
PPSurf + Mesh→PC:  99%|█████████▉| 4966/5018 [11:19:08<06:35,  7.62s/it]
PPSurf + Mesh→PC:  99%|█████████▉| 4967/5018 [11:19:16<06:32,  7.69s/it]
PPSurf + Mesh→PC:  99%|█████████▉| 4968/5018 [11:19:23<06:22,  7.65s/it]
PPSurf + Mesh→PC:  99%|█████████▉| 4969/5018 [11:19:31<06:12,  7.60s/it]
PPSurf + Mesh→PC:  99%|█████████▉| 4970/5018 [11:19:38<06:05,  7.62s/it]
PPSurf + Mesh→PC:  99%|█████████▉| 4971/5018 [11:19:46<05:53,  7.53s/it]
PPSurf + Mesh→PC:  99%|█████████▉| 4972/5018 [11:19:53<05:45,  7.52s/it]
PPSurf + Mesh→PC:  99%|█████████▉| 4973/5018 [11:20:01<05:38,  7.52s/it]
PPSurf + Mesh→PC:  99%|█████████▉| 4974/5018 [11:20:08<05:33,  7.58s/it]
PPSurf + Mesh→PC:  99%|█████████▉| 4975/5018 [11:20:16<05:27,  7.63s/it]
PPSurf + Mesh→PC:  99%|█████████▉| 4976/5018 [11:20:23<05:17,  7.57s/it]
PPSurf + Mesh→PC:  99%|█████████▉| 4977/5018 [11:20:32<05:17,  7.74s/it]
PPSurf + Mesh→PC:  99%|█████████▉| 4978/5018 [11:20:39<05:08,  7.72s/it]
PPSurf + Mesh→PC:  99%|█████████▉| 4979/5018 [11:20:47<05:00,  7.71s/it]
PPSurf + Mesh→PC:  99%|█████████▉| 4980/5018 [11:20:55<04:51,  7.67s/it]
PPSurf + Mesh→PC:  99%|█████████▉| 4981/5018 [11:21:02<04:46,  7.75s/it]
PPSurf + Mesh→PC:  99%|█████████▉| 4982/5018 [11:21:10<04:34,  7.63s/it]
PPSurf + Mesh→PC:  99%|█████████▉| 4983/5018 [11:21:17<04:26,  7.61s/it]
PPSurf + Mesh→PC:  99%|█████████▉| 4984/5018 [11:21:25<04:17,  7.59s/it]
PPSurf + Mesh→PC:  99%|█████████▉| 4985/5018 [11:21:32<04:09,  7.55s/it]
PPSurf + Mesh→PC:  99%|█████████▉| 4986/5018 [11:21:40<04:02,  7.58s/it]
PPSurf + Mesh→PC:  99%|█████████▉| 4987/5018 [11:21:48<03:54,  7.56s/it]
PPSurf + Mesh→PC:  99%|█████████▉| 4988/5018 [11:21:56<03:51,  7.73s/it]
PPSurf + Mesh→PC:  99%|█████████▉| 4989/5018 [11:22:03<03:41,  7.63s/it]
PPSurf + Mesh→PC:  99%|█████████▉| 4990/5018 [11:22:11<03:36,  7.75s/it]
PPSurf + Mesh→PC:  99%|█████████▉| 4991/5018 [11:22:19<03:27,  7.68s/it]
PPSurf + Mesh→PC:  99%|█████████▉| 4992/5018 [11:22:26<03:19,  7.66s/it]
PPSurf + Mesh→PC: 100%|█████████▉| 4993/5018 [11:22:34<03:15,  7.83s/it]
PPSurf + Mesh→PC: 100%|█████████▉| 4994/5018 [11:22:43<03:10,  7.96s/it]
PPSurf + Mesh→PC: 100%|█████████▉| 4995/5018 [11:22:51<03:03,  7.97s/it]
PPSurf + Mesh→PC: 100%|█████████▉| 4996/5018 [11:22:59<02:57,  8.08s/it]
PPSurf + Mesh→PC: 100%|█████████▉| 4997/5018 [11:23:07<02:51,  8.15s/it]
PPSurf + Mesh→PC: 100%|█████████▉| 4998/5018 [11:23:16<02:43,  8.17s/it]
PPSurf + Mesh→PC: 100%|█████████▉| 4999/5018 [11:23:24<02:35,  8.20s/it]
PPSurf + Mesh→PC: 100%|█████████▉| 5000/5018 [11:23:32<02:27,  8.17s/it]
PPSurf + Mesh→PC: 100%|█████████▉| 5001/5018 [11:23:40<02:18,  8.17s/it]
PPSurf + Mesh→PC: 100%|█████████▉| 5002/5018 [11:23:48<02:10,  8.13s/it]
PPSurf + Mesh→PC: 100%|█████████▉| 5003/5018 [11:23:56<02:02,  8.14s/it]
PPSurf + Mesh→PC: 100%|█████████▉| 5004/5018 [11:24:04<01:52,  8.04s/it]
PPSurf + Mesh→PC: 100%|█████████▉| 5005/5018 [11:24:12<01:44,  8.04s/it]
PPSurf + Mesh→PC: 100%|█████████▉| 5006/5018 [11:24:21<01:37,  8.14s/it]
PPSurf + Mesh→PC: 100%|█████████▉| 5007/5018 [11:24:28<01:28,  8.04s/it]
PPSurf + Mesh→PC: 100%|█████████▉| 5008/5018 [11:24:37<01:20,  8.10s/it]
PPSurf + Mesh→PC: 100%|█████████▉| 5009/5018 [11:24:45<01:12,  8.06s/it]
PPSurf + Mesh→PC: 100%|█████████▉| 5010/5018 [11:24:53<01:04,  8.06s/it]
PPSurf + Mesh→PC: 100%|█████████▉| 5011/5018 [11:25:00<00:55,  7.97s/it]
PPSurf + Mesh→PC: 100%|█████████▉| 5012/5018 [11:25:09<00:48,  8.08s/it]
PPSurf + Mesh→PC: 100%|█████████▉| 5013/5018 [11:25:17<00:40,  8.06s/it]
PPSurf + Mesh→PC: 100%|█████████▉| 5014/5018 [11:25:25<00:32,  8.14s/it]
PPSurf + Mesh→PC: 100%|█████████▉| 5015/5018 [11:25:33<00:24,  8.06s/it]
PPSurf + Mesh→PC: 100%|█████████▉| 5016/5018 [11:25:41<00:15,  7.99s/it]
PPSurf + Mesh→PC: 100%|█████████▉| 5017/5018 [11:25:48<00:07,  7.91s/it]
PPSurf + Mesh→PC: 100%|██████████| 5018/5018 [11:25:57<00:00,  8.02s/it]
PPSurf + Mesh→PC: 100%|██████████| 5018/5018 [11:25:57<00:00,  8.20s/it]
Warning: No mesh found for /home/tepper/generative-point-cloud-completion/results/fixed/hybrid_full_no_noise/01_noisy/completion_3605.npy

============================================================
Step 5: Evaluation
============================================================

Computing CD:   0%|          | 0/5018 [00:00<?, ?it/s]
Computing CD:   0%|          | 1/5018 [00:00<30:42,  2.72it/s]
Computing CD:   2%|▏         | 76/5018 [00:00<00:23, 211.38it/s]
Computing CD:   3%|▎         | 152/5018 [00:00<00:13, 367.49it/s]
Computing CD:   5%|▍         | 228/5018 [00:00<00:09, 480.39it/s]
Computing CD:   6%|▌         | 294/5018 [00:00<00:13, 358.30it/s]
Computing CD:   7%|▋         | 345/5018 [00:01<00:12, 389.17it/s]
Computing CD:   8%|▊         | 396/5018 [00:01<00:14, 318.60it/s]
Computing CD:   9%|▉         | 472/5018 [00:01<00:11, 408.65it/s]
Computing CD:  11%|█         | 548/5018 [00:01<00:09, 487.63it/s]
Computing CD:  12%|█▏        | 624/5018 [00:01<00:07, 553.71it/s]
Computing CD:  14%|█▍        | 700/5018 [00:01<00:07, 607.00it/s]
Computing CD:  15%|█▌        | 777/5018 [00:01<00:06, 648.33it/s]
Computing CD:  17%|█▋        | 854/5018 [00:01<00:06, 679.69it/s]
Computing CD:  19%|█▊        | 930/5018 [00:01<00:05, 702.41it/s]
Computing CD:  20%|██        | 1006/5018 [00:02<00:05, 718.92it/s]
Computing CD:  22%|██▏       | 1083/5018 [00:02<00:05, 731.13it/s]
Computing CD:  23%|██▎       | 1158/5018 [00:02<00:06, 628.06it/s]
Computing CD:  24%|██▍       | 1225/5018 [00:02<00:08, 453.59it/s]
Computing CD:  26%|██▌       | 1280/5018 [00:02<00:10, 368.47it/s]
Computing CD:  27%|██▋       | 1355/5018 [00:02<00:08, 440.66it/s]
Computing CD:  29%|██▊       | 1431/5018 [00:03<00:07, 507.73it/s]
Computing CD:  30%|███       | 1507/5018 [00:03<00:06, 565.45it/s]
Computing CD:  32%|███▏      | 1583/5018 [00:03<00:05, 613.58it/s]
Computing CD:  33%|███▎      | 1659/5018 [00:03<00:05, 651.29it/s]
Computing CD:  35%|███▍      | 1735/5018 [00:03<00:04, 680.86it/s]
Computing CD:  36%|███▌      | 1811/5018 [00:03<00:04, 701.83it/s]
Computing CD:  38%|███▊      | 1887/5018 [00:03<00:04, 717.78it/s]
Computing CD:  39%|███▉      | 1961/5018 [00:03<00:05, 609.49it/s]
Computing CD:  40%|████      | 2027/5018 [00:04<00:06, 458.72it/s]
Computing CD:  41%|████▏     | 2081/5018 [00:04<00:08, 365.58it/s]
Computing CD:  43%|████▎     | 2157/5018 [00:04<00:06, 439.68it/s]
Computing CD:  44%|████▍     | 2233/5018 [00:04<00:05, 507.14it/s]
Computing CD:  46%|████▌     | 2309/5018 [00:04<00:04, 565.35it/s]
Computing CD:  48%|████▊     | 2385/5018 [00:04<00:04, 613.61it/s]
Computing CD:  49%|████▉     | 2461/5018 [00:04<00:03, 651.49it/s]
Computing CD:  51%|█████     | 2537/5018 [00:04<00:03, 680.61it/s]
Computing CD:  52%|█████▏    | 2613/5018 [00:04<00:03, 702.14it/s]
Computing CD:  54%|█████▎    | 2689/5018 [00:05<00:03, 718.26it/s]
Computing CD:  55%|█████▌    | 2765/5018 [00:05<00:03, 729.15it/s]
Computing CD:  57%|█████▋    | 2840/5018 [00:05<00:03, 595.66it/s]
Computing CD:  58%|█████▊    | 2905/5018 [00:05<00:04, 487.99it/s]
Computing CD:  59%|█████▉    | 2962/5018 [00:05<00:04, 503.90it/s]
Computing CD:  60%|██████    | 3018/5018 [00:05<00:05, 348.76it/s]
Computing CD:  61%|██████    | 3063/5018 [00:06<00:06, 297.81it/s]
Computing CD:  62%|██████▏   | 3101/5018 [00:06<00:06, 290.37it/s]
Computing CD:  62%|██████▏   | 3135/5018 [00:06<00:06, 279.38it/s]
Computing CD:  64%|██████▍   | 3212/5018 [00:06<00:04, 378.32it/s]
Computing CD:  65%|██████▌   | 3262/5018 [00:06<00:04, 403.71it/s]
Computing CD:  66%|██████▌   | 3308/5018 [00:06<00:05, 309.66it/s]
Computing CD:  67%|██████▋   | 3346/5018 [00:07<00:06, 268.03it/s]
Computing CD:  67%|██████▋   | 3379/5018 [00:07<00:06, 258.21it/s]
Computing CD:  68%|██████▊   | 3409/5018 [00:07<00:06, 232.43it/s]
Computing CD:  68%|██████▊   | 3435/5018 [00:07<00:07, 224.28it/s]
Computing CD:  69%|██████▉   | 3460/5018 [00:07<00:07, 215.85it/s]
Computing CD:  69%|██████▉   | 3483/5018 [00:07<00:07, 207.62it/s]
Computing CD:  70%|██████▉   | 3505/5018 [00:07<00:07, 199.83it/s]
Computing CD:  70%|███████   | 3526/5018 [00:08<00:07, 197.80it/s]
Computing CD:  71%|███████   | 3547/5018 [00:08<00:07, 199.41it/s]
Computing CD:  71%|███████   | 3568/5018 [00:08<00:07, 198.29it/s]
Computing CD:  73%|███████▎  | 3646/5018 [00:08<00:03, 353.59it/s]
Computing CD:  74%|███████▍  | 3723/5018 [00:08<00:02, 467.85it/s]
Computing CD:  76%|███████▌  | 3800/5018 [00:08<00:02, 552.08it/s]
Computing CD:  77%|███████▋  | 3878/5018 [00:08<00:01, 615.36it/s]
Computing CD:  79%|███████▉  | 3955/5018 [00:08<00:01, 660.16it/s]
Computing CD:  80%|████████  | 4032/5018 [00:08<00:01, 691.57it/s]
Computing CD:  82%|████████▏ | 4109/5018 [00:08<00:01, 714.11it/s]
Computing CD:  83%|████████▎ | 4186/5018 [00:09<00:01, 730.07it/s]
Computing CD:  85%|████████▍ | 4263/5018 [00:09<00:01, 741.08it/s]
Computing CD:  86%|████████▋ | 4340/5018 [00:09<00:00, 748.81it/s]
Computing CD:  88%|████████▊ | 4417/5018 [00:09<00:00, 753.82it/s]
Computing CD:  90%|████████▉ | 4494/5018 [00:09<00:00, 757.72it/s]
Computing CD:  91%|█████████ | 4571/5018 [00:09<00:00, 760.41it/s]
Computing CD:  93%|█████████▎| 4648/5018 [00:09<00:00, 762.09it/s]
Computing CD:  94%|█████████▍| 4725/5018 [00:09<00:00, 763.92it/s]
Computing CD:  96%|█████████▌| 4802/5018 [00:09<00:00, 765.08it/s]
Computing CD:  97%|█████████▋| 4879/5018 [00:10<00:00, 484.85it/s]
Computing CD:  98%|█████████▊| 4941/5018 [00:10<00:00, 378.91it/s]
Computing CD: 100%|█████████▉| 5011/5018 [00:10<00:00, 437.40it/s]
Computing CD: 100%|██████████| 5018/5018 [00:10<00:00, 476.23it/s]

============================================================
OVERALL RESULTS (5017/5018 samples)
============================================================
  CD-L1:  0.153279 (± 0.276817)
  CD-L2:  0.105570 (± 0.247538)

Category      Count        CD-L1        CD-L2
----------------------------------------------
chine_0        2184     0.013410     0.000370
chine_1         312     0.019180     0.000746
chine_2         312     0.027915     0.001552
chine_3          78     0.024023     0.001399

dutch_0         390     0.138005     0.030682
dutch_1         286     0.109043     0.020387
dutch_2          51     0.196858     0.054055
dutch_3         156     0.160100     0.036409
dutch_4          52     0.154167     0.039019

hung_0           26     0.722441     0.557770
hung_1           26     0.513175     0.315969
hung_2          130     0.865402     0.773314
hung_3          312     0.828001     0.714701
hung_4          104     0.861715     0.763245
hung_5           26     0.837499     0.738889
hung_6           52     0.694634     0.526490
hung_7           52     0.664989     0.514624

sncf_0          156     0.016713     0.000563
sncf_1           52     0.046951     0.007721
sncf_2          234     0.018736     0.001143
sncf_3           26     0.023606     0.001111

Superclass          CD-L1        CD-L2
--------------------------------------
chine            0.015889     0.000567
dutch            0.136942     0.030227
hung             0.803652     0.685387
sncf             0.021467     0.001679

MEAN             0.153279     0.105570

Saved results to results/fixed/hybrid_full_no_noise/evaluation_results.json
Saving sample .npy files (5 per category)...

Done!
